date,vent_vitesse_min_min,vent_vitesse_min_mean,vent_vitesse_max_max,vent_vitesse_max_mean,vent_rafales_max,vent_rafales_mean,vent_direction_deg_max,vent_direction_deg_mean,mer_score_min_min,mer_score_min_mean,mer_score_max_max,mer_score_max_mean,mer_hauteur_min_min,mer_hauteur_min_mean,mer_hauteur_max_max,mer_hauteur_max_mean,temps_precipitation_max,temps_precipitation_mean,temps_orage_max,temps_orage_mean,temps_visibilite_reduite_min,temps_visibilite_reduite_mean,temps_clair_min,temps_clair_mean,temps_nuageux_max,temps_nuageux_mean,temps_score_danger_max,temps_score_danger_mean,score_risque_max,score_risque_mean,date_only,incident,annee,mois,jour,jour_semaine,jour_annee,saison_cyclonique,weekend,mois_sin,mois_cos,vent_amplitude,vent_moyen,rafales_fortes,mer_hauteur_moy,mer_amplitude,nb_conditions_defavorables,score_meteo_max
2019-09-06,5.0,13.0,25.0,18.0,35.0,27.5,90.0,90.0,5.0,5.0,7.0,6.333333333333333,1.25,1.25,6.0,4.666666666666667,1,0.4,0,0.0,0,0.0,0,0.4,1,0.2,3,0.8,49,37.4,2019-09-06,0,2019,9,6,4,249,0,0,-1.0,-1.8369701987210297e-16,20.0,15.5,1,3.625,4.75,1.4,49.0
2019-09-07,15.0,18.0,25.0,23.0,30.0,30.0,180.0,144.0,5.0,5.0,7.0,6.5,1.25,1.25,6.0,4.6,0,0.0,0,0.0,0,0.0,0,0.2,1,0.2,0,0.0,60,37.0,2019-09-07,0,2019,9,7,5,250,0,1,-1.0,-1.8369701987210297e-16,10.0,20.5,1,3.625,4.75,0.0,60.0
2019-09-09,5.0,9.0,20.0,14.0,30.0,21.25,180.0,117.0,3.0,5.0,7.0,5.8,0.1,1.6199999999999999,3.5,2.3,0,0.0,0,0.0,0,0.0,0,0.0,0,0.0,0,0.0,55,35.0,2019-09-09,0,2019,9,9,0,252,0,0,-1.0,-1.8369701987210297e-16,15.0,11.5,1,1.8,3.4,0.0,55.0
2019-09-10,5.0,11.0,25.0,16.0,30.0,25.0,180.0,108.0,3.0,4.4,6.0,5.2,0.1,0.8699999999999999,3.5,2.1,0,0.0,0,0.0,0,0.0,0,0.2,0,0.0,0,0.0,55,35.0,2019-09-10,0,2019,9,10,1,253,0,0,-1.0,-1.8369701987210297e-16,20.0,13.5,1,1.8,3.4,0.0,55.0
2019-09-13,5.0,7.5,15.0,12.5,25.0,17.5,135.0,82.5,3.0,3.8,5.0,5.0,0.1,0.42000000000000004,2.5,2.3,1,0.16666666666666666,0,0.0,0,0.0,0,0.5,1,0.3333333333333333,2,0.3333333333333333,36,26.0,2019-09-13,0,2019,9,13,4,256,0,0,-1.0,-1.8369701987210297e-16,10.0,10.0,0,1.3,2.4,1.1666666666666667,36.0
2019-09-14,5.0,9.0,15.0,14.0,25.0,22.5,90.0,90.0,4.0,4.0,6.0,5.333333333333333,0.5,0.5,4.0,3.0,1,0.2,0,0.0,0,0.0,0,0.6,1,0.2,2,0.4,36,24.2,2019-09-14,0,2019,9,14,5,257,0,1,-1.0,-1.8369701987210297e-16,10.0,11.5,0,2.25,3.5,1.2,36.0
2019-09-16,5.0,6.666666666666667,15.0,11.666666666666666,25.0,18.0,90.0,75.0,3.0,4.0,6.0,4.75,0.1,0.5875,4.0,2.375,0,0.0,0,0.0,0,0.0,0,0.5,1,0.16666666666666666,0,0.0,40,20.0,2019-09-16,1,2019,9,16,0,259,0,0,-1.0,-1.8369701987210297e-16,10.0,9.166666666666666,0,2.05,3.9,0.0,40.0
2019-09-17,5.0,6.666666666666667,15.0,10.0,25.0,20.0,135.0,105.0,3.0,4.0,6.0,4.666666666666667,0.1,0.6166666666666667,5.0,2.6666666666666665,0,0.0,0,0.0,0,0.0,1,1.0,1,0.3333333333333333,0,0.0,40,25.0,2019-09-17,0,2019,9,17,1,260,0,0,-1.0,-1.8369701987210297e-16,10.0,8.333333333333334,0,2.55,4.9,0.0,40.0
2019-09-19,5.0,10.0,25.0,17.0,25.0,20.0,90.0,90.0,3.0,4.2,6.0,4.8,0.1,0.72,4.0,2.4,1,0.2,0,0.0,0,0.0,0,0.6,1,0.2,2,0.4,46,33.2,2019-09-19,0,2019,9,19,3,262,0,0,-1.0,-1.8369701987210297e-16,20.0,13.5,0,2.05,3.9,1.2,46.0
2019-09-20,10.0,11.0,20.0,16.0,25.0,25.0,90.0,60.0,3.0,4.25,6.0,5.5,0.1,0.775,4.0,3.25,1,0.2,0,0.0,0,0.0,0,0.6,1,0.2,2,0.4,40,31.2,2019-09-20,0,2019,9,20,4,263,0,0,-1.0,-1.8369701987210297e-16,10.0,13.5,0,2.05,3.9,1.2,40.0
2019-09-22,10.0,12.0,20.0,18.0,30.0,30.0,90.0,45.0,3.0,4.4,6.0,5.6,0.1,0.8699999999999999,4.0,3.4,1,0.2857142857142857,0,0.0,0,0.0,0,0.42857142857142855,1,0.14285714285714285,2,0.42857142857142855,53,29.857142857142858,2019-09-22,0,2019,9,22,6,265,0,1,-1.0,-1.8369701987210297e-16,10.0,15.0,1,2.05,3.9,1.2857142857142856,53.0
2019-09-23,5.0,10.0,20.0,16.0,30.0,26.25,90.0,54.0,3.0,4.25,6.0,5.5,0.1,0.775,4.0,3.25,1,0.16666666666666666,0,0.0,0,0.0,0,0.5,1,0.16666666666666666,1,0.16666666666666666,53,28.833333333333332,2019-09-23,1,2019,9,23,0,266,0,0,-1.0,-1.8369701987210297e-16,15.0,13.0,1,2.05,3.9,1.1666666666666667,53.0
2019-09-25,5.0,11.666666666666666,25.0,20.0,25.0,25.0,90.0,90.0,5.0,5.2,7.0,6.2,1.25,1.5,6.0,4.4,0,0.0,0,0.0,0,0.0,0,0.16666666666666666,1,0.6666666666666666,0,0.0,50,38.333333333333336,2019-09-25,1,2019,9,25,2,268,0,0,-1.0,-1.8369701987210297e-16,20.0,15.833333333333332,0,3.625,4.75,0.0,50.0
2019-09-27,10.0,13.0,25.0,18.0,30.0,27.5,180.0,135.0,5.0,5.25,7.0,6.25,1.25,1.5625,6.0,4.5,0,0.0,0,0.0,0,0.0,0,0.2,1,0.2,0,0.0,60,40.0,2019-09-27,0,2019,9,27,4,270,0,0,-1.0,-1.8369701987210297e-16,15.0,15.5,1,3.625,4.75,0.0,60.0
2019-09-28,5.0,6.666666666666667,15.0,11.666666666666666,25.0,22.5,180.0,150.0,3.0,4.0,6.0,5.333333333333333,0.1,0.6166666666666667,4.0,2.1666666666666665,0,0.0,0,0.0,0,0.0,0,0.3333333333333333,1,0.3333333333333333,0,0.0,30,28.333333333333332,2019-09-28,1,2019,9,28,5,271,0,1,-1.0,-1.8369701987210297e-16,10.0,9.166666666666666,0,2.05,3.9,0.0,30.0
2019-09-29,5.0,5.0,10.0,8.75,15.0,15.0,180.0,123.75,3.0,4.25,6.0,5.25,0.1,0.775,4.0,2.0,0,0.0,0,0.0,0,0.0,0,0.5,1,0.25,0,0.0,30,25.0,2019-09-29,0,2019,9,29,6,272,0,1,-1.0,-1.8369701987210297e-16,5.0,6.875,0,2.05,3.9,0.0,30.0
2019-09-30,5.0,6.25,15.0,11.25,20.0,17.5,180.0,123.75,3.0,4.25,5.0,5.0,0.1,0.775,2.0,1.5,0,0.0,0,0.0,0,0.0,0,0.25,1,0.25,0,0.0,30,26.25,2019-09-30,0,2019,9,30,0,273,0,0,-1.0,-1.8369701987210297e-16,10.0,8.75,0,1.05,1.9,0.0,30.0
2019-10-01,5.0,7.0,20.0,12.0,25.0,18.333333333333332,90.0,90.0,3.0,4.25,6.0,5.25,0.1,0.775,4.0,2.875,0,0.0,0,0.0,0,0.0,0,0.6,1,0.4,0,0.0,30,25.0,2019-10-01,0,2019,10,1,1,274,0,0,-0.8660254037844386,0.5000000000000001,15.0,9.5,0,2.05,3.9,0.0,30.0
2019-10-02,5.0,7.5,20.0,13.75,25.0,20.0,90.0,90.0,3.0,4.5,6.0,5.25,0.1,0.9625,4.0,2.875,0,0.0,0,0.0,0,0.0,0,0.2,1,0.4,0,0.0,45,25.0,2019-10-02,0,2019,10,2,2,275,0,0,-0.8660254037844386,0.5000000000000001,15.0,10.625,0,2.05,3.9,0.0,45.0
2019-10-04,5.0,8.75,15.0,12.5,25.0,25.0,180.0,135.0,3.0,4.25,6.0,5.5,0.1,0.775,4.0,2.0,0,0.0,0,0.0,0,0.0,0,0.25,1,0.5,0,0.0,35,31.25,2019-10-04,1,2019,10,4,4,277,0,0,-0.8660254037844386,0.5000000000000001,10.0,10.625,0,2.05,3.9,0.0,35.0
2019-10-05,5.0,9.0,15.0,13.0,20.0,20.0,180.0,135.0,3.0,4.2,6.0,5.0,0.1,0.72,4.0,2.3600000000000003,0,0.0,0,0.0,0,0.0,0,0.4,1,0.4,0,0.0,35,28.0,2019-10-05,0,2019,10,5,5,278,0,1,-0.8660254037844386,0.5000000000000001,10.0,11.0,0,2.05,3.9,0.0,35.0
2019-10-07,5.0,8.75,15.0,12.5,20.0,20.0,135.0,112.5,3.0,4.5,6.0,5.5,0.1,0.9625,4.0,2.125,0,0.0,0,0.0,0,0.0,0,0.25,1,0.25,0,0.0,35,30.0,2019-10-07,0,2019,10,7,0,280,0,0,-0.8660254037844386,0.5000000000000001,10.0,10.625,0,2.05,3.9,0.0,35.0
2019-10-08,5.0,8.75,15.0,12.5,25.0,25.0,135.0,101.25,3.0,4.5,6.0,5.5,0.1,0.9625,2.5,2.0,0,0.0,0,0.0,0,0.0,0,0.75,1,0.25,0,0.0,40,31.25,2019-10-08,0,2019,10,8,1,281,0,0,-0.8660254037844386,0.5000000000000001,10.0,10.625,0,1.3,2.4,0.0,40.0
2019-10-10,10.0,11.0,15.0,15.0,25.0,23.75,180.0,144.0,3.0,4.2,6.0,5.6,0.1,0.72,4.0,2.3600000000000003,1,0.2,0,0.0,0,0.0,0,0.6,1,0.4,1,0.2,40,36.6,2019-10-10,1,2019,10,10,3,283,0,0,-0.8660254037844386,0.5000000000000001,5.0,13.0,0,2.05,3.9,1.2,40.0
2019-10-11,5.0,7.5,20.0,15.0,25.0,23.333333333333332,90.0,90.0,3.0,4.333333333333333,6.0,5.666666666666667,0.1,0.8666666666666667,4.0,3.5,0,0.0,0,0.0,0,0.0,0,0.2,1,0.2,0,0.0,45,24.0,2019-10-11,0,2019,10,11,4,284,0,0,-0.8660254037844386,0.5000000000000001,15.0,11.25,0,2.05,3.9,0.0,45.0
2019-10-12,5.0,10.0,20.0,16.666666666666668,25.0,22.5,180.0,150.0,3.0,4.333333333333333,6.0,5.666666666666667,0.1,0.8666666666666667,2.5,2.0,1,0.3333333333333333,0,0.0,0,0.0,0,0.0,1,0.6666666666666666,1,0.3333333333333333,45,37.666666666666664,2019-10-12,0,2019,10,12,5,285,0,1,-0.8660254037844386,0.5000000000000001,15.0,13.333333333333334,0,1.3,2.4,1.3333333333333333,45.0
2019-10-13,5.0,8.333333333333334,15.0,10.0,25.0,20.0,225.0,180.0,3.0,4.333333333333333,6.0,5.666666666666667,0.1,0.8666666666666667,4.0,2.9333333333333336,0,0.0,0,0.0,0,0.0,0,0.3333333333333333,1,0.3333333333333333,0,0.0,35,30.0,2019-10-13,0,2019,10,13,6,286,0,1,-0.8660254037844386,0.5000000000000001,10.0,9.166666666666668,0,2.05,3.9,0.0,35.0
2019-10-14,5.0,10.0,30.0,15.0,25.0,21.666666666666668,180.0,112.5,3.0,4.0,6.0,5.333333333333333,0.1,0.6166666666666667,4.0,3.0,0,0.0,0,0.0,0,0.0,0,0.2,1,0.2,0,0.0,30,23.0,2019-10-14,0,2019,10,14,0,287,0,0,-0.8660254037844386,0.5000000000000001,25.0,12.5,0,2.05,3.9,0.0,30.0
2019-10-15,5.0,6.25,20.0,12.5,20.0,18.333333333333332,180.0,90.0,4.0,4.0,6.0,5.333333333333333,0.5,0.5,4.0,3.0,0,0.0,0,0.0,0,0.0,0,0.4,1,0.4,0,0.0,30,19.0,2019-10-15,0,2019,10,15,1,288,0,0,-0.8660254037844386,0.5000000000000001,15.0,9.375,0,2.25,3.5,0.0,30.0
2019-10-16,5.0,11.25,20.0,15.0,25.0,20.0,180.0,146.25,3.0,4.0,6.0,5.25,0.1,0.5875,4.0,2.0,0,0.0,0,0.0,0,0.0,0,0.25,1,0.25,0,0.0,40,32.5,2019-10-16,0,2019,10,16,2,289,0,0,-0.8660254037844386,0.5000000000000001,15.0,13.125,0,2.05,3.9,0.0,40.0
2019-10-17,5.0,12.5,25.0,18.333333333333332,30.0,23.75,135.0,67.5,3.0,4.5,6.0,5.666666666666667,0.1,0.9333333333333332,4.0,3.25,1,0.3333333333333333,0,0.0,0,0.0,0,0.5,1,0.16666666666666666,2,0.6666666666666666,55,42.0,2019-10-17,1,2019,10,17,3,290,0,0,-0.8660254037844386,0.5000000000000001,20.0,15.416666666666666,1,2.05,3.9,1.3333333333333333,55.0
2019-10-18,5.0,9.0,20.0,14.0,30.0,27.5,90.0,54.0,3.0,4.25,6.0,5.5,0.1,0.775,4.0,3.25,1,0.2,0,0.0,0,0.0,0,0.6,1,0.6,2,0.4,46,31.2,2019-10-18,0,2019,10,18,4,291,0,0,-0.8660254037844386,0.5000000000000001,15.0,11.5,1,2.05,3.9,1.2,46.0
2019-10-19,5.0,9.0,20.0,14.0,30.0,26.666666666666668,90.0,72.0,3.0,4.4,6.0,5.6,0.1,0.8699999999999999,4.0,3.4,1,0.3333333333333333,0,0.0,0,0.0,0,0.3333333333333333,1,0.3333333333333333,2,0.6666666666666666,46,32.0,2019-10-19,0,2019,10,19,5,292,0,1,-0.8660254037844386,0.5000000000000001,15.0,11.5,1,2.05,3.9,1.3333333333333333,46.0
2019-10-21,5.0,10.0,20.0,15.0,25.0,25.0,90.0,90.0,4.0,4.5,6.0,5.75,0.5,0.875,4.0,3.625,0,0.0,0,0.0,0,0.0,0,0.6,1,1.0,0,0.0,40,32.0,2019-10-21,0,2019,10,21,0,294,0,0,-0.8660254037844386,0.5000000000000001,15.0,12.5,0,2.25,3.5,0.0,40.0
2019-10-22,5.0,8.75,20.0,14.0,25.0,22.5,135.0,135.0,3.0,4.25,7.0,5.25,0.1,0.775,6.0,3.25,1,0.2,0,0.0,0,0.0,0,0.4,1,0.6,1,0.2,30,17.6,2019-10-22,0,2019,10,22,1,295,0,0,-0.8660254037844386,0.5000000000000001,15.0,11.375,0,3.05,5.9,1.2,30.0
2019-10-24,5.0,10.0,20.0,15.0,25.0,22.5,90.0,30.0,3.0,3.75,6.0,4.75,0.1,0.4,4.0,2.375,0,0.0,0,0.0,0,0.0,0,0.6,1,0.6,0,0.0,35,23.0,2019-10-24,0,2019,10,24,3,297,0,0,-0.8660254037844386,0.5000000000000001,15.0,12.5,0,2.05,3.9,0.0,35.0
2019-10-25,5.0,9.0,20.0,15.0,25.0,20.0,180.0,135.0,3.0,3.8,5.0,4.6,0.1,0.42000000000000004,2.5,1.48,0,0.0,0,0.0,0,0.0,0,0.6,1,0.6,0,0.0,35,29.0,2019-10-25,0,2019,10,25,4,298,0,0,-0.8660254037844386,0.5000000000000001,15.0,12.0,0,1.3,2.4,0.0,35.0
2019-10-26,5.0,5.0,15.0,12.5,25.0,20.0,90.0,90.0,3.0,4.2,5.0,4.6,0.1,0.72,2.5,2.1,0,0.0,0,0.0,0,0.0,0,0.8333333333333334,1,0.5,0,0.0,35,25.0,2019-10-26,0,2019,10,26,5,299,0,1,-0.8660254037844386,0.5000000000000001,10.0,8.75,0,1.3,2.4,0.0,35.0
2019-10-28,5.0,9.0,20.0,14.0,25.0,20.0,180.0,99.0,3.0,3.8,5.0,4.6,0.1,0.42000000000000004,1.3,1.08,0,0.0,0,0.0,0,0.0,0,0.8,1,0.4,0,0.0,35,28.0,2019-10-28,0,2019,10,28,0,301,0,0,-0.8660254037844386,0.5000000000000001,15.0,11.5,0,0.7000000000000001,1.2,0.0,35.0
2019-10-29,5.0,6.666666666666667,20.0,14.166666666666666,20.0,20.0,90.0,75.0,3.0,3.8,5.0,4.6,0.1,0.42000000000000004,2.5,2.1,0,0.0,0,0.0,0,0.0,0,0.5,1,0.3333333333333333,0,0.0,30,24.166666666666668,2019-10-29,0,2019,10,29,1,302,0,0,-0.8660254037844386,0.5000000000000001,15.0,10.416666666666666,0,1.3,2.4,0.0,30.0
2019-10-30,5.0,7.0,20.0,12.0,25.0,20.0,180.0,90.0,3.0,4.2,6.0,5.4,0.1,0.72,4.0,3.3,1,0.2,0,0.0,0,0.0,0,0.2,0,0.0,2,0.4,41,31.2,2019-10-30,0,2019,10,30,2,303,0,0,-0.8660254037844386,0.5000000000000001,15.0,9.5,0,2.05,3.9,1.2,41.0
2019-10-31,10.0,15.0,20.0,18.75,30.0,25.0,180.0,168.75,3.0,4.25,6.0,5.75,0.1,0.775,4.0,2.0,0,0.0,0,0.0,0,0.0,0,0.0,0,0.0,0,0.0,50,42.5,2019-10-31,0,2019,10,31,3,304,0,0,-0.8660254037844386,0.5000000000000001,10.0,16.875,1,2.05,3.9,0.0,50.0
2019-11-03,5.0,8.333333333333334,20.0,15.0,30.0,26.666666666666668,90.0,90.0,3.0,4.2,5.0,5.0,0.1,0.72,2.5,2.5,1,0.3333333333333333,0,0.0,0,0.0,0,0.16666666666666666,0,0.0,3,1.0,39,33.0,2019-11-03,0,2019,11,3,6,307,1,1,-0.5000000000000004,0.8660254037844384,15.0,11.666666666666668,1,1.3,2.4,1.3333333333333333,39.0
2019-11-05,5.0,8.333333333333334,25.0,16.666666666666668,20.0,20.0,90.0,90.0,3.0,4.333333333333333,7.0,5.5,0.1,0.8916666666666666,6.0,3.3333333333333335,1,0.3333333333333333,0,0.0,0,0.0,0,0.16666666666666666,1,0.16666666666666666,3,1.0,50,37.166666666666664,2019-11-05,0,2019,11,5,1,309,1,0,-0.5000000000000004,0.8660254037844384,20.0,12.5,0,3.05,5.9,1.3333333333333333,50.0
2019-11-06,5.0,9.0,25.0,17.0,20.0,20.0,90.0,90.0,3.0,4.4,7.0,5.6,0.1,0.97,6.0,3.5,1,0.2,0,0.0,0,0.0,0,0.2,1,0.2,3,0.6,50,36.8,2019-11-06,0,2019,11,6,2,310,1,0,-0.5000000000000004,0.8660254037844384,20.0,13.0,0,3.05,5.9,1.2,50.0
2019-11-07,5.0,9.0,20.0,14.0,30.0,30.0,180.0,150.0,3.0,4.5,6.0,5.5,0.1,0.9625,4.0,3.25,0,0.0,0,0.0,0,0.0,0,0.16666666666666666,0,0.0,0,0.0,35,24.166666666666668,2019-11-07,0,2019,11,7,3,311,1,0,-0.5000000000000004,0.8660254037844384,15.0,11.5,1,2.05,3.9,0.0,35.0
2019-11-08,10.0,10.0,15.0,15.0,25.0,25.0,180.0,120.0,3.0,4.333333333333333,6.0,5.666666666666667,0.1,0.8666666666666667,4.0,1.9333333333333333,0,0.0,0,0.0,0,0.0,0,0.3333333333333333,0,0.0,0,0.0,40,36.666666666666664,2019-11-08,0,2019,11,8,4,312,1,0,-0.5000000000000004,0.8660254037844384,5.0,12.5,0,2.05,3.9,0.0,40.0
2019-11-09,5.0,5.833333333333333,15.0,11.666666666666666,20.0,17.5,180.0,108.0,3.0,4.0,6.0,5.2,0.1,0.5700000000000001,4.0,2.8,0,0.0,0,0.0,0,0.0,0,0.3333333333333333,0,0.0,0,0.0,35,24.166666666666668,2019-11-09,0,2019,11,9,5,313,1,1,-0.5000000000000004,0.8660254037844384,10.0,8.75,0,2.05,3.9,0.0,35.0
2019-11-10,5.0,7.5,15.0,12.5,20.0,18.333333333333332,90.0,90.0,3.0,4.0,5.0,5.0,0.1,0.6166666666666667,2.5,2.5,0,0.0,0,0.0,0,0.0,0,0.4,1,0.2,0,0.0,25,18.0,2019-11-10,0,2019,11,10,6,314,1,1,-0.5000000000000004,0.8660254037844384,10.0,10.0,0,1.3,2.4,0.0,25.0
2019-11-12,5.0,8.75,20.0,14.0,25.0,22.5,135.0,135.0,3.0,4.0,6.0,5.2,0.1,0.5700000000000001,4.0,2.8,0,0.0,0,0.0,0,0.0,0,0.3333333333333333,1,0.16666666666666666,0,0.0,25,17.5,2019-11-12,0,2019,11,12,1,316,1,0,-0.5000000000000004,0.8660254037844384,15.0,11.375,0,2.05,3.9,0.0,25.0
2019-11-13,5.0,5.0,10.0,10.0,30.0,23.333333333333332,180.0,120.0,3.0,4.2,6.0,5.4,0.1,0.72,4.0,3.1,0,0.0,0,0.0,0,0.0,0,0.4,0,0.0,0,0.0,40,29.0,2019-11-13,0,2019,11,13,2,317,1,0,-0.5000000000000004,0.8660254037844384,5.0,7.5,1,2.05,3.9,0.0,40.0
2019-11-14,5.0,8.75,20.0,13.75,30.0,26.666666666666668,90.0,90.0,3.0,3.5,6.0,6.0,0.1,0.3,4.0,4.0,1,0.3333333333333333,1,0.3333333333333333,0,0.0,0,0.0,0,0.0,4,1.3333333333333333,40,21.5,2019-11-14,0,2019,11,14,3,318,1,0,-0.5000000000000004,0.8660254037844384,15.0,11.25,1,2.05,3.9,2.6666666666666665,40.0
2019-11-15,10.0,12.5,20.0,17.5,30.0,30.0,180.0,180.0,3.0,3.5,6.0,6.0,0.1,0.3,1.0,0.75,0,0.0,0,0.0,0,0.0,0,0.0,0,0.0,0,0.0,50,47.5,2019-11-15,0,2019,11,15,4,319,1,0,-0.5000000000000004,0.8660254037844384,10.0,15.0,1,0.55,0.9,0.0,50.0
2019-11-16,10.0,13.75,20.0,18.75,30.0,27.5,90.0,90.0,3.0,4.333333333333333,7.0,6.0,0.1,0.8666666666666667,6.0,4.166666666666667,1,0.25,1,0.25,0,0.0,0,0.0,0,0.0,4,1.0,57,43.0,2019-11-16,0,2019,11,16,5,320,1,1,-0.5000000000000004,0.8660254037844384,10.0,16.25,1,3.05,5.9,2.5,57.0
2019-11-17,5.0,10.0,25.0,15.833333333333334,30.0,20.0,90.0,90.0,3.0,4.333333333333333,6.0,5.333333333333333,0.1,0.8083333333333332,4.0,3.0,0,0.0,0,0.0,0,0.0,0,0.0,0,0.0,0,0.0,50,35.0,2019-11-17,0,2019,11,17,6,321,1,1,-0.5000000000000004,0.8660254037844384,20.0,12.916666666666668,1,2.05,3.9,0.0,50.0
2019-11-18,5.0,7.5,15.0,12.5,15.0,15.0,90.0,90.0,4.0,4.0,6.0,5.333333333333333,0.5,0.5,4.0,3.0,0,0.0,0,0.0,0,0.0,0,0.0,0,0.0,0,0.0,35,19.0,2019-11-18,0,2019,11,18,0,322,1,0,-0.5000000000000004,0.8660254037844384,10.0,10.0,0,2.25,3.5,0.0,35.0
2019-11-19,5.0,6.666666666666667,15.0,11.666666666666666,25.0,20.0,90.0,90.0,3.0,3.8,6.0,5.0,0.1,0.42000000000000004,4.0,2.7,1,0.2,1,0.2,0,0.0,0,0.6,1,0.2,4,0.8,52,27.4,2019-11-19,0,2019,11,19,1,323,1,0,-0.5000000000000004,0.8660254037844384,10.0,9.166666666666666,0,2.05,3.9,2.4000000000000004,52.0
2019-11-20,5.0,6.666666666666667,15.0,11.666666666666666,20.0,20.0,180.0,135.0,3.0,3.6666666666666665,5.0,4.333333333333333,0.1,0.3666666666666667,1.2,0.7999999999999999,0,0.0,0,0.0,0,0.0,0,0.3333333333333333,1,0.3333333333333333,0,0.0,30,23.333333333333332,2019-11-20,0,2019,11,20,2,324,1,0,-0.5000000000000004,0.8660254037844384,10.0,9.166666666666666,0,0.65,1.0999999999999999,0.0,30.0
2019-11-21,5.0,8.333333333333334,20.0,14.166666666666666,25.0,21.25,135.0,97.5,3.0,3.8333333333333335,5.0,4.666666666666667,0.1,0.43333333333333335,2.5,1.95,0,0.0,0,0.0,0,0.0,0,0.16666666666666666,1,0.16666666666666666,0,0.0,40,28.333333333333332,2019-11-21,0,2019,11,21,3,325,1,0,-0.5000000000000004,0.8660254037844384,15.0,11.25,0,1.3,2.4,0.0,40.0
2019-11-22,5.0,8.0,20.0,13.0,25.0,23.333333333333332,90.0,90.0,3.0,3.8,6.0,5.6,0.1,0.42000000000000004,4.0,3.4,0,0.0,0,0.0,0,0.0,0,0.0,1,0.2,0,0.0,45,33.0,2019-11-22,0,2019,11,22,4,326,1,0,-0.5000000000000004,0.8660254037844384,15.0,10.5,0,2.05,3.9,0.0,45.0
2019-11-23,5.0,6.666666666666667,15.0,11.666666666666666,20.0,20.0,180.0,105.0,3.0,3.6666666666666665,5.0,5.0,0.1,0.3666666666666667,1.0,0.8333333333333334,0,0.0,0,0.0,0,0.0,0,0.3333333333333333,1,0.3333333333333333,0,0.0,30,26.666666666666668,2019-11-23,0,2019,11,23,5,327,1,1,-0.5000000000000004,0.8660254037844384,10.0,9.166666666666666,0,0.55,0.9,0.0,30.0
2019-11-24,5.0,8.333333333333334,20.0,13.333333333333334,25.0,23.333333333333332,90.0,90.0,3.0,3.8,6.0,4.8,0.1,0.42000000000000004,4.0,2.4,0,0.0,0,0.0,0,0.0,0,0.3333333333333333,1,0.3333333333333333,0,0.0,45,25.833333333333332,2019-11-24,0,2019,11,24,6,328,1,1,-0.5000000000000004,0.8660254037844384,15.0,10.833333333333334,0,2.05,3.9,0.0,45.0
2019-11-25,5.0,6.666666666666667,20.0,11.666666666666666,20.0,18.333333333333332,180.0,108.0,3.0,3.8333333333333335,5.0,4.666666666666667,0.1,0.43333333333333335,2.5,2.1666666666666665,0,0.0,0,0.0,0,0.0,0,0.3333333333333333,1,0.16666666666666666,0,0.0,35,25.0,2019-11-25,1,2019,11,25,0,329,1,0,-0.5000000000000004,0.8660254037844384,15.0,9.166666666666666,0,1.3,2.4,0.0,35.0
2019-11-26,5.0,7.0,20.0,12.0,25.0,16.25,180.0,90.0,3.0,4.25,6.0,5.5,0.1,0.775,4.0,3.25,0,0.0,0,0.0,0,0.0,0,0.2,1,0.2,0,0.0,45,26.0,2019-11-26,0,2019,11,26,1,330,1,0,-0.5000000000000004,0.8660254037844384,15.0,9.5,0,2.05,3.9,0.0,45.0
2019-11-28,5.0,8.75,20.0,14.0,25.0,22.5,135.0,135.0,4.0,4.5,6.0,5.5,0.5,0.875,4.0,3.25,1,0.2,0,0.0,0,0.0,0,0.2,1,0.2,2,0.4,26,10.2,2019-11-28,0,2019,11,28,3,332,1,0,-0.5000000000000004,0.8660254037844384,15.0,11.375,0,2.25,3.5,1.2,26.0
2019-11-29,5.0,8.333333333333334,25.0,14.166666666666666,20.0,18.333333333333332,90.0,90.0,3.0,4.166666666666667,6.0,5.0,0.1,0.6833333333333332,4.0,2.6666666666666665,1,0.3333333333333333,0,0.0,0,0.0,0,0.3333333333333333,0,0.0,1,0.3333333333333333,45,30.166666666666668,2019-11-29,0,2019,11,29,4,333,1,0,-0.5000000000000004,0.8660254037844384,20.0,11.25,0,2.05,3.9,1.3333333333333333,45.0
2019-11-30,5.0,6.0,15.0,11.0,25.0,18.333333333333332,90.0,90.0,3.0,4.0,6.0,5.5,0.1,0.5875,4.0,3.25,1,0.2,0,0.0,0,0.0,0,0.2,0,0.0,1,0.2,30,25.6,2019-11-30,1,2019,11,30,5,334,1,1,-0.5000000000000004,0.8660254037844384,10.0,8.5,0,2.05,3.9,1.2,30.0
2019-12-01,5.0,7.5,15.0,12.5,20.0,18.0,90.0,90.0,4.0,4.25,6.0,5.75,0.5,0.6875,4.0,3.625,1,0.3333333333333333,0,0.0,0,0.0,0,0.16666666666666666,1,0.16666666666666666,1,0.3333333333333333,38,24.333333333333332,2019-12-01,0,2019,12,1,6,335,1,1,-2.4492935982947064e-16,1.0,10.0,10.0,0,2.25,3.5,1.3333333333333333,38.0
2019-12-02,5.0,8.0,20.0,15.0,25.0,25.0,90.0,72.0,4.0,4.333333333333333,5.0,5.0,0.5,0.75,2.5,2.5,1,0.4,0,0.0,0,0.0,0,0.4,1,0.2,2,0.6,38,25.8,2019-12-02,0,2019,12,2,0,336,1,0,-2.4492935982947064e-16,1.0,15.0,11.5,0,1.5,2.0,1.4,38.0
2019-12-03,5.0,9.285714285714286,20.0,15.0,30.0,25.0,90.0,90.0,4.0,4.857142857142857,6.0,5.714285714285714,0.5,1.1428571428571428,4.0,3.5714285714285716,1,0.2222222222222222,0,0.0,0,0.0,0,0.3333333333333333,1,0.1111111111111111,3,0.6666666666666666,50,30.333333333333332,2019-12-03,0,2019,12,3,1,337,1,0,-2.4492935982947064e-16,1.0,15.0,12.142857142857142,1,2.25,3.5,1.2222222222222223,50.0
2019-12-04,5.0,9.0,20.0,16.0,25.0,25.0,90.0,90.0,5.0,5.0,6.0,5.6,1.25,1.25,4.0,3.4,0,0.0,0,0.0,0,0.0,0,0.2857142857142857,1,0.42857142857142855,0,0.0,45,26.428571428571427,2019-12-04,0,2019,12,4,2,338,1,0,-2.4492935982947064e-16,1.0,15.0,12.5,0,2.625,2.75,0.0,45.0
2019-12-05,5.0,11.25,20.0,16.25,30.0,27.5,90.0,90.0,4.0,4.75,7.0,6.25,0.5,1.1875,6.0,4.5,1,0.2,0,0.0,0,0.0,0,0.8,1,0.4,1,0.2,55,33.6,2019-12-05,0,2019,12,5,3,339,1,0,-2.4492935982947064e-16,1.0,15.0,13.75,1,3.25,5.5,1.2,55.0
2019-12-06,5.0,10.0,25.0,18.333333333333332,30.0,27.5,90.0,90.0,4.0,4.75,6.0,5.5,0.5,1.1875,4.0,3.25,1,0.4,0,0.0,0,0.0,0,0.2,1,0.2,2,0.6,55,30.8,2019-12-06,0,2019,12,6,4,340,1,0,-2.4492935982947064e-16,1.0,20.0,14.166666666666666,1,2.25,3.5,1.4,55.0
2019-12-07,5.0,8.75,20.0,13.75,20.0,18.333333333333332,90.0,90.0,5.0,5.0,7.0,6.4,1.25,1.25,6.0,4.8,1,0.4,0,0.0,0,0.0,0,0.4,1,0.2,2,0.6,43,35.8,2019-12-07,0,2019,12,7,5,341,1,1,-2.4492935982947064e-16,1.0,15.0,11.25,0,3.625,4.75,1.4,43.0
2019-12-08,5.0,7.0,20.0,13.0,25.0,20.0,180.0,135.0,4.0,4.833333333333333,8.0,5.666666666666667,0.5,1.2083333333333333,9.0,3.6666666666666665,1,0.3333333333333333,0,0.0,0,0.0,0,0.3333333333333333,0,0.0,1,0.3333333333333333,40,31.833333333333332,2019-12-08,0,2019,12,8,6,342,1,1,-2.4492935982947064e-16,1.0,15.0,10.0,0,4.75,8.5,1.3333333333333333,40.0
2019-12-09,5.0,12.5,25.0,17.5,30.0,23.333333333333332,90.0,67.5,4.0,4.333333333333333,6.0,5.666666666666667,0.5,0.75,4.0,3.5,1,0.4,0,0.0,0,0.0,0,0.0,0,0.0,2,0.6,55,27.8,2019-12-09,0,2019,12,9,0,343,1,0,-2.4492935982947064e-16,1.0,20.0,15.0,1,2.25,3.5,1.4,55.0
2019-12-10,5.0,10.0,25.0,16.25,30.0,25.0,90.0,90.0,4.0,4.25,6.0,5.5,0.5,0.6875,4.0,3.25,1,0.4,1,0.2,0,0.0,0,0.0,0,0.0,4,1.2,47,35.6,2019-12-10,0,2019,12,10,1,344,1,0,-2.4492935982947064e-16,1.0,20.0,13.125,1,2.25,3.5,2.6,47.0
2019-12-11,5.0,8.75,20.0,14.0,25.0,22.5,135.0,135.0,4.0,4.333333333333333,6.0,5.333333333333333,0.5,0.75,4.0,3.0,1,0.6,1,0.2,0,0.0,0,0.0,0,0.0,4,1.4,28,17.2,2019-12-11,0,2019,12,11,2,345,1,0,-2.4492935982947064e-16,1.0,15.0,11.375,0,2.25,3.5,2.8000000000000003,28.0
2019-12-12,5.0,9.0,25.0,15.0,30.0,28.333333333333332,90.0,90.0,4.0,4.5,6.0,5.75,0.5,0.875,4.0,3.625,0,0.0,0,0.0,0,0.0,0,0.0,1,0.2,0,0.0,55,34.0,2019-12-12,0,2019,12,12,3,346,1,0,-2.4492935982947064e-16,1.0,20.0,12.0,1,2.25,3.5,0.0,55.0
2019-12-13,5.0,5.0,10.0,10.0,25.0,22.5,315.0,146.25,4.0,4.25,6.0,5.25,0.5,0.6875,2.3,1.4,0,0.0,0,0.0,0,0.0,0,0.25,1,0.25,0,0.0,35,27.5,2019-12-13,0,2019,12,13,4,347,1,0,-2.4492935982947064e-16,1.0,5.0,7.5,0,1.4,1.7999999999999998,0.0,35.0
2019-12-14,5.0,5.0,10.0,10.0,20.0,17.5,315.0,255.0,3.0,3.6666666666666665,5.0,5.0,0.1,0.3666666666666667,1.3,0.7666666666666666,0,0.0,0,0.0,0,0.0,0,0.0,1,0.3333333333333333,0,0.0,25,25.0,2019-12-14,0,2019,12,14,5,348,1,1,-2.4492935982947064e-16,1.0,5.0,7.5,0,0.7000000000000001,1.2,0.0,25.0
2019-12-15,5.0,5.0,15.0,10.833333333333334,15.0,15.0,180.0,135.0,3.0,4.0,6.0,5.333333333333333,0.1,0.5583333333333333,4.0,3.0,0,0.0,0,0.0,0,0.0,0,0.0,1,0.16666666666666666,0,0.0,35,27.5,2019-12-15,0,2019,12,15,6,349,1,1,-2.4492935982947064e-16,1.0,10.0,7.916666666666667,0,2.05,3.9,0.0,35.0
2019-12-16,5.0,8.75,20.0,14.0,25.0,22.5,135.0,135.0,4.0,4.4,6.0,5.4,0.5,0.8,4.0,3.1,0,0.0,0,0.0,0,0.0,0,0.0,0,0.0,0,0.0,25,18.333333333333332,2019-12-16,0,2019,12,16,0,350,1,0,-2.4492935982947064e-16,1.0,15.0,11.375,0,2.25,3.5,0.0,25.0
2019-12-17,5.0,7.5,20.0,12.5,25.0,18.0,90.0,90.0,3.0,4.5,6.0,4.75,0.1,0.9625,4.0,2.375,0,0.0,0,0.0,0,0.0,0,0.16666666666666666,1,0.16666666666666666,0,0.0,35,20.833333333333332,2019-12-17,0,2019,12,17,1,351,1,0,-2.4492935982947064e-16,1.0,15.0,10.0,0,2.05,3.9,0.0,35.0
2019-12-18,5.0,8.75,20.0,11.25,25.0,18.333333333333332,180.0,112.5,3.0,4.0,6.0,5.25,0.1,0.5875,2.0,1.125,0,0.0,0,0.0,0,0.0,0,0.25,1,0.25,0,0.0,45,28.75,2019-12-18,0,2019,12,18,2,352,1,0,-2.4492935982947064e-16,1.0,15.0,10.0,0,1.05,1.9,0.0,45.0
2019-12-19,5.0,7.5,20.0,13.75,15.0,15.0,180.0,112.5,3.0,4.25,6.0,4.75,0.1,0.775,3.0,1.65,0,0.0,0,0.0,0,0.0,0,0.25,1,0.5,0,0.0,35,27.5,2019-12-19,0,2019,12,19,3,353,1,0,-2.4492935982947064e-16,1.0,15.0,10.625,0,1.55,2.9,0.0,35.0
2019-12-20,5.0,11.666666666666666,25.0,16.666666666666668,20.0,20.0,180.0,90.0,3.0,4.285714285714286,6.0,5.428571428571429,0.1,0.7642857142857142,4.0,2.742857142857143,1,0.14285714285714285,0,0.0,0,0.0,0,0.14285714285714285,1,0.14285714285714285,1,0.14285714285714285,45,32.57142857142857,2019-12-20,0,2019,12,20,4,354,1,0,-2.4492935982947064e-16,1.0,20.0,14.166666666666668,0,2.05,3.9,1.1428571428571428,45.0
2019-12-21,10.0,11.25,20.0,16.25,25.0,22.5,90.0,90.0,3.0,4.0,6.0,5.333333333333333,0.1,0.5583333333333333,4.0,3.0,1,0.5,0,0.0,0,0.0,0,0.3333333333333333,1,0.3333333333333333,1,0.5,45,32.333333333333336,2019-12-21,0,2019,12,21,5,355,1,1,-2.4492935982947064e-16,1.0,10.0,13.75,0,2.05,3.9,1.5,45.0
2019-12-22,5.0,10.0,20.0,15.0,25.0,25.0,180.0,108.0,3.0,4.0,6.0,5.6,0.1,0.5700000000000001,4.0,2.7,1,0.2,0,0.0,0,0.0,0,0.4,1,0.4,1,0.2,45,34.6,2019-12-22,0,2019,12,22,6,356,1,1,-2.4492935982947064e-16,1.0,15.0,12.5,0,2.05,3.9,1.2,45.0
2019-12-23,5.0,10.0,25.0,17.0,30.0,30.0,180.0,144.0,3.0,4.4,6.0,5.6,0.1,0.8699999999999999,4.0,2.1,0,0.0,0,0.0,0,0.0,0,0.0,1,0.4,0,0.0,55,39.0,2019-12-23,0,2019,12,23,0,357,1,0,-2.4492935982947064e-16,1.0,20.0,13.5,1,2.05,3.9,0.0,55.0
2019-12-24,5.0,9.0,20.0,14.0,25.0,17.5,90.0,72.0,3.0,4.0,6.0,5.5,0.1,0.5875,4.0,3.25,1,0.2,1,0.2,0,0.0,0,0.2,1,0.4,7,1.4,35,32.0,2019-12-24,0,2019,12,24,1,358,1,0,-2.4492935982947064e-16,1.0,15.0,11.5,0,2.05,3.9,2.4000000000000004,35.0
2019-12-26,5.0,9.0,20.0,15.0,30.0,26.25,180.0,81.0,4.0,4.7,6.0,5.6,0.5,1.025,4.0,3.4,1,0.5,1,0.1,0,0.0,0,0.2,1,0.3,4,1.5,59,40.5,2019-12-26,0,2019,12,26,3,360,1,0,-2.4492935982947064e-16,1.0,15.0,12.0,1,2.25,3.5,2.6,59.0
2019-12-27,5.0,6.428571428571429,20.0,12.142857142857142,30.0,21.25,90.0,90.0,4.0,4.428571428571429,6.0,5.285714285714286,0.5,0.8214285714285714,4.0,2.9285714285714284,1,0.42857142857142855,1,0.42857142857142855,0,0.0,0,0.14285714285714285,0,0.0,4,1.7142857142857142,50,35.142857142857146,2019-12-27,0,2019,12,27,4,361,1,0,-2.4492935982947064e-16,1.0,15.0,9.285714285714285,1,2.25,3.5,2.857142857142857,50.0
2019-12-28,5.0,8.0,20.0,14.0,25.0,21.25,180.0,126.0,4.0,4.4,6.0,5.6,0.5,0.8,4.0,1.92,0,0.0,0,0.0,0,0.0,0,0.2,0,0.0,0,0.0,45,34.0,2019-12-28,0,2019,12,28,5,362,1,1,-2.4492935982947064e-16,1.0,15.0,11.0,0,2.25,3.5,0.0,45.0
2019-12-29,5.0,7.5,25.0,15.833333333333334,30.0,23.75,180.0,108.0,4.0,4.333333333333333,6.0,5.333333333333333,0.5,0.75,4.0,3.0,0,0.0,0,0.0,0,0.0,0,0.16666666666666666,1,0.16666666666666666,0,0.0,50,35.0,2019-12-29,0,2019,12,29,6,363,1,1,-2.4492935982947064e-16,1.0,20.0,11.666666666666668,1,2.25,3.5,0.0,50.0
2019-12-30,5.0,6.0,15.0,13.0,30.0,22.5,180.0,171.0,4.0,4.4,6.0,5.4,0.5,0.8,2.5,1.58,0,0.0,0,0.0,0,0.0,0,0.0,1,0.2,0,0.0,45,33.0,2019-12-30,0,2019,12,30,0,364,1,0,-2.4492935982947064e-16,1.0,10.0,9.5,1,1.5,2.0,0.0,45.0
2019-12-31,5.0,6.25,15.0,11.25,15.0,15.0,90.0,90.0,3.0,4.0,6.0,5.25,0.1,0.5875,4.0,2.875,0,0.0,0,0.0,0,0.0,0,0.4,1,0.4,0,0.0,30,22.0,2019-12-31,0,2019,12,31,1,365,1,0,-2.4492935982947064e-16,1.0,10.0,8.75,0,2.05,3.9,0.0,30.0
2020-01-01,5.0,8.0,20.0,13.0,25.0,20.0,90.0,72.0,3.0,4.0,6.0,5.2,0.1,0.5700000000000001,4.0,2.8,0,0.0,0,0.0,0,0.0,0,0.2,1,0.2,0,0.0,45,30.0,2020-01-01,0,2020,1,1,2,1,1,0,0.49999999999999994,0.8660254037844387,15.0,10.5,0,2.05,3.9,0.0,45.0
2020-01-02,5.0,8.0,20.0,13.0,25.0,20.0,90.0,90.0,3.0,4.0,6.0,5.2,0.1,0.5700000000000001,4.0,2.8,0,0.0,0,0.0,0,0.0,0,0.2,1,0.2,0,0.0,45,30.0,2020-01-02,0,2020,1,2,3,2,1,0,0.49999999999999994,0.8660254037844387,15.0,10.5,0,2.05,3.9,0.0,45.0
2020-01-03,5.0,9.166666666666666,20.0,14.166666666666666,30.0,24.0,90.0,90.0,3.0,4.0,6.0,5.333333333333333,0.1,0.5583333333333333,4.0,3.0,1,0.3333333333333333,0,0.0,0,0.0,0,0.0,0,0.0,2,0.5,50,35.666666666666664,2020-01-03,0,2020,1,3,4,3,1,0,0.49999999999999994,0.8660254037844387,15.0,11.666666666666666,1,2.05,3.9,1.3333333333333333,50.0
2020-01-04,5.0,8.75,20.0,13.75,28.0,22.0,90.0,90.0,3.0,4.0,6.0,5.285714285714286,0.1,0.55,4.0,2.9285714285714284,1,0.2857142857142857,0,0.0,0,0.0,0,0.0,0,0.0,2,0.5714285714285714,45,28.857142857142858,2020-01-04,1,2020,1,4,5,4,1,1,0.49999999999999994,0.8660254037844387,15.0,11.25,0,2.05,3.9,1.2857142857142856,45.0
2020-01-05,5.0,7.5,15.0,12.5,20.0,20.0,90.0,67.5,3.0,3.8,5.0,5.0,0.1,0.42000000000000004,2.5,2.5,1,0.16666666666666666,0,0.0,0,0.0,0,0.16666666666666666,1,0.16666666666666666,2,0.3333333333333333,30,22.666666666666668,2020-01-05,0,2020,1,5,6,5,1,1,0.49999999999999994,0.8660254037844387,10.0,10.0,0,1.3,2.4,1.1666666666666667,30.0
2020-01-06,5.0,8.0,20.0,13.0,25.0,22.5,90.0,60.0,3.0,3.8333333333333335,5.0,5.0,0.1,0.43333333333333335,2.5,2.5,1,0.16666666666666666,0,0.0,0,0.0,0,0.16666666666666666,0,0.0,2,0.3333333333333333,35,27.666666666666668,2020-01-06,0,2020,1,6,0,6,1,0,0.49999999999999994,0.8660254037844387,15.0,10.5,0,1.3,2.4,1.1666666666666667,35.0
2020-01-07,5.0,9.0,25.0,15.0,25.0,22.5,180.0,180.0,3.0,4.142857142857143,6.0,5.142857142857143,0.1,0.6571428571428571,4.0,2.7142857142857144,1,0.2857142857142857,0,0.0,0,0.0,0,0.14285714285714285,0,0.0,2,0.5714285714285714,40,29.571428571428573,2020-01-07,0,2020,1,7,1,7,1,0,0.49999999999999994,0.8660254037844387,20.0,12.0,0,2.05,3.9,1.2857142857142856,40.0
2020-01-08,5.0,9.0,25.0,16.0,25.0,18.333333333333332,180.0,108.0,3.0,3.6666666666666665,6.0,5.333333333333333,0.1,0.3666666666666667,4.0,3.0,1,0.3333333333333333,0,0.0,0,0.0,0,0.16666666666666666,0,0.0,2,0.6666666666666666,40,22.833333333333332,2020-01-08,0,2020,1,8,2,8,1,0,0.49999999999999994,0.8660254037844387,20.0,12.5,0,2.05,3.9,1.3333333333333333,40.0
2020-01-09,5.0,7.0,15.0,12.0,15.0,15.0,180.0,135.0,3.0,4.0,6.0,5.333333333333333,0.1,0.5583333333333333,4.0,3.0,0,0.0,0,0.0,0,0.0,0,0.0,1,0.16666666666666666,0,0.0,30,27.5,2020-01-09,0,2020,1,9,3,9,1,0,0.49999999999999994,0.8660254037844387,10.0,9.5,0,2.05,3.9,0.0,30.0
2020-01-10,5.0,6.666666666666667,15.0,11.666666666666666,25.0,20.0,90.0,90.0,3.0,4.0,6.0,5.333333333333333,0.1,0.6166666666666667,4.0,3.0,0,0.0,0,0.0,0,0.0,0,0.16666666666666666,1,0.16666666666666666,0,0.0,35,18.333333333333332,2020-01-10,0,2020,1,10,4,10,1,0,0.49999999999999994,0.8660254037844387,10.0,9.166666666666666,0,2.05,3.9,0.0,35.0
2020-01-11,5.0,6.0,15.0,11.0,20.0,20.0,90.0,67.5,4.0,4.0,5.0,5.0,0.5,0.5,2.5,2.5,0,0.0,0,0.0,0,0.0,0,0.2,1,0.2,0,0.0,30,18.0,2020-01-11,0,2020,1,11,5,11,1,1,0.49999999999999994,0.8660254037844387,10.0,8.5,0,1.5,2.0,0.0,30.0
2020-01-12,5.0,9.166666666666666,25.0,16.666666666666668,30.0,27.5,180.0,108.0,3.0,4.2,7.0,5.8,0.1,0.82,6.0,3.3,0,0.0,0,0.0,0,0.0,0,0.5,0,0.0,0,0.0,60,34.166666666666664,2020-01-12,0,2020,1,12,6,12,1,1,0.49999999999999994,0.8660254037844387,20.0,12.916666666666668,1,3.05,5.9,0.0,60.0
2020-01-13,5.0,5.0,15.0,11.0,25.0,25.0,90.0,90.0,3.0,3.888888888888889,6.0,5.111111111111111,0.1,0.4555555555555555,4.0,2.6666666666666665,1,0.3,1,0.3,0,0.0,0,0.0,1,0.1,5,1.4,40,26.2,2020-01-13,0,2020,1,13,0,13,1,0,0.49999999999999994,0.8660254037844387,10.0,8.0,0,2.05,3.9,2.5999999999999996,40.0
2020-01-14,5.0,5.0,10.0,10.0,25.0,17.5,90.0,90.0,3.0,4.0,6.0,5.2,0.1,0.5700000000000001,4.0,2.8,1,0.3333333333333333,1,0.3333333333333333,0,0.0,0,0.6666666666666666,1,0.6666666666666666,4,1.3333333333333333,37,26.5,2020-01-14,0,2020,1,14,1,14,1,0,0.49999999999999994,0.8660254037844387,5.0,7.5,0,2.05,3.9,2.6666666666666665,37.0
2020-01-15,5.0,5.0,10.0,10.0,20.0,18.333333333333332,90.0,90.0,4.0,4.0,5.0,5.0,0.5,0.5,2.5,2.5,1,0.3333333333333333,1,0.3333333333333333,0,0.0,0,0.0,0,0.0,4,1.3333333333333333,37,21.5,2020-01-15,0,2020,1,15,2,15,1,0,0.49999999999999994,0.8660254037844387,5.0,7.5,0,1.5,2.0,2.6666666666666665,37.0
2020-01-16,5.0,6.0,15.0,11.0,20.0,20.0,90.0,90.0,4.0,4.0,5.0,5.0,0.5,0.5,2.5,2.5,1,0.2,1,0.2,0,0.0,0,0.0,0,0.0,4,0.8,37,16.4,2020-01-16,0,2020,1,16,3,16,1,0,0.49999999999999994,0.8660254037844387,10.0,8.5,0,1.5,2.0,2.4000000000000004,37.0
2020-01-17,5.0,7.0,20.0,13.0,15.0,15.0,90.0,90.0,4.0,4.0,5.0,5.0,0.5,0.5,2.5,2.5,1,0.4,1,0.4,0,0.0,0,0.0,0,0.0,4,1.6,37,28.8,2020-01-17,0,2020,1,17,4,17,1,0,0.49999999999999994,0.8660254037844387,15.0,10.0,0,1.5,2.0,2.8,37.0
2020-01-18,5.0,9.285714285714286,15.0,14.285714285714286,20.0,20.0,90.0,90.0,4.0,4.166666666666667,6.0,5.333333333333333,0.5,0.625,4.0,3.0,1,0.5714285714285714,1,0.5714285714285714,0,0.0,0,0.0,0,0.0,4,2.2857142857142856,42,34.714285714285715,2020-01-18,0,2020,1,18,5,18,1,1,0.49999999999999994,0.8660254037844387,10.0,11.785714285714286,0,2.25,3.5,3.1428571428571423,42.0
2020-01-19,10.0,10.0,15.0,15.0,25.0,21.0,90.0,75.0,4.0,4.0,6.0,5.5,0.5,0.5,4.0,2.875,1,0.16666666666666666,1,0.16666666666666666,0,0.0,0,0.0,0,0.0,4,0.6666666666666666,42,27.833333333333332,2020-01-19,0,2020,1,19,6,19,1,1,0.49999999999999994,0.8660254037844387,5.0,12.5,0,2.25,3.5,2.3333333333333335,42.0
2020-01-20,10.0,13.0,25.0,21.0,30.0,26.25,180.0,112.5,4.0,4.75,6.0,6.0,0.5,1.0625,4.0,4.0,1,0.2,1,0.2,0,0.0,0,0.0,1,0.4,4,0.8,57,43.4,2020-01-20,1,2020,1,20,0,20,1,0,0.49999999999999994,0.8660254037844387,15.0,17.0,1,2.25,3.5,2.4000000000000004,57.0
2020-01-21,15.0,15.0,25.0,21.25,30.0,26.666666666666668,90.0,90.0,5.0,5.25,6.0,6.0,1.25,1.5625,4.0,4.0,1,0.75,1,0.75,0,0.0,0,0.0,1,0.5,4,3.0,67,55.25,2020-01-21,0,2020,1,21,1,21,1,0,0.49999999999999994,0.8660254037844387,10.0,18.125,1,2.625,2.75,3.5,67.0
2020-01-22,10.0,12.5,25.0,18.333333333333332,30.0,25.0,90.0,90.0,5.0,5.166666666666667,7.0,6.166666666666667,1.25,1.4583333333333333,6.0,4.333333333333333,1,0.5,1,0.5,0,0.0,0,0.0,1,0.3333333333333333,4,2.0,67,49.333333333333336,2020-01-22,0,2020,1,22,2,22,1,0,0.49999999999999994,0.8660254037844387,15.0,15.416666666666666,1,3.625,4.75,3.0,67.0
2020-01-23,10.0,14.375,25.0,21.25,35.0,27.5,90.0,90.0,5.0,5.142857142857143,7.0,6.142857142857143,1.25,1.4285714285714286,6.0,4.285714285714286,1,0.5,1,0.5,0,0.0,0,0.0,1,0.375,4,2.0,67,52.25,2020-01-23,0,2020,1,23,3,23,1,0,0.49999999999999994,0.8660254037844387,15.0,17.8125,1,3.625,4.75,3.0,67.0
2020-01-24,10.0,14.285714285714286,25.0,21.428571428571427,30.0,27.0,90.0,90.0,4.0,4.833333333333333,7.0,5.666666666666667,0.5,1.125,6.0,3.5833333333333335,1,0.2857142857142857,1,0.14285714285714285,0,0.0,0,0.14285714285714285,1,0.42857142857142855,4,0.8571428571428571,72,44.0,2020-01-24,0,2020,1,24,4,24,1,0,0.49999999999999994,0.8660254037844387,15.0,17.857142857142858,1,3.25,5.5,2.4285714285714284,72.0
2020-01-25,5.0,9.166666666666666,25.0,15.0,30.0,21.25,90.0,75.0,4.0,4.6,6.0,5.6,0.5,0.95,4.0,3.4,0,0.0,0,0.0,0,0.0,0,0.0,1,0.8333333333333334,0,0.0,55,30.833333333333332,2020-01-25,0,2020,1,25,5,25,1,1,0.49999999999999994,0.8660254037844387,20.0,12.083333333333332,1,2.25,3.5,0.0,55.0
2020-01-26,5.0,6.0,15.0,11.0,20.0,16.25,90.0,72.0,3.0,4.25,6.0,5.25,0.1,0.775,4.0,2.875,0,0.0,0,0.0,0,0.0,0,0.0,1,0.3333333333333333,0,0.0,30,19.166666666666668,2020-01-26,0,2020,1,26,6,26,1,1,0.49999999999999994,0.8660254037844387,10.0,8.5,0,2.05,3.9,0.0,30.0
2020-01-27,5.0,6.666666666666667,15.0,12.5,25.0,19.0,90.0,72.0,3.0,4.4,6.0,5.2,0.1,0.8699999999999999,4.0,2.8,0,0.0,0,0.0,0,0.0,0,0.0,1,0.3333333333333333,0,0.0,30,25.833333333333332,2020-01-27,0,2020,1,27,0,27,1,0,0.49999999999999994,0.8660254037844387,10.0,9.583333333333334,0,2.05,3.9,0.0,30.0
2020-01-29,5.0,6.428571428571429,15.0,11.428571428571429,20.0,20.0,90.0,90.0,3.0,4.142857142857143,6.0,5.285714285714286,0.1,0.6571428571428571,4.0,2.9285714285714284,0,0.0,0,0.0,0,0.0,0,0.2857142857142857,1,0.7142857142857143,0,0.0,35,27.857142857142858,2020-01-29,0,2020,1,29,2,29,1,0,0.49999999999999994,0.8660254037844387,10.0,8.928571428571429,0,2.05,3.9,0.0,35.0
2020-01-30,5.0,8.571428571428571,25.0,15.0,30.0,30.0,90.0,90.0,3.0,4.25,6.0,5.25,0.1,0.775,4.0,2.875,0,0.0,0,0.0,0,0.0,0,0.2857142857142857,1,0.7142857142857143,0,0.0,35,23.571428571428573,2020-01-30,0,2020,1,30,3,30,1,0,0.49999999999999994,0.8660254037844387,20.0,11.785714285714285,1,2.05,3.9,0.0,35.0
2020-01-31,5.0,9.166666666666666,25.0,16.666666666666668,30.0,22.0,90.0,90.0,3.0,4.6,6.0,5.6,0.1,1.02,4.0,3.4,0,0.0,0,0.0,0,0.0,0,0.16666666666666666,1,0.16666666666666666,0,0.0,55,33.333333333333336,2020-01-31,0,2020,1,31,4,31,1,0,0.49999999999999994,0.8660254037844387,20.0,12.916666666666668,1,2.05,3.9,0.0,55.0
2020-02-01,5.0,10.0,20.0,15.0,25.0,23.0,90.0,90.0,3.0,4.5,6.0,5.5,0.1,0.9333333333333332,4.0,3.25,1,0.3333333333333333,0,0.0,0,0.0,0,0.0,0,0.0,1,0.3333333333333333,45,35.166666666666664,2020-02-01,0,2020,2,1,5,32,1,1,0.8660254037844386,0.5000000000000001,15.0,12.5,0,2.05,3.9,1.3333333333333333,45.0
2020-02-02,5.0,8.333333333333334,20.0,15.0,30.0,25.0,90.0,90.0,3.0,4.0,6.0,5.166666666666667,0.1,0.5583333333333333,4.0,2.75,1,0.3333333333333333,0,0.0,0,0.0,0,0.16666666666666666,0,0.0,1,0.3333333333333333,45,35.166666666666664,2020-02-02,0,2020,2,2,6,33,1,1,0.8660254037844386,0.5000000000000001,15.0,11.666666666666668,1,2.05,3.9,1.3333333333333333,45.0
2020-02-03,5.0,9.166666666666666,20.0,16.666666666666668,30.0,26.0,180.0,105.0,3.0,3.6666666666666665,5.0,5.0,0.1,0.3666666666666667,2.5,2.5,1,0.3333333333333333,0,0.0,0,0.0,0,0.16666666666666666,0,0.0,1,0.3333333333333333,35,27.666666666666668,2020-02-03,0,2020,2,3,0,34,1,0,0.8660254037844386,0.5000000000000001,15.0,12.916666666666668,1,1.3,2.4,1.3333333333333333,35.0
2020-02-04,5.0,9.0,20.0,15.0,25.0,22.5,90.0,90.0,3.0,4.0,6.0,5.166666666666667,0.1,0.5583333333333333,4.0,2.75,1,0.3333333333333333,0,0.0,0,0.0,0,0.16666666666666666,0,0.0,1,0.3333333333333333,40,31.833333333333332,2020-02-04,0,2020,2,4,1,35,1,0,0.8660254037844386,0.5000000000000001,15.0,12.0,0,2.05,3.9,1.3333333333333333,40.0
2020-02-05,5.0,9.0,20.0,14.0,30.0,26.666666666666668,90.0,60.0,3.0,4.0,6.0,5.5,0.1,0.5875,4.0,3.25,0,0.0,0,0.0,0,0.0,0,0.3333333333333333,0,0.0,0,0.0,40,25.833333333333332,2020-02-05,0,2020,2,5,2,36,1,0,0.8660254037844386,0.5000000000000001,15.0,11.5,1,2.05,3.9,0.0,40.0
2020-02-06,5.0,7.5,15.0,12.5,20.0,20.0,180.0,112.5,3.0,4.0,6.0,5.2,0.1,0.64,4.0,2.8,1,0.2,0,0.0,0,0.0,0,0.4,1,0.2,2,0.4,36,28.2,2020-02-06,0,2020,2,6,3,37,1,0,0.8660254037844386,0.5000000000000001,10.0,10.0,0,2.05,3.9,1.2,36.0
2020-02-07,5.0,7.5,15.0,12.5,20.0,18.75,90.0,75.0,3.0,3.3333333333333335,6.0,5.333333333333333,0.1,0.2333333333333333,4.0,3.0,1,0.3333333333333333,0,0.0,0,0.0,0,0.16666666666666666,0,0.0,2,0.6666666666666666,35,20.333333333333332,2020-02-07,0,2020,2,7,4,38,1,0,0.8660254037844386,0.5000000000000001,10.0,10.0,0,2.05,3.9,1.3333333333333333,35.0
2020-02-08,5.0,8.333333333333334,15.0,13.333333333333334,25.0,21.25,180.0,108.0,3.0,3.5,6.0,5.25,0.1,0.3,4.0,2.75,1,0.16666666666666666,0,0.0,0,0.0,0,0.16666666666666666,0,0.0,2,0.3333333333333333,40,24.333333333333332,2020-02-08,0,2020,2,8,5,39,1,1,0.8660254037844386,0.5000000000000001,10.0,10.833333333333334,0,2.05,3.9,1.1666666666666667,40.0
2020-02-09,5.0,6.666666666666667,20.0,13.333333333333334,30.0,25.0,180.0,135.0,3.0,3.8333333333333335,6.0,5.333333333333333,0.1,0.4916666666666667,4.0,3.0,1,0.3333333333333333,0,0.0,0,0.0,0,0.3333333333333333,0,0.0,1,0.3333333333333333,40,32.666666666666664,2020-02-09,0,2020,2,9,6,40,1,1,0.8660254037844386,0.5000000000000001,15.0,10.0,1,2.05,3.9,1.3333333333333333,40.0
2020-02-12,5.0,10.0,25.0,16.428571428571427,30.0,23.333333333333332,90.0,60.0,3.0,4.571428571428571,6.0,5.714285714285714,0.1,0.9785714285714285,4.0,3.5714285714285716,1,0.42857142857142855,0,0.0,0,0.0,0,0.14285714285714285,1,0.14285714285714285,3,0.7142857142857143,55,38.57142857142857,2020-02-12,0,2020,2,12,2,43,1,0,0.8660254037844386,0.5000000000000001,20.0,13.214285714285714,1,2.05,3.9,1.4285714285714286,55.0
2020-02-13,5.0,10.0,20.0,15.0,28.0,22.666666666666668,90.0,90.0,3.0,4.5,6.0,5.5,0.1,0.9333333333333332,4.0,3.25,1,0.3333333333333333,1,0.16666666666666666,0,0.0,0,0.3333333333333333,1,0.16666666666666666,4,0.8333333333333334,57,35.833333333333336,2020-02-13,0,2020,2,13,3,44,1,0,0.8660254037844386,0.5000000000000001,15.0,12.5,0,2.05,3.9,2.4999999999999996,57.0
2020-02-14,5.0,9.166666666666666,20.0,14.166666666666666,25.0,20.0,225.0,117.0,3.0,4.2,6.0,5.4,0.1,0.72,4.0,3.1,1,0.125,1,0.125,0,0.0,0,0.125,1,0.125,4,0.5,57,23.375,2020-02-14,0,2020,2,14,4,45,1,0,0.8660254037844386,0.5000000000000001,15.0,11.666666666666666,0,2.05,3.9,2.25,57.0
2020-02-15,5.0,10.0,20.0,15.833333333333334,30.0,23.75,90.0,90.0,3.0,4.2,6.0,5.4,0.1,0.72,4.0,3.1,1,0.125,1,0.125,0,0.0,0,0.125,0,0.0,4,0.5,62,25.875,2020-02-15,0,2020,2,15,5,46,1,1,0.8660254037844386,0.5000000000000001,15.0,12.916666666666668,1,2.05,3.9,2.25,62.0
2020-02-16,5.0,7.142857142857143,20.0,12.142857142857142,25.0,20.0,90.0,90.0,3.0,4.166666666666667,6.0,5.333333333333333,0.1,0.6833333333333332,4.0,3.0,1,0.14285714285714285,1,0.14285714285714285,0,0.0,0,0.14285714285714285,0,0.0,4,0.5714285714285714,45,28.142857142857142,2020-02-16,0,2020,2,16,6,47,1,1,0.8660254037844386,0.5000000000000001,15.0,9.642857142857142,0,2.05,3.9,2.2857142857142856,45.0
2020-02-17,5.0,8.333333333333334,20.0,15.0,25.0,25.0,180.0,135.0,3.0,3.8333333333333335,6.0,5.333333333333333,0.1,0.4916666666666667,4.0,3.0,1,0.5,1,0.5,0,0.0,0,0.3333333333333333,0,0.0,4,2.0,52,40.166666666666664,2020-02-17,1,2020,2,17,0,48,1,0,0.8660254037844386,0.5000000000000001,15.0,11.666666666666668,0,2.05,3.9,3.0,52.0
2020-02-18,5.0,8.333333333333334,15.0,13.333333333333334,25.0,25.0,270.0,157.5,3.0,3.5,5.0,5.0,0.1,0.3,2.5,2.5,1,0.3333333333333333,1,0.16666666666666666,0,0.0,0,0.0,1,0.16666666666666666,4,0.8333333333333334,42,25.833333333333332,2020-02-18,0,2020,2,18,1,49,1,0,0.8660254037844386,0.5000000000000001,10.0,10.833333333333334,0,1.3,2.4,2.4999999999999996,42.0
2020-02-19,5.0,9.285714285714286,15.0,14.285714285714286,25.0,23.333333333333332,135.0,96.42857142857143,3.0,3.75,6.0,5.25,0.1,0.4,4.0,2.75,1,0.2857142857142857,1,0.14285714285714285,0,0.0,0,0.0,0,0.0,4,0.8571428571428571,42,26.857142857142858,2020-02-19,0,2020,2,19,2,50,1,0,0.8660254037844386,0.5000000000000001,10.0,11.785714285714286,0,2.05,3.9,2.4285714285714284,42.0
2020-11-16,5.0,8.75,20.0,14.0,30.0,22.5,270.0,120.0,3.0,4.333333333333333,6.0,5.166666666666667,0.1,0.8083333333333332,4.0,2.75,1,0.5,1,0.16666666666666666,0,0.0,0,0.3333333333333333,1,0.16666666666666666,4,1.0,35,26.333333333333332,2020-11-16,0,2020,11,16,0,321,1,0,-0.5000000000000004,0.8660254037844384,15.0,11.375,1,2.05,3.9,2.6666666666666665,35.0
2020-11-18,5.0,8.75,20.0,14.0,25.0,17.5,270.0,157.5,3.0,4.166666666666667,5.0,5.0,0.1,0.6833333333333332,2.5,2.25,1,0.3333333333333333,1,0.16666666666666666,0,0.0,0,0.6666666666666666,1,0.3333333333333333,4,0.8333333333333334,32,23.333333333333332,2020-11-18,0,2020,11,18,2,323,1,0,-0.5000000000000004,0.8660254037844384,15.0,11.375,0,1.3,2.4,2.4999999999999996,32.0
2020-11-19,5.0,8.75,20.0,14.0,20.0,16.0,270.0,180.0,3.0,4.166666666666667,5.0,5.0,0.1,0.6833333333333332,2.5,2.25,1,0.16666666666666666,0,0.0,0,0.0,0,0.6666666666666666,1,0.3333333333333333,1,0.16666666666666666,23,20.5,2020-11-19,0,2020,11,19,3,324,1,0,-0.5000000000000004,0.8660254037844384,15.0,11.375,0,1.3,2.4,1.1666666666666667,23.0
2020-11-20,5.0,8.75,20.0,14.0,25.0,21.0,270.0,180.0,3.0,4.0,6.0,5.333333333333333,0.1,0.5583333333333333,4.0,3.0,1,0.6666666666666666,0,0.0,0,0.0,0,0.5,1,0.5,1,0.6666666666666666,33,25.333333333333332,2020-11-20,0,2020,11,20,4,325,1,0,-0.5000000000000004,0.8660254037844384,15.0,11.375,0,2.05,3.9,1.6666666666666665,33.0
2020-11-23,5.0,8.75,20.0,14.0,30.0,21.25,270.0,127.5,3.0,3.8333333333333335,6.0,5.166666666666667,0.1,0.4916666666666667,4.0,2.75,1,0.3333333333333333,0,0.0,0,0.0,0,0.6666666666666666,1,0.6666666666666666,1,0.3333333333333333,35,23.5,2020-11-23,0,2020,11,23,0,328,1,0,-0.5000000000000004,0.8660254037844384,15.0,11.375,1,2.05,3.9,1.3333333333333333,35.0
2020-11-24,5.0,8.75,20.0,14.0,25.0,21.666666666666668,270.0,142.5,3.0,3.8333333333333335,6.0,5.166666666666667,0.1,0.4916666666666667,4.0,2.75,1,0.5,0,0.0,0,0.0,0,0.3333333333333333,1,0.3333333333333333,1,0.5,28,24.0,2020-11-24,0,2020,11,24,1,329,1,0,-0.5000000000000004,0.8660254037844384,15.0,11.375,0,2.05,3.9,1.5,28.0
2020-11-25,5.0,8.75,20.0,14.0,25.0,20.0,270.0,142.5,3.0,3.8333333333333335,6.0,5.166666666666667,0.1,0.4916666666666667,4.0,2.75,1,0.5,0,0.0,0,0.0,0,0.3333333333333333,1,0.16666666666666666,1,0.5,25,23.166666666666668,2020-11-25,0,2020,11,25,2,330,1,0,-0.5000000000000004,0.8660254037844384,15.0,11.375,0,2.05,3.9,1.5,25.0
2020-11-26,5.0,8.75,20.0,14.0,25.0,21.0,180.0,127.5,3.0,4.333333333333333,6.0,5.166666666666667,0.1,0.8083333333333332,4.0,2.75,1,0.5,0,0.0,0,0.0,0,0.3333333333333333,1,0.16666666666666666,1,0.5,30,24.0,2020-11-26,0,2020,11,26,3,331,1,0,-0.5000000000000004,0.8660254037844384,15.0,11.375,0,2.05,3.9,1.5,30.0
2020-11-27,5.0,8.75,20.0,14.0,30.0,22.5,180.0,150.0,3.0,4.333333333333333,6.0,5.333333333333333,0.1,0.8083333333333332,4.0,3.0,1,0.5,0,0.0,0,0.0,0,0.3333333333333333,1,0.3333333333333333,2,0.6666666666666666,35,27.0,2020-11-27,0,2020,11,27,4,332,1,0,-0.5000000000000004,0.8660254037844384,15.0,11.375,1,2.05,3.9,1.5,35.0
2020-11-28,5.0,8.75,20.0,14.0,30.0,24.0,270.0,135.0,3.0,4.333333333333333,6.0,5.5,0.1,0.8083333333333332,4.0,3.25,1,0.3333333333333333,0,0.0,0,0.0,0,0.5,1,0.5,1,0.3333333333333333,35,26.833333333333332,2020-11-28,0,2020,11,28,5,333,1,1,-0.5000000000000004,0.8660254037844384,15.0,11.375,1,2.05,3.9,1.3333333333333333,35.0
2020-11-29,5.0,8.75,20.0,14.0,25.0,20.0,315.0,150.0,3.0,4.333333333333333,6.0,5.333333333333333,0.1,0.8083333333333332,4.0,3.0,1,0.3333333333333333,1,0.16666666666666666,0,0.0,0,0.5,1,0.3333333333333333,4,0.8333333333333334,32,25.0,2020-11-29,0,2020,11,29,6,334,1,1,-0.5000000000000004,0.8660254037844384,15.0,11.375,0,2.05,3.9,2.4999999999999996,32.0
2020-11-30,5.0,8.75,20.0,14.0,25.0,20.0,270.0,157.5,3.0,4.333333333333333,5.0,5.0,0.1,0.8083333333333332,2.5,2.5,1,0.6666666666666666,1,0.3333333333333333,0,0.0,0,0.3333333333333333,1,0.16666666666666666,4,1.6666666666666667,37,25.833333333333332,2020-11-30,0,2020,11,30,0,335,1,0,-0.5000000000000004,0.8660254037844384,15.0,11.375,0,1.3,2.4,3.0,37.0
2020-12-01,5.0,8.75,20.0,14.0,25.0,18.333333333333332,270.0,120.0,3.0,4.333333333333333,5.0,5.0,0.1,0.8083333333333332,2.5,2.5,1,0.3333333333333333,1,0.16666666666666666,0,0.0,0,0.5,1,0.16666666666666666,4,0.8333333333333334,32,23.333333333333332,2020-12-01,0,2020,12,1,1,336,1,0,-2.4492935982947064e-16,1.0,15.0,11.375,0,1.3,2.4,2.4999999999999996,32.0
2020-12-02,5.0,8.75,20.0,14.0,20.0,18.333333333333332,315.0,127.5,3.0,4.5,5.0,5.0,0.1,0.9333333333333332,2.5,2.5,1,0.5,1,0.3333333333333333,0,0.0,0,0.3333333333333333,1,0.3333333333333333,4,1.6666666666666667,32,25.0,2020-12-02,0,2020,12,2,2,337,1,0,-2.4492935982947064e-16,1.0,15.0,11.375,0,1.3,2.4,2.8333333333333335,32.0
2020-12-03,5.0,8.75,20.0,14.0,25.0,22.5,90.0,90.0,4.0,4.0,5.0,5.0,0.5,0.5,2.5,2.5,1,1.0,0,0.0,0,0.0,1,1.0,1,1.0,2,2.0,26,26.0,2020-12-03,0,2020,12,3,3,338,1,0,-2.4492935982947064e-16,1.0,15.0,11.375,0,1.5,2.0,2.0,26.0
2020-12-04,5.0,8.75,20.0,14.0,15.0,15.0,135.0,135.0,4.0,4.0,5.0,5.0,0.5,0.5,2.5,2.5,0,0.0,0,0.0,0,0.0,0,0.0,1,1.0,0,0.0,20,20.0,2020-12-04,0,2020,12,4,4,339,1,0,-2.4492935982947064e-16,1.0,15.0,11.375,0,1.5,2.0,0.0,20.0
2020-12-05,5.0,8.75,20.0,14.0,25.0,18.0,180.0,122.14285714285714,3.0,4.285714285714286,6.0,5.285714285714286,0.1,0.7642857142857142,4.0,2.9285714285714284,1,0.42857142857142855,1,0.2857142857142857,0,0.0,0,0.5714285714285714,1,0.42857142857142855,4,1.2857142857142858,32,26.0,2020-12-05,0,2020,12,5,5,340,1,1,-2.4492935982947064e-16,1.0,15.0,11.375,0,2.05,3.9,2.7142857142857144,32.0
2020-12-06,5.0,8.75,20.0,14.0,25.0,22.5,270.0,160.71428571428572,3.0,4.428571428571429,6.0,5.285714285714286,0.1,0.8714285714285713,4.0,2.9285714285714284,1,0.42857142857142855,1,0.14285714285714285,0,0.0,0,0.2857142857142857,1,0.5714285714285714,4,0.8571428571428571,32,24.714285714285715,2020-12-06,1,2020,12,6,6,341,1,1,-2.4492935982947064e-16,1.0,15.0,11.375,0,2.05,3.9,2.5714285714285716,32.0
2020-12-07,5.0,8.75,20.0,14.0,30.0,22.5,315.0,173.57142857142858,3.0,4.285714285714286,6.0,5.714285714285714,0.1,0.7642857142857142,4.0,3.5714285714285716,1,0.7142857142857143,1,0.14285714285714285,0,0.0,0,0.0,1,0.2857142857142857,4,1.1428571428571428,37,29.142857142857142,2020-12-07,0,2020,12,7,0,342,1,0,-2.4492935982947064e-16,1.0,15.0,11.375,1,2.05,3.9,2.857142857142857,37.0
2020-12-08,5.0,8.75,20.0,14.0,30.0,20.0,225.0,154.28571428571428,3.0,4.571428571428571,6.0,5.571428571428571,0.1,1.05,4.0,3.357142857142857,1,0.42857142857142855,1,0.42857142857142855,0,0.0,0,0.2857142857142857,1,0.2857142857142857,4,1.7142857142857142,42,30.142857142857142,2020-12-08,0,2020,12,8,1,343,1,0,-2.4492935982947064e-16,1.0,15.0,11.375,1,2.05,3.9,2.857142857142857,42.0
2020-12-09,5.0,8.75,20.0,14.0,30.0,21.666666666666668,315.0,141.42857142857142,4.0,4.714285714285714,6.0,5.428571428571429,0.5,1.1071428571428572,4.0,3.142857142857143,1,0.7142857142857143,1,0.2857142857142857,0,0.0,0,0.2857142857142857,1,0.14285714285714285,4,1.7142857142857142,35,28.714285714285715,2020-12-09,1,2020,12,9,2,344,1,0,-2.4492935982947064e-16,1.0,15.0,11.375,1,2.25,3.5,3.0,35.0
2020-12-10,5.0,8.75,20.0,14.0,30.0,20.0,180.0,83.57142857142857,3.0,4.571428571428571,6.0,5.428571428571429,0.1,1.05,4.0,3.142857142857143,1,0.8571428571428571,1,0.42857142857142855,0,0.0,0,0.14285714285714285,1,0.14285714285714285,4,2.2857142857142856,37,30.428571428571427,2020-12-10,0,2020,12,10,3,345,1,0,-2.4492935982947064e-16,1.0,15.0,11.375,1,2.05,3.9,3.2857142857142856,37.0
2020-12-11,5.0,8.75,20.0,14.0,30.0,23.75,180.0,109.28571428571429,3.0,4.571428571428571,6.0,5.285714285714286,0.1,0.9785714285714285,4.0,2.7285714285714286,1,0.8571428571428571,0,0.0,0,0.0,0,0.2857142857142857,1,0.2857142857142857,1,0.8571428571428571,35,26.142857142857142,2020-12-11,0,2020,12,11,4,346,1,0,-2.4492935982947064e-16,1.0,15.0,11.375,1,2.05,3.9,1.8571428571428572,35.0
2020-12-14,5.0,8.75,20.0,14.0,25.0,19.0,180.0,109.28571428571429,3.0,4.428571428571429,6.0,5.142857142857143,0.1,0.8714285714285713,4.0,2.5,1,0.7142857142857143,1,0.2857142857142857,0,0.0,0,0.2857142857142857,1,0.2857142857142857,4,2.0,32,27.428571428571427,2020-12-14,0,2020,12,14,0,349,1,0,-2.4492935982947064e-16,1.0,15.0,11.375,0,2.05,3.9,3.0,32.0
2020-12-15,5.0,8.75,20.0,14.0,20.0,20.0,180.0,115.71428571428571,3.0,4.285714285714286,6.0,5.142857142857143,0.1,0.7642857142857142,4.0,2.5,1,0.7142857142857143,1,0.14285714285714285,0,0.0,0,0.2857142857142857,1,0.14285714285714285,4,1.5714285714285714,32,25.428571428571427,2020-12-15,1,2020,12,15,1,350,1,0,-2.4492935982947064e-16,1.0,15.0,11.375,0,2.05,3.9,2.857142857142857,32.0
2020-12-16,5.0,8.75,20.0,14.0,20.0,17.5,225.0,135.0,3.0,4.428571428571429,5.0,5.0,0.1,0.8714285714285713,2.5,2.2857142857142856,1,0.5714285714285714,0,0.0,0,0.0,0,0.2857142857142857,0,0.0,1,0.5714285714285714,23,21.714285714285715,2020-12-16,0,2020,12,16,2,351,1,0,-2.4492935982947064e-16,1.0,15.0,11.375,0,1.3,2.4,1.5714285714285714,23.0
2020-12-17,5.0,8.75,20.0,14.0,25.0,20.0,270.0,154.28571428571428,3.0,4.428571428571429,5.0,5.0,0.1,0.8714285714285713,2.5,2.5,1,0.7142857142857143,1,0.2857142857142857,0,0.0,0,0.2857142857142857,0,0.0,4,1.8571428571428572,32,26.285714285714285,2020-12-17,0,2020,12,17,3,352,1,0,-2.4492935982947064e-16,1.0,15.0,11.375,0,1.3,2.4,3.0,32.0
2020-12-18,5.0,8.75,20.0,14.0,20.0,18.333333333333332,270.0,128.57142857142858,3.0,4.428571428571429,5.0,5.0,0.1,0.8714285714285713,2.5,2.5,1,0.7142857142857143,1,0.2857142857142857,0,0.0,0,0.2857142857142857,1,0.2857142857142857,4,1.7142857142857142,32,25.142857142857142,2020-12-18,0,2020,12,18,4,353,1,0,-2.4492935982947064e-16,1.0,15.0,11.375,0,1.3,2.4,3.0,32.0
2020-12-19,5.0,8.75,20.0,14.0,20.0,16.666666666666668,270.0,128.57142857142858,4.0,4.714285714285714,6.0,5.285714285714286,0.5,1.0357142857142858,4.0,2.9285714285714284,1,0.7142857142857143,1,0.2857142857142857,0,0.0,0,0.0,1,0.14285714285714285,4,1.5714285714285714,32,26.142857142857142,2020-12-19,0,2020,12,19,5,354,1,1,-2.4492935982947064e-16,1.0,15.0,11.375,0,2.25,3.5,3.0,32.0
2020-12-20,5.0,8.75,20.0,14.0,20.0,17.5,180.0,102.85714285714286,4.0,4.714285714285714,6.0,5.285714285714286,0.5,1.0357142857142858,4.0,2.9285714285714284,1,0.7142857142857143,1,0.5714285714285714,0,0.0,0,0.0,1,0.2857142857142857,4,2.4285714285714284,32,28.714285714285715,2020-12-20,0,2020,12,20,6,355,1,1,-2.4492935982947064e-16,1.0,15.0,11.375,0,2.25,3.5,3.2857142857142856,32.0
2020-12-21,5.0,8.75,20.0,14.0,20.0,18.75,270.0,135.0,3.0,4.285714285714286,6.0,5.142857142857143,0.1,0.7642857142857142,4.0,2.7142857142857144,1,0.7142857142857143,1,0.2857142857142857,0,0.0,0,0.0,1,0.2857142857142857,4,1.5714285714285714,32,25.428571428571427,2020-12-21,0,2020,12,21,0,356,1,0,-2.4492935982947064e-16,1.0,15.0,11.375,0,2.05,3.9,3.0,32.0
2020-12-22,5.0,8.75,20.0,14.0,25.0,20.0,180.0,109.28571428571429,3.0,4.142857142857143,5.0,5.0,0.1,0.6571428571428571,2.5,2.5,1,0.2857142857142857,1,0.14285714285714285,0,0.0,0,0.2857142857142857,1,0.5714285714285714,4,0.8571428571428571,32,23.285714285714285,2020-12-22,1,2020,12,22,1,357,1,0,-2.4492935982947064e-16,1.0,15.0,11.375,0,1.3,2.4,2.4285714285714284,32.0
2020-12-23,5.0,8.75,20.0,14.0,25.0,23.75,270.0,167.14285714285714,4.0,4.714285714285714,6.0,5.142857142857143,0.5,1.0357142857142858,4.0,2.7142857142857144,1,0.7142857142857143,1,0.14285714285714285,0,0.0,0,0.2857142857142857,1,0.2857142857142857,4,1.1428571428571428,32,26.285714285714285,2020-12-23,0,2020,12,23,2,358,1,0,-2.4492935982947064e-16,1.0,15.0,11.375,0,2.25,3.5,2.857142857142857,32.0
2020-12-24,5.0,8.75,20.0,14.0,25.0,19.0,270.0,167.14285714285714,3.0,4.428571428571429,6.0,5.142857142857143,0.1,0.8714285714285713,4.0,2.7142857142857144,1,0.7142857142857143,1,0.14285714285714285,0,0.0,0,0.42857142857142855,1,0.14285714285714285,4,1.1428571428571428,33,24.857142857142858,2020-12-24,1,2020,12,24,3,359,1,0,-2.4492935982947064e-16,1.0,15.0,11.375,0,2.05,3.9,2.857142857142857,33.0
2020-12-26,5.0,8.75,20.0,14.0,30.0,25.0,270.0,173.57142857142858,4.0,4.714285714285714,6.0,5.714285714285714,0.5,1.0357142857142858,4.0,3.5714285714285716,1,0.7142857142857143,1,0.14285714285714285,0,0.0,0,0.2857142857142857,0,0.0,4,2.0,39,31.714285714285715,2020-12-26,0,2020,12,26,5,361,1,1,-2.4492935982947064e-16,1.0,15.0,11.375,1,2.25,3.5,2.857142857142857,39.0
2020-12-27,5.0,8.75,20.0,14.0,20.0,20.0,270.0,147.85714285714286,4.0,4.714285714285714,6.0,5.428571428571429,0.5,1.0357142857142858,4.0,3.142857142857143,1,0.7142857142857143,1,0.2857142857142857,0,0.0,0,0.2857142857142857,1,0.14285714285714285,4,1.8571428571428572,32,27.714285714285715,2020-12-27,0,2020,12,27,6,362,1,1,-2.4492935982947064e-16,1.0,15.0,11.375,0,2.25,3.5,3.0,32.0
2020-12-28,5.0,8.75,20.0,14.0,20.0,16.666666666666668,180.0,108.0,4.0,4.8,6.0,5.2,0.5,1.1,4.0,2.8,1,0.6,1,0.6,0,0.0,0,0.4,1,0.2,6,2.8,38,29.4,2020-12-28,0,2020,12,28,0,363,1,0,-2.4492935982947064e-16,1.0,15.0,11.375,0,2.25,3.5,3.2,38.0
2020-12-30,5.0,8.75,20.0,14.0,33.0,22.0,180.0,112.5,4.0,4.5,6.0,5.166666666666667,0.5,0.875,4.0,2.75,1,0.6666666666666666,1,0.3333333333333333,0,0.0,0,0.3333333333333333,1,0.3333333333333333,4,1.8333333333333333,35,28.0,2020-12-30,1,2020,12,30,2,365,1,0,-2.4492935982947064e-16,1.0,15.0,11.375,1,2.25,3.5,3.0,35.0
2020-12-31,5.0,8.75,20.0,14.0,33.0,22.6,180.0,112.5,4.0,4.5,6.0,5.166666666666667,0.5,0.875,4.0,2.75,1,0.6666666666666666,1,0.16666666666666666,0,0.0,0,0.3333333333333333,1,0.3333333333333333,4,1.3333333333333333,35,27.333333333333332,2020-12-31,1,2020,12,31,3,366,1,0,-2.4492935982947064e-16,1.0,15.0,11.375,1,2.25,3.5,2.833333333333333,35.0
2021-01-02,5.0,8.75,20.0,14.0,25.0,25.0,135.0,135.0,5.0,5.0,5.0,5.0,1.25,1.25,2.5,2.5,1,1.0,1,1.0,0,0.0,0,0.0,0,0.0,4,4.0,37,37.0,2021-01-02,0,2021,1,2,5,2,1,1,0.49999999999999994,0.8660254037844387,15.0,11.375,0,1.875,1.25,4.0,37.0
2021-01-04,5.0,8.75,20.0,14.0,25.0,22.5,135.0,135.0,5.0,5.0,5.0,5.0,1.25,1.25,2.5,2.5,1,1.0,0,0.0,0,0.0,0,0.0,0,0.0,2,2.0,26,26.0,2021-01-04,0,2021,1,4,0,4,1,0,0.49999999999999994,0.8660254037844387,15.0,11.375,0,1.875,1.25,2.0,26.0
2021-01-11,5.0,8.75,20.0,14.0,25.0,22.5,180.0,180.0,5.0,5.0,5.0,5.0,1.25,1.25,2.5,2.5,1,1.0,0,0.0,0,0.0,0,0.0,0,0.0,1,1.0,23,23.0,2021-01-11,0,2021,1,11,0,11,1,0,0.49999999999999994,0.8660254037844387,15.0,11.375,0,1.875,1.25,2.0,23.0
2021-01-12,5.0,8.75,20.0,14.0,25.0,22.5,180.0,180.0,5.0,5.0,5.0,5.0,1.25,1.25,2.5,2.5,1,1.0,0,0.0,0,0.0,0,0.0,0,0.0,1,1.0,23,23.0,2021-01-12,0,2021,1,12,1,12,1,0,0.49999999999999994,0.8660254037844387,15.0,11.375,0,1.875,1.25,2.0,23.0
2021-01-13,5.0,8.75,20.0,14.0,25.0,22.5,90.0,90.0,4.0,4.714285714285714,6.0,5.0,0.5,1.0357142857142858,2.75,2.5,1,1.0,0,0.0,0,0.0,0,0.0,0,0.0,1,1.0,3,3.0,2021-01-13,0,2021,1,13,2,13,1,0,0.49999999999999994,0.8660254037844387,15.0,11.375,0,1.625,2.25,2.0,3.0
2021-01-14,5.0,8.75,20.0,14.0,25.0,22.5,90.0,90.0,4.0,4.714285714285714,6.0,5.0,0.5,1.0357142857142858,2.75,2.5,1,1.0,0,0.0,0,0.0,0,0.0,0,0.0,1,1.0,3,3.0,2021-01-14,0,2021,1,14,3,14,1,0,0.49999999999999994,0.8660254037844387,15.0,11.375,0,1.625,2.25,2.0,3.0
2021-01-15,5.0,8.75,20.0,14.0,25.0,22.5,180.0,180.0,4.0,4.714285714285714,6.0,5.0,0.5,1.0357142857142858,2.75,2.5,1,1.0,0,0.0,0,0.0,0,0.0,0,0.0,1,1.0,3,3.0,2021-01-15,0,2021,1,15,4,15,1,0,0.49999999999999994,0.8660254037844387,15.0,11.375,0,1.625,2.25,2.0,3.0
2021-01-16,5.0,8.75,20.0,14.0,25.0,22.5,180.0,180.0,4.0,4.714285714285714,6.0,5.0,0.5,1.0357142857142858,2.75,2.5,1,1.0,0,0.0,0,0.0,0,0.0,0,0.0,1,1.0,3,3.0,2021-01-16,0,2021,1,16,5,16,1,1,0.49999999999999994,0.8660254037844387,15.0,11.375,0,1.625,2.25,2.0,3.0
2021-01-17,5.0,8.75,20.0,14.0,25.0,22.5,180.0,180.0,4.0,4.714285714285714,6.0,5.0,0.5,1.0357142857142858,2.75,2.5,1,1.0,0,0.0,0,0.0,0,0.0,0,0.0,3,3.0,9,9.0,2021-01-17,0,2021,1,17,6,17,1,1,0.49999999999999994,0.8660254037844387,15.0,11.375,0,1.625,2.25,2.0,9.0
2021-01-18,5.0,8.75,20.0,14.0,40.0,40.0,270.0,270.0,4.0,4.714285714285714,6.0,5.0,0.5,1.0357142857142858,2.75,2.5,1,1.0,0,0.0,0,0.0,0,0.0,0,0.0,1,1.0,18,18.0,2021-01-18,0,2021,1,18,0,18,1,0,0.49999999999999994,0.8660254037844387,15.0,11.375,1,1.625,2.25,2.0,18.0
2021-01-19,5.0,8.75,20.0,14.0,25.0,22.5,315.0,315.0,4.0,4.714285714285714,6.0,5.0,0.5,1.0357142857142858,2.75,2.5,1,1.0,0,0.0,0,0.0,0,0.0,0,0.0,1,1.0,3,3.0,2021-01-19,0,2021,1,19,1,19,1,0,0.49999999999999994,0.8660254037844387,15.0,11.375,0,1.625,2.25,2.0,3.0
2021-01-20,5.0,8.75,20.0,14.0,25.0,22.5,0.0,0.0,4.0,4.714285714285714,6.0,5.0,0.5,1.0357142857142858,2.75,2.5,1,1.0,0,0.0,0,0.0,0,0.0,0,0.0,1,1.0,3,3.0,2021-01-20,0,2021,1,20,2,20,1,0,0.49999999999999994,0.8660254037844387,15.0,11.375,0,1.625,2.25,2.0,3.0
2021-01-21,5.0,8.75,20.0,14.0,25.0,22.5,0.0,0.0,4.0,4.714285714285714,6.0,5.0,0.5,1.0357142857142858,2.75,2.5,1,1.0,0,0.0,0,0.0,0,0.0,0,0.0,1,1.0,3,3.0,2021-01-21,0,2021,1,21,3,21,1,0,0.49999999999999994,0.8660254037844387,15.0,11.375,0,1.625,2.25,2.0,3.0
2021-01-22,5.0,8.75,20.0,14.0,15.0,15.0,135.0,135.0,4.0,4.714285714285714,6.0,5.0,0.5,1.0357142857142858,2.75,2.5,1,1.0,1,1.0,0,0.0,0,0.0,0,0.0,4,4.0,12,12.0,2021-01-22,0,2021,1,22,4,22,1,0,0.49999999999999994,0.8660254037844387,15.0,11.375,0,1.625,2.25,4.0,12.0
2021-01-23,5.0,8.75,20.0,14.0,25.0,22.5,90.0,90.0,4.0,4.714285714285714,6.0,5.0,0.5,1.0357142857142858,2.75,2.5,1,1.0,0,0.0,0,0.0,0,0.0,1,1.0,1,1.0,3,3.0,2021-01-23,1,2021,1,23,5,23,1,1,0.49999999999999994,0.8660254037844387,15.0,11.375,0,1.625,2.25,2.0,3.0
2021-02-08,5.0,8.75,20.0,14.0,25.0,22.5,90.0,90.0,4.0,4.0,5.0,5.0,0.5,0.5,2.5,2.5,1,1.0,0,0.0,0,0.0,0,0.0,0,0.0,2,2.0,26,26.0,2021-02-08,0,2021,2,8,0,39,1,0,0.8660254037844386,0.5000000000000001,15.0,11.375,0,1.5,2.0,2.0,26.0
2021-02-09,5.0,8.75,20.0,14.0,25.0,22.5,90.0,90.0,4.0,4.714285714285714,6.0,5.0,0.5,1.0357142857142858,2.75,2.5,1,1.0,1,1.0,0,0.0,0,0.0,0,0.0,4,4.0,12,12.0,2021-02-09,0,2021,2,9,1,40,1,0,0.8660254037844386,0.5000000000000001,15.0,11.375,0,1.625,2.25,4.0,12.0
2021-02-11,5.0,8.75,20.0,14.0,25.0,22.5,180.0,180.0,4.0,4.714285714285714,6.0,5.0,0.5,1.0357142857142858,2.75,2.5,1,1.0,0,0.0,0,0.0,0,0.0,0,0.0,1,1.0,3,3.0,2021-02-11,0,2021,2,11,3,42,1,0,0.8660254037844386,0.5000000000000001,15.0,11.375,0,1.625,2.25,2.0,3.0
2021-02-12,5.0,8.75,20.0,14.0,15.0,15.0,135.0,135.0,4.0,4.714285714285714,6.0,5.0,0.5,1.0357142857142858,2.75,2.5,0,0.0,0,0.0,0,0.0,0,0.0,1,1.0,0,0.0,0,0.0,2021-02-12,0,2021,2,12,4,43,1,0,0.8660254037844386,0.5000000000000001,15.0,11.375,0,1.625,2.25,0.0,0.0
2021-02-13,5.0,8.75,20.0,14.0,25.0,22.5,180.0,180.0,5.0,5.0,5.0,5.0,1.25,1.25,2.5,2.5,1,1.0,0,0.0,0,0.0,0,0.0,0,0.0,2,2.0,26,26.0,2021-02-13,0,2021,2,13,5,44,1,1,0.8660254037844386,0.5000000000000001,15.0,11.375,0,1.875,1.25,2.0,26.0
2021-02-14,5.0,8.75,20.0,14.0,25.0,22.5,180.0,180.0,5.0,5.0,5.0,5.0,1.25,1.25,2.5,2.5,1,1.0,0,0.0,0,0.0,0,0.0,0,0.0,1,1.0,23,23.0,2021-02-14,0,2021,2,14,6,45,1,1,0.8660254037844386,0.5000000000000001,15.0,11.375,0,1.875,1.25,2.0,23.0
2021-02-15,5.0,8.75,20.0,14.0,25.0,22.5,90.0,90.0,5.0,5.0,5.0,5.0,1.25,1.25,2.5,2.5,1,1.0,0,0.0,0,0.0,0,0.0,0,0.0,1,1.0,23,23.0,2021-02-15,0,2021,2,15,0,46,1,0,0.8660254037844386,0.5000000000000001,15.0,11.375,0,1.875,1.25,2.0,23.0
2021-02-16,5.0,8.75,20.0,14.0,25.0,22.5,90.0,90.0,4.0,4.714285714285714,6.0,5.0,0.5,1.0357142857142858,2.75,2.5,0,0.0,0,0.0,0,0.0,0,0.0,1,1.0,0,0.0,0,0.0,2021-02-16,0,2021,2,16,1,47,1,0,0.8660254037844386,0.5000000000000001,15.0,11.375,0,1.625,2.25,0.0,0.0
2021-02-17,5.0,8.75,20.0,14.0,25.0,22.5,90.0,90.0,4.0,4.714285714285714,6.0,5.0,0.5,1.0357142857142858,2.75,2.5,1,1.0,0,0.0,0,0.0,0,0.0,0,0.0,1,1.0,3,3.0,2021-02-17,0,2021,2,17,2,48,1,0,0.8660254037844386,0.5000000000000001,15.0,11.375,0,1.625,2.25,2.0,3.0
2021-02-18,5.0,8.75,20.0,14.0,25.0,22.5,90.0,90.0,4.0,4.714285714285714,6.0,5.0,0.5,1.0357142857142858,2.75,2.5,1,1.0,0,0.0,0,0.0,0,0.0,0,0.0,1,1.0,3,3.0,2021-02-18,1,2021,2,18,3,49,1,0,0.8660254037844386,0.5000000000000001,15.0,11.375,0,1.625,2.25,2.0,3.0
2021-06-01,5.0,8.75,20.0,14.0,25.0,22.5,180.0,180.0,5.0,5.0,6.0,6.0,1.25,1.25,4.0,4.0,1,1.0,0,0.0,0,0.0,0,0.0,0,0.0,2,2.0,31,31.0,2021-06-01,0,2021,6,1,1,152,0,0,1.2246467991473532e-16,-1.0,15.0,11.375,0,2.625,2.75,2.0,31.0
2021-06-02,5.0,8.75,20.0,14.0,25.0,22.5,135.0,135.0,4.0,4.714285714285714,6.0,5.0,0.5,1.0357142857142858,2.75,2.5,1,1.0,0,0.0,0,0.0,0,0.0,0,0.0,1,1.0,3,3.0,2021-06-02,0,2021,6,2,2,153,0,0,1.2246467991473532e-16,-1.0,15.0,11.375,0,1.625,2.25,2.0,3.0
2021-06-03,5.0,8.75,20.0,14.0,25.0,22.5,135.0,135.0,4.0,4.714285714285714,6.0,5.0,0.5,1.0357142857142858,2.75,2.5,0,0.0,0,0.0,0,0.0,0,0.0,1,1.0,0,0.0,0,0.0,2021-06-03,1,2021,6,3,3,154,0,0,1.2246467991473532e-16,-1.0,15.0,11.375,0,1.625,2.25,0.0,0.0
2021-06-04,5.0,8.75,20.0,14.0,20.0,20.0,135.0,135.0,5.0,5.0,5.0,5.0,1.25,1.25,2.5,2.5,0,0.0,0,0.0,0,0.0,0,0.0,0,0.0,0,0.0,20,20.0,2021-06-04,1,2021,6,4,4,155,0,0,1.2246467991473532e-16,-1.0,15.0,11.375,0,1.875,1.25,0.0,20.0
2021-06-05,5.0,8.75,20.0,14.0,20.0,20.0,135.0,135.0,5.0,5.0,5.0,5.0,1.25,1.25,2.5,2.5,0,0.0,0,0.0,0,0.0,0,0.0,0,0.0,0,0.0,20,20.0,2021-06-05,0,2021,6,5,5,156,0,1,1.2246467991473532e-16,-1.0,15.0,11.375,0,1.875,1.25,0.0,20.0
2021-06-07,5.0,8.75,20.0,14.0,25.0,22.5,180.0,180.0,6.0,6.0,6.0,6.0,2.5,2.5,4.0,4.0,1,1.0,0,0.0,0,0.0,0,0.0,0,0.0,1,1.0,28,28.0,2021-06-07,0,2021,6,7,0,158,0,0,1.2246467991473532e-16,-1.0,15.0,11.375,0,3.25,1.5,2.0,28.0
2021-06-08,5.0,8.75,20.0,14.0,25.0,22.5,180.0,180.0,6.0,6.0,6.0,6.0,2.5,2.5,4.0,4.0,1,1.0,0,0.0,0,0.0,0,0.0,1,1.0,2,2.0,31,31.0,2021-06-08,0,2021,6,8,1,159,0,0,1.2246467991473532e-16,-1.0,15.0,11.375,0,3.25,1.5,2.0,31.0
2021-06-09,5.0,8.75,20.0,14.0,25.0,22.5,180.0,180.0,4.0,4.714285714285714,6.0,5.0,0.5,1.0357142857142858,2.75,2.5,0,0.0,0,0.0,0,0.0,1,1.0,0,0.0,0,0.0,0,0.0,2021-06-09,0,2021,6,9,2,160,0,0,1.2246467991473532e-16,-1.0,15.0,11.375,0,1.625,2.25,0.0,0.0
2021-06-10,5.0,8.75,20.0,14.0,25.0,22.5,180.0,180.0,4.0,4.714285714285714,6.0,5.0,0.5,1.0357142857142858,2.75,2.5,1,1.0,0,0.0,0,0.0,1,1.0,0,0.0,2,2.0,6,6.0,2021-06-10,0,2021,6,10,3,161,0,0,1.2246467991473532e-16,-1.0,15.0,11.375,0,1.625,2.25,2.0,6.0
2021-06-11,5.0,8.75,20.0,14.0,25.0,22.5,180.0,180.0,4.0,4.714285714285714,6.0,5.0,0.5,1.0357142857142858,2.75,2.5,1,1.0,0,0.0,0,0.0,1,1.0,0,0.0,1,1.0,3,3.0,2021-06-11,0,2021,6,11,4,162,0,0,1.2246467991473532e-16,-1.0,15.0,11.375,0,1.625,2.25,2.0,3.0
2021-06-12,5.0,8.75,20.0,14.0,25.0,22.5,180.0,180.0,4.0,4.714285714285714,6.0,5.0,0.5,1.0357142857142858,2.75,2.5,1,1.0,0,0.0,0,0.0,0,0.0,0,0.0,2,2.0,6,6.0,2021-06-12,0,2021,6,12,5,163,0,1,1.2246467991473532e-16,-1.0,15.0,11.375,0,1.625,2.25,2.0,6.0
2021-06-13,5.0,8.75,20.0,14.0,15.0,15.0,135.0,135.0,5.0,5.0,5.0,5.0,1.25,1.25,2.5,2.5,1,1.0,0,0.0,0,0.0,0,0.0,1,1.0,2,2.0,26,26.0,2021-06-13,0,2021,6,13,6,164,0,1,1.2246467991473532e-16,-1.0,15.0,11.375,0,1.875,1.25,2.0,26.0
2021-06-18,5.0,8.75,20.0,14.0,25.0,22.5,180.0,180.0,5.0,5.0,5.0,5.0,1.25,1.25,2.5,2.5,1,1.0,0,0.0,0,0.0,0,0.0,1,1.0,2,2.0,26,26.0,2021-06-18,0,2021,6,18,4,169,0,0,1.2246467991473532e-16,-1.0,15.0,11.375,0,1.875,1.25,2.0,26.0
2021-06-19,5.0,8.75,20.0,14.0,25.0,22.5,180.0,180.0,4.0,4.714285714285714,6.0,5.0,0.5,1.0357142857142858,2.75,2.5,1,1.0,0,0.0,0,0.0,0,0.0,0,0.0,2,2.0,6,6.0,2021-06-19,0,2021,6,19,5,170,0,1,1.2246467991473532e-16,-1.0,15.0,11.375,0,1.625,2.25,2.0,6.0
2021-06-20,5.0,8.75,20.0,14.0,25.0,22.5,180.0,180.0,4.0,4.714285714285714,6.0,5.0,0.5,1.0357142857142858,2.75,2.5,1,1.0,0,0.0,0,0.0,0,0.0,1,1.0,2,2.0,6,6.0,2021-06-20,0,2021,6,20,6,171,0,1,1.2246467991473532e-16,-1.0,15.0,11.375,0,1.625,2.25,2.0,6.0
2021-06-21,5.0,8.75,20.0,14.0,25.0,22.5,180.0,180.0,4.0,4.714285714285714,6.0,5.0,0.5,1.0357142857142858,2.75,2.5,1,1.0,0,0.0,0,0.0,0,0.0,0,0.0,2,2.0,6,6.0,2021-06-21,0,2021,6,21,0,172,0,0,1.2246467991473532e-16,-1.0,15.0,11.375,0,1.625,2.25,2.0,6.0
2021-06-22,5.0,8.75,20.0,14.0,25.0,22.5,180.0,180.0,4.0,4.714285714285714,6.0,5.0,0.5,1.0357142857142858,2.75,2.5,1,1.0,0,0.0,0,0.0,1,1.0,0,0.0,2,2.0,6,6.0,2021-06-22,0,2021,6,22,1,173,0,0,1.2246467991473532e-16,-1.0,15.0,11.375,0,1.625,2.25,2.0,6.0
2021-06-23,5.0,8.75,20.0,14.0,25.0,22.5,180.0,180.0,5.0,5.0,6.0,6.0,1.25,1.25,4.0,4.0,1,1.0,0,0.0,0,0.0,0,0.0,1,1.0,2,2.0,31,31.0,2021-06-23,0,2021,6,23,2,174,0,0,1.2246467991473532e-16,-1.0,15.0,11.375,0,2.625,2.75,2.0,31.0
2021-06-24,5.0,8.75,20.0,14.0,25.0,22.5,180.0,180.0,5.0,5.0,5.0,5.0,1.25,1.25,2.5,2.5,1,1.0,0,0.0,0,0.0,0,0.0,1,1.0,2,2.0,26,26.0,2021-06-24,1,2021,6,24,3,175,0,0,1.2246467991473532e-16,-1.0,15.0,11.375,0,1.875,1.25,2.0,26.0
2021-06-25,5.0,8.75,20.0,14.0,25.0,22.5,180.0,180.0,4.0,4.714285714285714,6.0,5.0,0.5,1.0357142857142858,2.75,2.5,1,1.0,0,0.0,0,0.0,0,0.0,0,0.0,1,1.0,3,3.0,2021-06-25,0,2021,6,25,4,176,0,0,1.2246467991473532e-16,-1.0,15.0,11.375,0,1.625,2.25,2.0,3.0
2021-06-28,5.0,8.75,20.0,14.0,30.0,30.0,135.0,135.0,4.0,4.714285714285714,6.0,5.0,0.5,1.0357142857142858,2.75,2.5,1,1.0,0,0.0,0,0.0,0,0.0,1,1.0,1,1.0,13,13.0,2021-06-28,0,2021,6,28,0,179,0,0,1.2246467991473532e-16,-1.0,15.0,11.375,1,1.625,2.25,2.0,13.0
2021-06-29,5.0,8.75,20.0,14.0,30.0,30.0,135.0,135.0,4.0,4.714285714285714,6.0,5.0,0.5,1.0357142857142858,2.75,2.5,0,0.0,0,0.0,0,0.0,0,0.0,1,1.0,0,0.0,10,10.0,2021-06-29,0,2021,6,29,1,180,0,0,1.2246467991473532e-16,-1.0,15.0,11.375,1,1.625,2.25,0.0,10.0
2021-06-30,5.0,8.75,20.0,14.0,25.0,25.0,135.0,135.0,5.0,5.0,6.0,6.0,1.25,1.25,4.0,4.0,1,1.0,0,0.0,0,0.0,0,0.0,1,1.0,2,2.0,36,36.0,2021-06-30,0,2021,6,30,2,181,0,0,1.2246467991473532e-16,-1.0,15.0,11.375,0,2.625,2.75,2.0,36.0
2021-07-05,5.0,8.75,20.0,14.0,25.0,25.0,135.0,135.0,4.0,4.714285714285714,6.0,5.0,0.5,1.0357142857142858,2.75,2.5,1,1.0,0,0.0,0,0.0,0,0.0,1,1.0,2,2.0,11,11.0,2021-07-05,0,2021,7,5,0,186,0,0,-0.4999999999999997,-0.8660254037844388,15.0,11.375,0,1.625,2.25,2.0,11.0
2021-07-06,5.0,8.75,20.0,14.0,25.0,25.0,135.0,135.0,5.0,5.0,5.0,5.0,1.25,1.25,2.4,2.4,0,0.0,0,0.0,0,0.0,1,1.0,1,1.0,0,0.0,25,25.0,2021-07-06,0,2021,7,6,1,187,0,0,-0.4999999999999997,-0.8660254037844388,15.0,11.375,0,1.825,1.15,0.0,25.0
2021-07-07,5.0,8.75,20.0,14.0,25.0,25.0,135.0,135.0,5.0,5.0,5.0,5.0,1.25,1.25,2.4,2.4,0,0.0,0,0.0,0,0.0,1,1.0,1,1.0,0,0.0,25,25.0,2021-07-07,0,2021,7,7,2,188,0,0,-0.4999999999999997,-0.8660254037844388,15.0,11.375,0,1.825,1.15,0.0,25.0
2021-07-08,5.0,8.75,20.0,14.0,25.0,25.0,135.0,135.0,5.0,5.0,5.0,5.0,1.25,1.25,2.4,2.4,0,0.0,0,0.0,0,0.0,1,1.0,1,1.0,0,0.0,25,25.0,2021-07-08,0,2021,7,8,3,189,0,0,-0.4999999999999997,-0.8660254037844388,15.0,11.375,0,1.825,1.15,0.0,25.0
2021-07-09,5.0,8.75,20.0,14.0,25.0,22.5,135.0,135.0,6.0,6.0,6.0,6.0,2.5,2.5,4.0,4.0,1,1.0,0,0.0,0,0.0,0,0.0,0,0.0,2,2.0,31,31.0,2021-07-09,0,2021,7,9,4,190,0,0,-0.4999999999999997,-0.8660254037844388,15.0,11.375,0,3.25,1.5,2.0,31.0
2021-07-12,5.0,8.75,20.0,14.0,25.0,25.0,135.0,135.0,6.0,6.0,6.0,6.0,2.5,2.5,4.0,4.0,1,1.0,0,0.0,0,0.0,0,0.0,1,1.0,2,2.0,36,36.0,2021-07-12,0,2021,7,12,0,193,0,0,-0.4999999999999997,-0.8660254037844388,15.0,11.375,0,3.25,1.5,2.0,36.0
2021-07-13,5.0,8.75,20.0,14.0,30.0,30.0,135.0,135.0,6.0,6.0,6.0,6.0,2.5,2.5,4.0,4.0,1,1.0,0,0.0,0,0.0,0,0.0,1,1.0,2,2.0,41,41.0,2021-07-13,0,2021,7,13,1,194,0,0,-0.4999999999999997,-0.8660254037844388,15.0,11.375,1,3.25,1.5,2.0,41.0
2021-07-14,5.0,8.75,20.0,14.0,25.0,25.0,135.0,135.0,6.0,6.0,6.0,6.0,2.5,2.5,4.0,4.0,1,1.0,0,0.0,0,0.0,0,0.0,1,1.0,2,2.0,36,36.0,2021-07-14,1,2021,7,14,2,195,0,0,-0.4999999999999997,-0.8660254037844388,15.0,11.375,0,3.25,1.5,2.0,36.0
2021-07-15,5.0,8.75,20.0,14.0,25.0,25.0,135.0,135.0,4.0,4.714285714285714,6.0,5.0,0.5,1.0357142857142858,2.75,2.5,1,1.0,0,0.0,0,0.0,0,0.0,0,0.0,2,2.0,11,11.0,2021-07-15,0,2021,7,15,3,196,0,0,-0.4999999999999997,-0.8660254037844388,15.0,11.375,0,1.625,2.25,2.0,11.0
2021-07-16,5.0,8.75,20.0,14.0,30.0,30.0,135.0,135.0,4.0,4.714285714285714,6.0,5.0,0.5,1.0357142857142858,2.75,2.5,1,1.0,0,0.0,0,0.0,0,0.0,0,0.0,2,2.0,16,16.0,2021-07-16,0,2021,7,16,4,197,0,0,-0.4999999999999997,-0.8660254037844388,15.0,11.375,1,1.625,2.25,2.0,16.0
2021-07-17,5.0,8.75,20.0,14.0,25.0,22.5,180.0,180.0,4.0,4.714285714285714,6.0,5.0,0.5,1.0357142857142858,2.75,2.5,1,1.0,0,0.0,0,0.0,0,0.0,0,0.0,1,1.0,3,3.0,2021-07-17,0,2021,7,17,5,198,0,1,-0.4999999999999997,-0.8660254037844388,15.0,11.375,0,1.625,2.25,2.0,3.0
2021-07-19,5.0,8.75,20.0,14.0,25.0,22.5,180.0,180.0,4.0,4.714285714285714,6.0,5.0,0.5,1.0357142857142858,2.75,2.5,1,1.0,0,0.0,0,0.0,0,0.0,0,0.0,2,2.0,6,6.0,2021-07-19,1,2021,7,19,0,200,0,0,-0.4999999999999997,-0.8660254037844388,15.0,11.375,0,1.625,2.25,2.0,6.0
2021-07-21,5.0,8.75,20.0,14.0,30.0,30.0,135.0,135.0,4.0,4.714285714285714,6.0,5.0,0.5,1.0357142857142858,2.75,2.5,1,1.0,0,0.0,0,0.0,0,0.0,0,0.0,2,2.0,16,16.0,2021-07-21,0,2021,7,21,2,202,0,0,-0.4999999999999997,-0.8660254037844388,15.0,11.375,1,1.625,2.25,2.0,16.0
2021-07-22,5.0,8.75,20.0,14.0,25.0,25.0,135.0,135.0,4.0,4.714285714285714,6.0,5.0,0.5,1.0357142857142858,2.75,2.5,1,1.0,0,0.0,0,0.0,0,0.0,0,0.0,2,2.0,11,11.0,2021-07-22,0,2021,7,22,3,203,0,0,-0.4999999999999997,-0.8660254037844388,15.0,11.375,0,1.625,2.25,2.0,11.0
2021-07-23,5.0,8.75,20.0,14.0,28.0,28.0,135.0,135.0,4.0,4.714285714285714,6.0,5.0,0.5,1.0357142857142858,2.75,2.5,1,1.0,0,0.0,0,0.0,0,0.0,0,0.0,2,2.0,11,11.0,2021-07-23,0,2021,7,23,4,204,0,0,-0.4999999999999997,-0.8660254037844388,15.0,11.375,0,1.625,2.25,2.0,11.0
2021-07-24,5.0,8.75,20.0,14.0,28.0,28.0,135.0,135.0,4.0,4.714285714285714,6.0,5.0,0.5,1.0357142857142858,2.75,2.5,1,1.0,0,0.0,0,0.0,0,0.0,0,0.0,2,2.0,11,11.0,2021-07-24,0,2021,7,24,5,205,0,1,-0.4999999999999997,-0.8660254037844388,15.0,11.375,0,1.625,2.25,2.0,11.0
2021-07-25,5.0,8.75,20.0,14.0,35.0,35.0,135.0,135.0,4.0,4.714285714285714,6.0,5.0,0.5,1.0357142857142858,2.75,2.5,1,1.0,0,0.0,0,0.0,0,0.0,0,0.0,1,1.0,18,18.0,2021-07-25,0,2021,7,25,6,206,0,1,-0.4999999999999997,-0.8660254037844388,15.0,11.375,1,1.625,2.25,2.0,18.0
2021-08-01,5.0,8.75,20.0,14.0,25.0,22.5,180.0,180.0,5.0,5.0,6.0,6.0,1.25,1.25,4.0,4.0,1,1.0,0,0.0,0,0.0,0,0.0,1,1.0,2,2.0,31,31.0,2021-08-01,1,2021,8,1,6,213,0,1,-0.8660254037844384,-0.5000000000000004,15.0,11.375,0,2.625,2.75,2.0,31.0
2021-08-02,5.0,8.75,20.0,14.0,25.0,22.5,180.0,180.0,5.0,5.0,5.0,5.0,1.25,1.25,2.5,2.5,1,1.0,0,0.0,0,0.0,1,1.0,1,1.0,2,2.0,26,26.0,2021-08-02,0,2021,8,2,0,214,0,0,-0.8660254037844384,-0.5000000000000004,15.0,11.375,0,1.875,1.25,2.0,26.0
2021-08-03,5.0,8.75,20.0,14.0,25.0,22.5,180.0,180.0,5.0,5.0,5.0,5.0,1.25,1.25,2.5,2.5,1,1.0,0,0.0,0,0.0,1,1.0,1,1.0,2,2.0,26,26.0,2021-08-03,0,2021,8,3,1,215,0,0,-0.8660254037844384,-0.5000000000000004,15.0,11.375,0,1.875,1.25,2.0,26.0
2021-08-06,5.0,8.75,20.0,14.0,25.0,22.5,180.0,180.0,5.0,5.0,5.0,5.0,1.25,1.25,2.5,2.5,1,1.0,0,0.0,0,0.0,0,0.0,0,0.0,2,2.0,26,26.0,2021-08-06,0,2021,8,6,4,218,0,0,-0.8660254037844384,-0.5000000000000004,15.0,11.375,0,1.875,1.25,2.0,26.0
2021-08-07,5.0,8.75,20.0,14.0,25.0,25.0,135.0,135.0,5.0,5.0,5.0,5.0,1.25,1.25,2.5,2.5,1,1.0,0,0.0,0,0.0,0,0.0,1,1.0,2,2.0,31,31.0,2021-08-07,0,2021,8,7,5,219,0,1,-0.8660254037844384,-0.5000000000000004,15.0,11.375,0,1.875,1.25,2.0,31.0
2021-08-09,5.0,8.75,20.0,14.0,25.0,25.0,135.0,135.0,4.0,4.714285714285714,6.0,5.0,0.5,1.0357142857142858,2.75,2.5,0,0.0,0,0.0,0,0.0,0,0.0,1,1.0,0,0.0,5,5.0,2021-08-09,0,2021,8,9,0,221,0,0,-0.8660254037844384,-0.5000000000000004,15.0,11.375,0,1.625,2.25,0.0,5.0
2021-08-10,5.0,8.75,20.0,14.0,25.0,25.0,135.0,135.0,5.0,5.0,5.0,5.0,1.25,1.25,2.5,2.5,1,1.0,0,0.0,0,0.0,0,0.0,1,1.0,2,2.0,31,31.0,2021-08-10,0,2021,8,10,1,222,0,0,-0.8660254037844384,-0.5000000000000004,15.0,11.375,0,1.875,1.25,2.0,31.0
2021-08-11,5.0,8.75,20.0,14.0,25.0,22.5,180.0,180.0,5.0,5.0,5.0,5.0,1.25,1.25,2.5,2.5,1,1.0,0,0.0,0,0.0,0,0.0,1,1.0,2,2.0,26,26.0,2021-08-11,0,2021,8,11,2,223,0,0,-0.8660254037844384,-0.5000000000000004,15.0,11.375,0,1.875,1.25,2.0,26.0
2021-08-12,5.0,8.75,20.0,14.0,25.0,22.5,180.0,180.0,5.0,5.0,5.0,5.0,1.25,1.25,2.5,2.5,1,1.0,0,0.0,0,0.0,0,0.0,1,1.0,2,2.0,26,26.0,2021-08-12,0,2021,8,12,3,224,0,0,-0.8660254037844384,-0.5000000000000004,15.0,11.375,0,1.875,1.25,2.0,26.0
2021-08-13,5.0,8.75,20.0,14.0,25.0,25.0,135.0,135.0,5.0,5.0,5.0,5.0,1.25,1.25,2.5,2.5,1,1.0,0,0.0,0,0.0,0,0.0,0,0.0,2,2.0,31,31.0,2021-08-13,0,2021,8,13,4,225,0,0,-0.8660254037844384,-0.5000000000000004,15.0,11.375,0,1.875,1.25,2.0,31.0
2021-08-14,5.0,8.75,20.0,14.0,30.0,30.0,135.0,135.0,5.0,5.0,5.0,5.0,1.25,1.25,2.5,2.5,1,1.0,0,0.0,0,0.0,0,0.0,0,0.0,2,2.0,36,36.0,2021-08-14,1,2021,8,14,5,226,0,1,-0.8660254037844384,-0.5000000000000004,15.0,11.375,1,1.875,1.25,2.0,36.0
2021-08-17,5.0,8.75,20.0,14.0,30.0,30.0,135.0,135.0,6.0,6.0,6.0,6.0,2.5,2.5,4.0,4.0,1,1.0,0,0.0,0,0.0,0,0.0,1,1.0,2,2.0,41,41.0,2021-08-17,1,2021,8,17,1,229,0,0,-0.8660254037844384,-0.5000000000000004,15.0,11.375,1,3.25,1.5,2.0,41.0
2021-08-19,5.0,8.75,20.0,14.0,25.0,22.5,135.0,135.0,5.0,5.0,5.0,5.0,1.25,1.25,2.5,2.5,0,0.0,0,0.0,0,0.0,0,0.0,0,0.0,0,0.0,20,20.0,2021-08-19,0,2021,8,19,3,231,0,0,-0.8660254037844384,-0.5000000000000004,15.0,11.375,0,1.875,1.25,0.0,20.0
2021-08-23,5.0,8.75,20.0,14.0,25.0,25.0,135.0,135.0,5.0,5.0,6.0,6.0,1.25,1.25,4.0,4.0,0,0.0,0,0.0,0,0.0,0,0.0,1,1.0,0,0.0,30,30.0,2021-08-23,0,2021,8,23,0,235,0,0,-0.8660254037844384,-0.5000000000000004,15.0,11.375,0,2.625,2.75,0.0,30.0
2021-08-24,5.0,8.75,20.0,14.0,30.0,30.0,135.0,135.0,4.0,4.714285714285714,6.0,5.0,0.5,1.0357142857142858,2.75,2.5,1,1.0,0,0.0,0,0.0,0,0.0,1,1.0,2,2.0,16,16.0,2021-08-24,0,2021,8,24,1,236,0,0,-0.8660254037844384,-0.5000000000000004,15.0,11.375,1,1.625,2.25,2.0,16.0
2021-08-25,5.0,8.75,20.0,14.0,30.0,30.0,135.0,135.0,4.0,4.714285714285714,6.0,5.0,0.5,1.0357142857142858,2.75,2.5,1,1.0,0,0.0,0,0.0,0,0.0,1,1.0,2,2.0,16,16.0,2021-08-25,0,2021,8,25,2,237,0,0,-0.8660254037844384,-0.5000000000000004,15.0,11.375,1,1.625,2.25,2.0,16.0
2021-08-30,5.0,8.75,20.0,14.0,20.0,20.0,90.0,90.0,4.0,4.714285714285714,6.0,5.0,0.5,1.0357142857142858,2.75,2.5,1,1.0,0,0.0,0,0.0,0,0.0,0,0.0,2,2.0,6,6.0,2021-08-30,1,2021,8,30,0,242,0,0,-0.8660254037844384,-0.5000000000000004,15.0,11.375,0,1.625,2.25,2.0,6.0
2021-08-31,5.0,8.75,20.0,14.0,20.0,20.0,135.0,135.0,5.0,5.0,6.0,6.0,1.25,1.25,4.0,4.0,1,1.0,0,0.0,0,0.0,0,0.0,1,1.0,2,2.0,31,31.0,2021-08-31,0,2021,8,31,1,243,0,0,-0.8660254037844384,-0.5000000000000004,15.0,11.375,0,2.625,2.75,2.0,31.0
2021-09-01,5.0,8.75,20.0,14.0,28.0,28.0,135.0,135.0,5.0,5.0,5.0,5.0,1.25,1.25,2.5,2.5,0,0.0,0,0.0,0,0.0,0,0.0,0,0.0,0,0.0,25,25.0,2021-09-01,0,2021,9,1,2,244,0,0,-1.0,-1.8369701987210297e-16,15.0,11.375,0,1.875,1.25,0.0,25.0
2021-09-02,5.0,8.75,20.0,14.0,30.0,30.0,135.0,135.0,4.0,4.714285714285714,6.0,5.0,0.5,1.0357142857142858,2.75,2.5,0,0.0,0,0.0,0,0.0,0,0.0,0,0.0,0,0.0,10,10.0,2021-09-02,0,2021,9,2,3,245,0,0,-1.0,-1.8369701987210297e-16,15.0,11.375,1,1.625,2.25,0.0,10.0
2021-09-03,5.0,8.75,20.0,14.0,25.0,25.0,135.0,135.0,4.0,4.714285714285714,6.0,5.0,0.5,1.0357142857142858,2.75,2.5,1,1.0,0,0.0,0,0.0,0,0.0,0,0.0,2,2.0,11,11.0,2021-09-03,1,2021,9,3,4,246,0,0,-1.0,-1.8369701987210297e-16,15.0,11.375,0,1.625,2.25,2.0,11.0
2021-09-04,5.0,8.75,20.0,14.0,28.0,28.0,135.0,135.0,5.0,5.0,6.0,6.0,1.25,1.25,4.0,4.0,0,0.0,0,0.0,0,0.0,1,1.0,1,1.0,0,0.0,30,30.0,2021-09-04,0,2021,9,4,5,247,0,1,-1.0,-1.8369701987210297e-16,15.0,11.375,0,2.625,2.75,0.0,30.0
2021-09-05,5.0,8.75,20.0,14.0,30.0,30.0,135.0,135.0,4.0,4.714285714285714,6.0,5.0,0.5,1.0357142857142858,2.75,2.5,1,1.0,0,0.0,0,0.0,0,0.0,1,1.0,2,2.0,16,16.0,2021-09-05,1,2021,9,5,6,248,0,1,-1.0,-1.8369701987210297e-16,15.0,11.375,1,1.625,2.25,2.0,16.0
2021-09-06,5.0,8.75,20.0,14.0,30.0,30.0,135.0,135.0,4.0,4.714285714285714,6.0,5.0,0.5,1.0357142857142858,2.75,2.5,1,1.0,0,0.0,0,0.0,0,0.0,0,0.0,2,2.0,16,16.0,2021-09-06,0,2021,9,6,0,249,0,0,-1.0,-1.8369701987210297e-16,15.0,11.375,1,1.625,2.25,2.0,16.0
2021-09-16,5.0,8.75,20.0,14.0,25.0,25.0,135.0,135.0,5.0,5.0,5.0,5.0,1.25,1.25,2.5,2.5,1,1.0,0,0.0,0,0.0,0,0.0,1,1.0,2,2.0,31,31.0,2021-09-16,1,2021,9,16,3,259,0,0,-1.0,-1.8369701987210297e-16,15.0,11.375,0,1.875,1.25,2.0,31.0
2021-09-17,5.0,8.75,20.0,14.0,25.0,22.5,135.0,135.0,4.0,4.0,5.0,5.0,0.5,0.5,2.5,2.5,0,0.0,0,0.0,0,0.0,0,0.0,1,1.0,0,0.0,20,20.0,2021-09-17,1,2021,9,17,4,260,0,0,-1.0,-1.8369701987210297e-16,15.0,11.375,0,1.5,2.0,0.0,20.0
2021-09-18,5.0,8.75,20.0,14.0,25.0,22.5,135.0,135.0,4.0,4.0,5.0,5.0,0.5,0.5,2.5,2.5,0,0.0,0,0.0,0,0.0,0,0.0,1,1.0,0,0.0,20,20.0,2021-09-18,0,2021,9,18,5,261,0,1,-1.0,-1.8369701987210297e-16,15.0,11.375,0,1.5,2.0,0.0,20.0
2021-09-19,5.0,8.75,20.0,14.0,25.0,25.0,135.0,135.0,5.0,5.0,5.0,5.0,1.25,1.25,2.5,2.5,1,1.0,0,0.0,0,0.0,0,0.0,1,1.0,2,2.0,31,31.0,2021-09-19,0,2021,9,19,6,262,0,1,-1.0,-1.8369701987210297e-16,15.0,11.375,0,1.875,1.25,2.0,31.0
2021-09-20,5.0,8.75,20.0,14.0,30.0,30.0,135.0,135.0,4.0,4.714285714285714,6.0,5.0,0.5,1.0357142857142858,2.75,2.5,1,1.0,0,0.0,0,0.0,0,0.0,1,1.0,1,1.0,13,13.0,2021-09-20,1,2021,9,20,0,263,0,0,-1.0,-1.8369701987210297e-16,15.0,11.375,1,1.625,2.25,2.0,13.0
2021-09-21,5.0,8.75,20.0,14.0,25.0,22.5,180.0,180.0,5.0,5.0,6.0,6.0,1.25,1.25,4.0,4.0,1,1.0,0,0.0,0,0.0,0,0.0,1,1.0,2,2.0,31,31.0,2021-09-21,0,2021,9,21,1,264,0,0,-1.0,-1.8369701987210297e-16,15.0,11.375,0,2.625,2.75,2.0,31.0
2021-09-22,5.0,8.75,20.0,14.0,25.0,25.0,135.0,135.0,5.0,5.0,5.0,5.0,1.25,1.25,2.5,2.5,0,0.0,0,0.0,0,0.0,0,0.0,1,1.0,0,0.0,25,25.0,2021-09-22,0,2021,9,22,2,265,0,0,-1.0,-1.8369701987210297e-16,15.0,11.375,0,1.875,1.25,0.0,25.0
2021-09-23,5.0,8.75,20.0,14.0,30.0,30.0,135.0,135.0,4.0,4.714285714285714,6.0,5.0,0.5,1.0357142857142858,2.75,2.5,1,1.0,0,0.0,0,0.0,0,0.0,0,0.0,2,2.0,16,16.0,2021-09-23,0,2021,9,23,3,266,0,0,-1.0,-1.8369701987210297e-16,15.0,11.375,1,1.625,2.25,2.0,16.0
2021-09-24,5.0,8.75,20.0,14.0,25.0,22.5,180.0,180.0,5.0,5.0,6.0,6.0,1.25,1.25,4.0,4.0,1,1.0,0,0.0,0,0.0,0,0.0,1,1.0,2,2.0,31,31.0,2021-09-24,1,2021,9,24,4,267,0,0,-1.0,-1.8369701987210297e-16,15.0,11.375,0,2.625,2.75,2.0,31.0
2021-09-25,5.0,8.75,20.0,14.0,30.0,30.0,135.0,135.0,4.0,4.714285714285714,6.0,5.0,0.5,1.0357142857142858,2.75,2.5,1,1.0,0,0.0,0,0.0,0,0.0,1,1.0,2,2.0,16,16.0,2021-09-25,0,2021,9,25,5,268,0,1,-1.0,-1.8369701987210297e-16,15.0,11.375,1,1.625,2.25,2.0,16.0
2021-09-26,5.0,8.75,20.0,14.0,30.0,30.0,135.0,135.0,4.0,4.714285714285714,6.0,5.0,0.5,1.0357142857142858,2.75,2.5,1,1.0,0,0.0,0,0.0,0,0.0,0,0.0,1,1.0,13,13.0,2021-09-26,1,2021,9,26,6,269,0,1,-1.0,-1.8369701987210297e-16,15.0,11.375,1,1.625,2.25,2.0,13.0
2021-09-29,5.0,8.75,20.0,14.0,25.0,25.0,135.0,135.0,4.0,4.714285714285714,6.0,5.0,0.5,1.0357142857142858,2.75,2.5,1,1.0,0,0.0,0,0.0,0,0.0,0,0.0,2,2.0,11,11.0,2021-09-29,0,2021,9,29,2,272,0,0,-1.0,-1.8369701987210297e-16,15.0,11.375,0,1.625,2.25,2.0,11.0
2021-10-01,5.0,8.75,20.0,14.0,25.0,25.0,135.0,135.0,4.0,4.714285714285714,6.0,5.0,0.5,1.0357142857142858,2.75,2.5,1,1.0,0,0.0,0,0.0,0,0.0,1,1.0,2,2.0,11,11.0,2021-10-01,0,2021,10,1,4,274,0,0,-0.8660254037844386,0.5000000000000001,15.0,11.375,0,1.625,2.25,2.0,11.0
2021-10-03,5.0,8.75,20.0,14.0,25.0,25.0,135.0,135.0,4.0,4.714285714285714,6.0,5.0,0.5,1.0357142857142858,2.75,2.5,1,1.0,0,0.0,0,0.0,0,0.0,1,1.0,2,2.0,11,11.0,2021-10-03,1,2021,10,3,6,276,0,1,-0.8660254037844386,0.5000000000000001,15.0,11.375,0,1.625,2.25,2.0,11.0
2021-10-11,5.0,8.75,20.0,14.0,25.0,22.5,135.0,135.0,5.0,5.0,5.0,5.0,1.25,1.25,2.5,2.5,1,1.0,0,0.0,0,0.0,0,0.0,0,0.0,2,2.0,26,26.0,2021-10-11,0,2021,10,11,0,284,0,0,-0.8660254037844386,0.5000000000000001,15.0,11.375,0,1.875,1.25,2.0,26.0
2021-10-12,5.0,8.75,20.0,14.0,25.0,22.5,180.0,180.0,5.0,5.0,5.0,5.0,1.25,1.25,2.5,2.5,1,1.0,0,0.0,0,0.0,0,0.0,0,0.0,2,2.0,26,26.0,2021-10-12,1,2021,10,12,1,285,0,0,-0.8660254037844386,0.5000000000000001,15.0,11.375,0,1.875,1.25,2.0,26.0
2021-10-13,5.0,8.75,20.0,14.0,25.0,22.5,180.0,180.0,5.0,5.0,5.0,5.0,1.25,1.25,2.5,2.5,1,1.0,0,0.0,0,0.0,0,0.0,0,0.0,2,2.0,26,26.0,2021-10-13,1,2021,10,13,2,286,0,0,-0.8660254037844386,0.5000000000000001,15.0,11.375,0,1.875,1.25,2.0,26.0
2021-10-14,5.0,8.75,20.0,14.0,20.0,20.0,135.0,135.0,5.0,5.0,5.0,5.0,1.25,1.25,2.5,2.5,1,1.0,0,0.0,0,0.0,0,0.0,1,1.0,2,2.0,26,26.0,2021-10-14,1,2021,10,14,3,287,0,0,-0.8660254037844386,0.5000000000000001,15.0,11.375,0,1.875,1.25,2.0,26.0
2021-10-15,5.0,8.75,20.0,14.0,30.0,30.0,135.0,135.0,5.0,5.0,6.0,6.0,1.25,1.25,4.0,4.0,1,1.0,0,0.0,0,0.0,0,0.0,1,1.0,2,2.0,41,41.0,2021-10-15,0,2021,10,15,4,288,0,0,-0.8660254037844386,0.5000000000000001,15.0,11.375,1,2.625,2.75,2.0,41.0
2021-10-16,5.0,8.75,20.0,14.0,25.0,22.5,135.0,135.0,5.0,5.0,5.0,5.0,1.25,1.25,2.5,2.5,0,0.0,0,0.0,0,0.0,0,0.0,1,1.0,0,0.0,20,20.0,2021-10-16,0,2021,10,16,5,289,0,1,-0.8660254037844386,0.5000000000000001,15.0,11.375,0,1.875,1.25,0.0,20.0
2021-10-29,5.0,8.75,20.0,14.0,20.0,20.0,135.0,135.0,5.0,5.0,5.0,5.0,1.25,1.25,2.5,2.5,1,1.0,0,0.0,0,0.0,0,0.0,0,0.0,2,2.0,26,26.0,2021-10-29,0,2021,10,29,4,302,0,0,-0.8660254037844386,0.5000000000000001,15.0,11.375,0,1.875,1.25,2.0,26.0
2021-11-02,5.0,8.75,20.0,14.0,25.0,22.5,90.0,90.0,4.0,4.714285714285714,6.0,5.0,0.5,1.0357142857142858,2.75,2.5,0,0.0,0,0.0,0,0.0,1,1.0,0,0.0,0,0.0,0,0.0,2021-11-02,1,2021,11,2,1,306,1,0,-0.5000000000000004,0.8660254037844384,15.0,11.375,0,1.625,2.25,0.0,0.0
2021-11-03,5.0,8.75,20.0,14.0,25.0,22.5,90.0,90.0,4.0,4.714285714285714,6.0,5.0,0.5,1.0357142857142858,2.75,2.5,0,0.0,0,0.0,0,0.0,1,1.0,0,0.0,0,0.0,0,0.0,2021-11-03,1,2021,11,3,2,307,1,0,-0.5000000000000004,0.8660254037844384,15.0,11.375,0,1.625,2.25,0.0,0.0
2021-11-04,5.0,8.75,20.0,14.0,25.0,22.5,90.0,90.0,4.0,4.714285714285714,6.0,5.0,0.5,1.0357142857142858,2.75,2.5,0,0.0,0,0.0,0,0.0,0,0.0,0,0.0,0,0.0,0,0.0,2021-11-04,0,2021,11,4,3,308,1,0,-0.5000000000000004,0.8660254037844384,15.0,11.375,0,1.625,2.25,0.0,0.0
2021-11-05,5.0,8.75,20.0,14.0,25.0,22.5,180.0,180.0,4.0,4.714285714285714,6.0,5.0,0.5,1.0357142857142858,2.75,2.5,0,0.0,0,0.0,0,0.0,0,0.0,1,1.0,0,0.0,0,0.0,2021-11-05,0,2021,11,5,4,309,1,0,-0.5000000000000004,0.8660254037844384,15.0,11.375,0,1.625,2.25,0.0,0.0
2021-11-07,5.0,8.75,20.0,14.0,25.0,22.5,135.0,135.0,5.0,5.0,5.0,5.0,1.25,1.25,2.5,2.5,1,1.0,0,0.0,0,0.0,0,0.0,1,1.0,2,2.0,26,26.0,2021-11-07,1,2021,11,7,6,311,1,1,-0.5000000000000004,0.8660254037844384,15.0,11.375,0,1.875,1.25,2.0,26.0
2021-11-11,5.0,8.75,20.0,14.0,25.0,22.5,90.0,90.0,4.0,4.714285714285714,6.0,5.0,0.5,1.0357142857142858,2.75,2.5,0,0.0,0,0.0,0,0.0,0,0.0,0,0.0,0,0.0,0,0.0,2021-11-11,0,2021,11,11,3,315,1,0,-0.5000000000000004,0.8660254037844384,15.0,11.375,0,1.625,2.25,0.0,0.0
2021-11-15,5.0,8.75,20.0,14.0,20.0,20.0,135.0,135.0,5.0,5.0,5.0,5.0,1.25,1.25,2.5,2.5,0,0.0,0,0.0,0,0.0,0,0.0,1,1.0,0,0.0,20,20.0,2021-11-15,0,2021,11,15,0,319,1,0,-0.5000000000000004,0.8660254037844384,15.0,11.375,0,1.875,1.25,0.0,20.0
2021-11-16,5.0,8.75,20.0,14.0,20.0,20.0,135.0,135.0,5.0,5.0,5.0,5.0,1.25,1.25,2.5,2.5,0,0.0,0,0.0,0,0.0,0,0.0,1,1.0,0,0.0,20,20.0,2021-11-16,0,2021,11,16,1,320,1,0,-0.5000000000000004,0.8660254037844384,15.0,11.375,0,1.875,1.25,0.0,20.0
2021-11-17,5.0,8.75,20.0,14.0,25.0,22.5,90.0,90.0,4.0,4.714285714285714,6.0,5.0,0.5,1.0357142857142858,2.75,2.5,0,0.0,0,0.0,0,0.0,0,0.0,0,0.0,0,0.0,0,0.0,2021-11-17,0,2021,11,17,2,321,1,0,-0.5000000000000004,0.8660254037844384,15.0,11.375,0,1.625,2.25,0.0,0.0
2021-11-19,5.0,8.75,20.0,14.0,25.0,22.5,90.0,90.0,4.0,4.714285714285714,6.0,5.0,0.5,1.0357142857142858,2.75,2.5,0,0.0,0,0.0,0,0.0,0,0.0,0,0.0,0,0.0,0,0.0,2021-11-19,0,2021,11,19,4,323,1,0,-0.5000000000000004,0.8660254037844384,15.0,11.375,0,1.625,2.25,0.0,0.0
2021-11-20,5.0,8.75,20.0,14.0,25.0,22.5,90.0,90.0,4.0,4.714285714285714,6.0,5.0,0.5,1.0357142857142858,2.75,2.5,0,0.0,0,0.0,0,0.0,0,0.0,0,0.0,0,0.0,0,0.0,2021-11-20,0,2021,11,20,5,324,1,1,-0.5000000000000004,0.8660254037844384,15.0,11.375,0,1.625,2.25,0.0,0.0
2021-11-21,5.0,8.75,20.0,14.0,15.0,15.0,135.0,135.0,5.0,5.0,5.0,5.0,1.25,1.25,1.5,1.5,0,0.0,0,0.0,0,0.0,0,0.0,0,0.0,0,0.0,20,20.0,2021-11-21,0,2021,11,21,6,325,1,1,-0.5000000000000004,0.8660254037844384,15.0,11.375,0,1.375,0.25,0.0,20.0
2021-11-22,5.0,8.75,20.0,14.0,25.0,22.5,90.0,90.0,4.0,4.714285714285714,6.0,5.0,0.5,1.0357142857142858,2.75,2.5,1,1.0,0,0.0,0,0.0,0,0.0,0,0.0,2,2.0,6,6.0,2021-11-22,0,2021,11,22,0,326,1,0,-0.5000000000000004,0.8660254037844384,15.0,11.375,0,1.625,2.25,2.0,6.0
2021-11-23,5.0,8.75,20.0,14.0,15.0,15.0,135.0,135.0,4.0,4.714285714285714,6.0,5.0,0.5,1.0357142857142858,2.75,2.5,0,0.0,0,0.0,0,0.0,0,0.0,0,0.0,0,0.0,0,0.0,2021-11-23,0,2021,11,23,1,327,1,0,-0.5000000000000004,0.8660254037844384,15.0,11.375,0,1.625,2.25,0.0,0.0
2021-11-24,5.0,8.75,20.0,14.0,15.0,15.0,135.0,135.0,4.0,4.714285714285714,6.0,5.0,0.5,1.0357142857142858,2.75,2.5,0,0.0,0,0.0,0,0.0,0,0.0,0,0.0,0,0.0,0,0.0,2021-11-24,0,2021,11,24,2,328,1,0,-0.5000000000000004,0.8660254037844384,15.0,11.375,0,1.625,2.25,0.0,0.0
2021-11-25,5.0,8.75,20.0,14.0,25.0,22.5,180.0,180.0,4.0,4.0,5.0,5.0,0.5,0.5,1.1,1.1,0,0.0,0,0.0,0,0.0,0,0.0,1,1.0,0,0.0,20,20.0,2021-11-25,0,2021,11,25,3,329,1,0,-0.5000000000000004,0.8660254037844384,15.0,11.375,0,0.8,0.6000000000000001,0.0,20.0
2021-11-27,5.0,8.75,20.0,14.0,25.0,22.5,180.0,180.0,4.0,4.0,5.0,5.0,0.5,0.5,1.1,1.1,1,1.0,0,0.0,0,0.0,0,0.0,1,1.0,1,1.0,23,23.0,2021-11-27,0,2021,11,27,5,331,1,1,-0.5000000000000004,0.8660254037844384,15.0,11.375,0,0.8,0.6000000000000001,2.0,23.0
2021-11-28,5.0,8.75,20.0,14.0,15.0,15.0,135.0,135.0,4.0,4.0,5.0,5.0,0.5,0.5,1.6,1.6,0,0.0,0,0.0,0,0.0,0,0.0,1,1.0,0,0.0,20,20.0,2021-11-28,0,2021,11,28,6,332,1,1,-0.5000000000000004,0.8660254037844384,15.0,11.375,0,1.05,1.1,0.0,20.0
2021-12-01,5.0,8.75,20.0,14.0,25.0,22.5,180.0,180.0,4.0,4.714285714285714,6.0,5.0,0.5,1.0357142857142858,2.75,2.5,1,1.0,0,0.0,0,0.0,0,0.0,1,1.0,2,2.0,6,6.0,2021-12-01,0,2021,12,1,2,335,1,0,-2.4492935982947064e-16,1.0,15.0,11.375,0,1.625,2.25,2.0,6.0
2021-12-06,5.0,8.75,20.0,14.0,25.0,25.0,135.0,135.0,5.0,5.0,5.0,5.0,1.25,1.25,2.0,2.0,0,0.0,0,0.0,0,0.0,0,0.0,1,1.0,0,0.0,25,25.0,2021-12-06,0,2021,12,6,0,340,1,0,-2.4492935982947064e-16,1.0,15.0,11.375,0,1.625,0.75,0.0,25.0
2021-12-07,5.0,8.75,20.0,14.0,20.0,20.0,135.0,135.0,5.0,5.0,5.0,5.0,1.25,1.25,2.5,2.5,1,1.0,0,0.0,0,0.0,0,0.0,1,1.0,1,1.0,23,23.0,2021-12-07,1,2021,12,7,1,341,1,0,-2.4492935982947064e-16,1.0,15.0,11.375,0,1.875,1.25,2.0,23.0
2021-12-08,5.0,8.75,20.0,14.0,15.0,15.0,135.0,135.0,5.0,5.0,5.0,5.0,1.25,1.25,2.5,2.5,1,1.0,0,0.0,0,0.0,0,0.0,1,1.0,1,1.0,23,23.0,2021-12-08,0,2021,12,8,2,342,1,0,-2.4492935982947064e-16,1.0,15.0,11.375,0,1.875,1.25,2.0,23.0
2021-12-09,5.0,8.75,20.0,14.0,20.0,20.0,135.0,135.0,4.0,4.714285714285714,6.0,5.0,0.5,1.0357142857142858,2.75,2.5,1,1.0,0,0.0,0,0.0,0,0.0,0,0.0,2,2.0,6,6.0,2021-12-09,0,2021,12,9,3,343,1,0,-2.4492935982947064e-16,1.0,15.0,11.375,0,1.625,2.25,2.0,6.0
2021-12-11,5.0,8.75,20.0,14.0,20.0,20.0,135.0,135.0,4.0,4.714285714285714,6.0,5.0,0.5,1.0357142857142858,2.75,2.5,0,0.0,0,0.0,0,0.0,0,0.0,0,0.0,0,0.0,0,0.0,2021-12-11,0,2021,12,11,5,345,1,1,-2.4492935982947064e-16,1.0,15.0,11.375,0,1.625,2.25,0.0,0.0
2021-12-13,5.0,8.75,20.0,14.0,20.0,20.0,135.0,135.0,4.0,4.714285714285714,6.0,5.0,0.5,1.0357142857142858,2.75,2.5,0,0.0,0,0.0,0,0.0,0,0.0,0,0.0,0,0.0,0,0.0,2021-12-13,0,2021,12,13,0,347,1,0,-2.4492935982947064e-16,1.0,15.0,11.375,0,1.625,2.25,0.0,0.0
2021-12-14,5.0,8.75,20.0,14.0,20.0,20.0,135.0,135.0,5.0,5.0,5.0,5.0,1.25,1.25,2.5,2.5,0,0.0,0,0.0,0,0.0,0,0.0,0,0.0,0,0.0,20,20.0,2021-12-14,0,2021,12,14,1,348,1,0,-2.4492935982947064e-16,1.0,15.0,11.375,0,1.875,1.25,0.0,20.0
2021-12-16,5.0,8.75,20.0,14.0,15.0,15.0,135.0,135.0,6.0,6.0,6.0,6.0,2.5,2.5,4.0,4.0,1,1.0,1,1.0,0,0.0,0,0.0,0,0.0,4,4.0,37,37.0,2021-12-16,0,2021,12,16,3,350,1,0,-2.4492935982947064e-16,1.0,15.0,11.375,0,3.25,1.5,4.0,37.0
2021-12-17,5.0,8.75,20.0,14.0,25.0,22.5,90.0,90.0,4.0,4.0,5.0,5.0,0.5,0.5,1.1,1.1,0,0.0,0,0.0,0,0.0,0,0.0,0,0.0,0,0.0,20,20.0,2021-12-17,0,2021,12,17,4,351,1,0,-2.4492935982947064e-16,1.0,15.0,11.375,0,0.8,0.6000000000000001,0.0,20.0
2021-12-28,5.0,8.75,20.0,14.0,25.0,22.5,90.0,90.0,4.0,4.714285714285714,6.0,5.0,0.5,1.0357142857142858,2.75,2.5,0,0.0,0,0.0,0,0.0,0,0.0,0,0.0,0,0.0,0,0.0,2021-12-28,0,2021,12,28,1,362,1,0,-2.4492935982947064e-16,1.0,15.0,11.375,0,1.625,2.25,0.0,0.0
2021-12-29,5.0,8.75,20.0,14.0,25.0,22.5,180.0,180.0,4.0,4.714285714285714,6.0,5.0,0.5,1.0357142857142858,2.75,2.5,0,0.0,0,0.0,0,0.0,0,0.0,0,0.0,0,0.0,0,0.0,2021-12-29,0,2021,12,29,2,363,1,0,-2.4492935982947064e-16,1.0,15.0,11.375,0,1.625,2.25,0.0,0.0
2021-12-30,5.0,8.75,20.0,14.0,25.0,22.5,180.0,180.0,4.0,4.714285714285714,6.0,5.0,0.5,1.0357142857142858,2.75,2.5,1,1.0,0,0.0,0,0.0,0,0.0,0,0.0,1,1.0,3,3.0,2021-12-30,0,2021,12,30,3,364,1,0,-2.4492935982947064e-16,1.0,15.0,11.375,0,1.625,2.25,2.0,3.0
2021-12-31,5.0,8.75,20.0,14.0,15.0,15.0,135.0,135.0,6.0,6.0,6.0,6.0,2.5,2.5,4.0,4.0,1,1.0,1,1.0,0,0.0,0,0.0,0,0.0,4,4.0,37,37.0,2021-12-31,0,2021,12,31,4,365,1,0,-2.4492935982947064e-16,1.0,15.0,11.375,0,3.25,1.5,4.0,37.0
2022-01-03,5.0,8.75,20.0,14.0,25.0,22.5,180.0,180.0,4.0,4.0,5.0,5.0,0.5,0.5,2.5,2.5,1,1.0,0,0.0,0,0.0,0,0.0,0,0.0,1,1.0,23,23.0,2022-01-03,0,2022,1,3,0,3,1,0,0.49999999999999994,0.8660254037844387,15.0,11.375,0,1.5,2.0,2.0,23.0
2022-01-04,5.0,8.75,20.0,14.0,15.0,15.0,135.0,135.0,6.0,6.0,6.0,6.0,2.5,2.5,4.0,4.0,1,1.0,1,1.0,0,0.0,0,0.0,0,0.0,4,4.0,37,37.0,2022-01-04,1,2022,1,4,1,4,1,0,0.49999999999999994,0.8660254037844387,15.0,11.375,0,3.25,1.5,4.0,37.0
2022-01-05,5.0,8.75,20.0,14.0,25.0,22.5,90.0,90.0,6.0,6.0,6.0,6.0,2.5,2.5,4.0,4.0,1,1.0,1,1.0,0,0.0,0,0.0,0,0.0,4,4.0,37,37.0,2022-01-05,0,2022,1,5,2,5,1,0,0.49999999999999994,0.8660254037844387,15.0,11.375,0,3.25,1.5,4.0,37.0
2022-01-06,5.0,8.75,20.0,14.0,25.0,22.5,90.0,90.0,6.0,6.0,6.0,6.0,2.5,2.5,4.0,4.0,1,1.0,1,1.0,0,0.0,0,0.0,0,0.0,4,4.0,37,37.0,2022-01-06,0,2022,1,6,3,6,1,0,0.49999999999999994,0.8660254037844387,15.0,11.375,0,3.25,1.5,4.0,37.0
2022-01-07,5.0,8.75,20.0,14.0,25.0,22.5,0.0,0.0,6.0,6.0,6.0,6.0,2.5,2.5,4.0,4.0,1,1.0,1,1.0,0,0.0,0,0.0,0,0.0,4,4.0,37,37.0,2022-01-07,0,2022,1,7,4,7,1,0,0.49999999999999994,0.8660254037844387,15.0,11.375,0,3.25,1.5,4.0,37.0
2022-01-09,5.0,8.75,20.0,14.0,25.0,22.5,135.0,135.0,6.0,6.0,6.0,6.0,2.5,2.5,4.0,4.0,1,1.0,1,1.0,0,0.0,0,0.0,0,0.0,4,4.0,37,37.0,2022-01-09,0,2022,1,9,6,9,1,1,0.49999999999999994,0.8660254037844387,15.0,11.375,0,3.25,1.5,4.0,37.0
2022-01-10,5.0,8.75,20.0,14.0,25.0,22.5,135.0,135.0,6.0,6.0,6.0,6.0,2.5,2.5,4.0,4.0,1,1.0,1,1.0,0,0.0,0,0.0,0,0.0,4,4.0,37,37.0,2022-01-10,0,2022,1,10,0,10,1,0,0.49999999999999994,0.8660254037844387,15.0,11.375,0,3.25,1.5,4.0,37.0
2022-01-11,5.0,8.75,20.0,14.0,25.0,22.5,90.0,90.0,4.0,4.0,5.0,5.0,0.5,0.5,1.1,1.1,1,1.0,0,0.0,0,0.0,0,0.0,0,0.0,1,1.0,23,23.0,2022-01-11,0,2022,1,11,1,11,1,0,0.49999999999999994,0.8660254037844387,15.0,11.375,0,0.8,0.6000000000000001,2.0,23.0
2022-01-12,5.0,8.75,20.0,14.0,15.0,15.0,270.0,270.0,4.0,4.0,5.0,5.0,0.5,0.5,1.0,1.0,1,1.0,1,1.0,0,0.0,0,0.0,0,0.0,4,4.0,32,32.0,2022-01-12,0,2022,1,12,2,12,1,0,0.49999999999999994,0.8660254037844387,15.0,11.375,0,0.75,0.5,4.0,32.0
2022-01-13,5.0,8.75,20.0,14.0,25.0,22.5,0.0,0.0,4.0,4.0,5.0,5.0,0.5,0.5,1.0,1.0,0,0.0,0,0.0,0,0.0,0,0.0,1,1.0,0,0.0,20,20.0,2022-01-13,0,2022,1,13,3,13,1,0,0.49999999999999994,0.8660254037844387,15.0,11.375,0,0.75,0.5,0.0,20.0
2022-01-14,5.0,8.75,20.0,14.0,25.0,22.5,135.0,135.0,4.0,4.0,5.0,5.0,0.5,0.5,1.1,1.1,1,1.0,0,0.0,0,0.0,0,0.0,0,0.0,1,1.0,23,23.0,2022-01-14,0,2022,1,14,4,14,1,0,0.49999999999999994,0.8660254037844387,15.0,11.375,0,0.8,0.6000000000000001,2.0,23.0
2022-01-17,5.0,8.75,20.0,14.0,25.0,22.5,0.0,0.0,4.0,4.0,5.0,5.0,0.5,0.5,1.1,1.1,0,0.0,0,0.0,0,0.0,0,0.0,1,1.0,0,0.0,20,20.0,2022-01-17,0,2022,1,17,0,17,1,0,0.49999999999999994,0.8660254037844387,15.0,11.375,0,0.8,0.6000000000000001,0.0,20.0
2022-01-20,5.0,8.75,20.0,14.0,25.0,22.5,315.0,315.0,5.0,5.0,5.0,5.0,1.25,1.25,2.5,2.5,1,1.0,0,0.0,0,0.0,0,0.0,0,0.0,2,2.0,26,26.0,2022-01-20,0,2022,1,20,3,20,1,0,0.49999999999999994,0.8660254037844387,15.0,11.375,0,1.875,1.25,2.0,26.0
2022-01-21,5.0,8.75,20.0,14.0,25.0,22.5,270.0,270.0,4.0,4.714285714285714,6.0,5.0,0.5,1.0357142857142858,2.75,2.5,1,1.0,1,1.0,0,0.0,0,0.0,0,0.0,4,4.0,12,12.0,2022-01-21,0,2022,1,21,4,21,1,0,0.49999999999999994,0.8660254037844387,15.0,11.375,0,1.625,2.25,4.0,12.0
2022-01-24,5.0,8.75,20.0,14.0,25.0,25.0,180.0,180.0,5.0,5.0,5.0,5.0,1.25,1.25,2.5,2.5,1,1.0,0,0.0,0,0.0,0,0.0,0,0.0,2,2.0,31,31.0,2022-01-24,0,2022,1,24,0,24,1,0,0.49999999999999994,0.8660254037844387,15.0,11.375,0,1.875,1.25,2.0,31.0
2022-01-26,5.0,8.75,20.0,14.0,25.0,22.5,180.0,180.0,5.0,5.0,5.0,5.0,1.25,1.25,2.5,2.5,1,1.0,0,0.0,0,0.0,0,0.0,0,0.0,2,2.0,26,26.0,2022-01-26,1,2022,1,26,2,26,1,0,0.49999999999999994,0.8660254037844387,15.0,11.375,0,1.875,1.25,2.0,26.0
2022-01-27,5.0,8.75,20.0,14.0,25.0,22.5,180.0,180.0,5.0,5.0,5.0,5.0,1.25,1.25,2.5,2.5,0,0.0,0,0.0,0,0.0,0,0.0,1,1.0,0,0.0,20,20.0,2022-01-27,1,2022,1,27,3,27,1,0,0.49999999999999994,0.8660254037844387,15.0,11.375,0,1.875,1.25,0.0,20.0
2022-01-28,5.0,8.75,20.0,14.0,25.0,22.5,180.0,180.0,5.0,5.0,5.0,5.0,1.25,1.25,2.5,2.5,1,1.0,0,0.0,0,0.0,0,0.0,1,1.0,2,2.0,26,26.0,2022-01-28,0,2022,1,28,4,28,1,0,0.49999999999999994,0.8660254037844387,15.0,11.375,0,1.875,1.25,2.0,26.0
2022-01-29,5.0,8.75,20.0,14.0,20.0,20.0,180.0,180.0,5.0,5.0,5.0,5.0,1.25,1.25,2.5,2.5,1,1.0,0,0.0,0,0.0,0,0.0,1,1.0,1,1.0,23,23.0,2022-01-29,0,2022,1,29,5,29,1,1,0.49999999999999994,0.8660254037844387,15.0,11.375,0,1.875,1.25,2.0,23.0
2022-01-30,5.0,8.75,20.0,14.0,20.0,20.0,180.0,180.0,5.0,5.0,5.0,5.0,1.25,1.25,2.5,2.5,1,1.0,0,0.0,0,0.0,0,0.0,1,1.0,1,1.0,23,23.0,2022-01-30,0,2022,1,30,6,30,1,1,0.49999999999999994,0.8660254037844387,15.0,11.375,0,1.875,1.25,2.0,23.0
2022-01-31,5.0,8.75,20.0,14.0,25.0,22.5,180.0,180.0,5.0,5.0,5.0,5.0,1.25,1.25,2.5,2.5,1,1.0,0,0.0,0,0.0,0,0.0,1,1.0,1,1.0,23,23.0,2022-01-31,0,2022,1,31,0,31,1,0,0.49999999999999994,0.8660254037844387,15.0,11.375,0,1.875,1.25,2.0,23.0
2022-02-02,5.0,8.75,20.0,14.0,25.0,25.0,270.0,270.0,4.0,4.714285714285714,6.0,5.0,0.5,1.0357142857142858,2.75,2.5,0,0.0,0,0.0,0,0.0,0,0.0,1,1.0,0,0.0,5,5.0,2022-02-02,0,2022,2,2,2,33,1,0,0.8660254037844386,0.5000000000000001,15.0,11.375,0,1.625,2.25,0.0,5.0
2022-02-04,5.0,8.75,20.0,14.0,25.0,22.5,315.0,315.0,6.0,6.0,6.0,6.0,2.5,2.5,4.0,4.0,1,1.0,0,0.0,0,0.0,0,0.0,1,1.0,2,2.0,31,31.0,2022-02-04,0,2022,2,4,4,35,1,0,0.8660254037844386,0.5000000000000001,15.0,11.375,0,3.25,1.5,2.0,31.0
2022-02-07,5.0,8.75,20.0,14.0,25.0,22.5,0.0,0.0,5.0,5.0,5.0,5.0,1.25,1.25,2.5,2.5,0,0.0,0,0.0,0,0.0,0,0.0,1,1.0,0,0.0,20,20.0,2022-02-07,1,2022,2,7,0,38,1,0,0.8660254037844386,0.5000000000000001,15.0,11.375,0,1.875,1.25,0.0,20.0
2022-02-08,5.0,8.75,20.0,14.0,20.0,20.0,270.0,270.0,5.0,5.0,5.0,5.0,1.25,1.25,2.5,2.5,0,0.0,0,0.0,0,0.0,0,0.0,1,1.0,0,0.0,20,20.0,2022-02-08,0,2022,2,8,1,39,1,0,0.8660254037844386,0.5000000000000001,15.0,11.375,0,1.875,1.25,0.0,20.0
2022-02-09,5.0,8.75,20.0,14.0,20.0,20.0,270.0,270.0,5.0,5.0,5.0,5.0,1.25,1.25,2.5,2.5,1,1.0,0,0.0,0,0.0,0,0.0,1,1.0,1,1.0,23,23.0,2022-02-09,0,2022,2,9,2,40,1,0,0.8660254037844386,0.5000000000000001,15.0,11.375,0,1.875,1.25,2.0,23.0
2022-02-10,5.0,8.75,20.0,14.0,25.0,22.5,270.0,270.0,4.0,4.714285714285714,6.0,5.0,0.5,1.0357142857142858,2.75,2.5,1,1.0,0,0.0,0,0.0,0,0.0,1,1.0,1,1.0,3,3.0,2022-02-10,1,2022,2,10,3,41,1,0,0.8660254037844386,0.5000000000000001,15.0,11.375,0,1.625,2.25,2.0,3.0
2022-02-11,5.0,8.75,20.0,14.0,25.0,22.5,270.0,270.0,5.0,5.0,5.0,5.0,1.25,1.25,2.5,2.5,0,0.0,0,0.0,0,0.0,0,0.0,1,1.0,0,0.0,20,20.0,2022-02-11,1,2022,2,11,4,42,1,0,0.8660254037844386,0.5000000000000001,15.0,11.375,0,1.875,1.25,0.0,20.0
2022-02-14,5.0,8.75,20.0,14.0,25.0,25.0,180.0,180.0,4.0,4.714285714285714,6.0,5.0,0.5,1.0357142857142858,2.75,2.5,1,1.0,1,1.0,0,0.0,0,0.0,0,0.0,4,4.0,17,17.0,2022-02-14,0,2022,2,14,0,45,1,0,0.8660254037844386,0.5000000000000001,15.0,11.375,0,1.625,2.25,4.0,17.0
2022-02-15,5.0,8.75,20.0,14.0,25.0,25.0,180.0,180.0,5.0,5.0,6.0,6.0,1.25,1.25,4.0,4.0,1,1.0,0,0.0,0,0.0,0,0.0,0,0.0,1,1.0,33,33.0,2022-02-15,0,2022,2,15,1,46,1,0,0.8660254037844386,0.5000000000000001,15.0,11.375,0,2.625,2.75,2.0,33.0
2022-02-16,5.0,8.75,20.0,14.0,25.0,22.5,135.0,135.0,5.0,5.0,5.0,5.0,1.25,1.25,2.5,2.5,0,0.0,0,0.0,0,0.0,1,1.0,0,0.0,0,0.0,20,20.0,2022-02-16,1,2022,2,16,2,47,1,0,0.8660254037844386,0.5000000000000001,15.0,11.375,0,1.875,1.25,0.0,20.0
2022-02-18,5.0,8.75,20.0,14.0,25.0,22.5,135.0,135.0,4.0,4.714285714285714,6.0,5.0,0.5,1.0357142857142858,2.75,2.5,0,0.0,0,0.0,0,0.0,0,0.0,1,1.0,0,0.0,0,0.0,2022-02-18,0,2022,2,18,4,49,1,0,0.8660254037844386,0.5000000000000001,15.0,11.375,0,1.625,2.25,0.0,0.0
2022-02-21,5.0,8.75,20.0,14.0,25.0,22.5,135.0,135.0,4.0,4.714285714285714,6.0,5.0,0.5,1.0357142857142858,2.75,2.5,1,1.0,0,0.0,0,0.0,0,0.0,1,1.0,1,1.0,3,3.0,2022-02-21,0,2022,2,21,0,52,1,0,0.8660254037844386,0.5000000000000001,15.0,11.375,0,1.625,2.25,2.0,3.0
2022-02-22,5.0,8.75,20.0,14.0,25.0,22.5,135.0,135.0,4.0,4.714285714285714,6.0,5.0,0.5,1.0357142857142858,2.75,2.5,1,1.0,0,0.0,0,0.0,0,0.0,1,1.0,1,1.0,3,3.0,2022-02-22,0,2022,2,22,1,53,1,0,0.8660254037844386,0.5000000000000001,15.0,11.375,0,1.625,2.25,2.0,3.0
2022-02-23,5.0,8.75,20.0,14.0,25.0,25.0,315.0,315.0,4.0,4.714285714285714,6.0,5.0,0.5,1.0357142857142858,2.75,2.5,1,1.0,0,0.0,0,0.0,0,0.0,1,1.0,1,1.0,8,8.0,2022-02-23,0,2022,2,23,2,54,1,0,0.8660254037844386,0.5000000000000001,15.0,11.375,0,1.625,2.25,2.0,8.0
2022-02-24,5.0,8.75,20.0,14.0,20.0,20.0,270.0,270.0,4.0,4.714285714285714,6.0,5.0,0.5,1.0357142857142858,2.75,2.5,0,0.0,0,0.0,0,0.0,0,0.0,1,1.0,0,0.0,0,0.0,2022-02-24,1,2022,2,24,3,55,1,0,0.8660254037844386,0.5000000000000001,15.0,11.375,0,1.625,2.25,0.0,0.0
2022-02-25,5.0,8.75,20.0,14.0,25.0,22.5,270.0,270.0,4.0,4.0,5.0,5.0,0.5,0.5,2.5,2.5,1,1.0,0,0.0,0,0.0,0,0.0,1,1.0,1,1.0,23,23.0,2022-02-25,0,2022,2,25,4,56,1,0,0.8660254037844386,0.5000000000000001,15.0,11.375,0,1.5,2.0,2.0,23.0
2022-02-26,5.0,8.75,20.0,14.0,25.0,22.5,270.0,270.0,4.0,4.0,5.0,5.0,0.5,0.5,2.5,2.5,1,1.0,0,0.0,0,0.0,0,0.0,0,0.0,2,2.0,26,26.0,2022-02-26,0,2022,2,26,5,57,1,1,0.8660254037844386,0.5000000000000001,15.0,11.375,0,1.5,2.0,2.0,26.0
2022-02-27,5.0,8.75,20.0,14.0,25.0,22.5,270.0,270.0,4.0,4.714285714285714,6.0,5.0,0.5,1.0357142857142858,2.75,2.5,1,1.0,1,1.0,0,0.0,0,0.0,0,0.0,4,4.0,12,12.0,2022-02-27,0,2022,2,27,6,58,1,1,0.8660254037844386,0.5000000000000001,15.0,11.375,0,1.625,2.25,4.0,12.0
2022-02-28,5.0,8.75,20.0,14.0,25.0,22.5,90.0,90.0,4.0,4.0,5.0,5.0,0.5,0.5,2.5,2.5,1,1.0,1,1.0,0,0.0,0,0.0,0,0.0,4,4.0,32,32.0,2022-02-28,0,2022,2,28,0,59,1,0,0.8660254037844386,0.5000000000000001,15.0,11.375,0,1.5,2.0,4.0,32.0
2022-03-01,5.0,8.75,20.0,14.0,25.0,22.5,315.0,315.0,4.0,4.714285714285714,6.0,5.0,0.5,1.0357142857142858,2.75,2.5,1,1.0,0,0.0,0,0.0,0,0.0,0,0.0,1,1.0,3,3.0,2022-03-01,0,2022,3,1,1,60,1,0,1.0,6.123233995736766e-17,15.0,11.375,0,1.625,2.25,2.0,3.0
2022-03-02,5.0,8.75,20.0,14.0,25.0,22.5,270.0,270.0,4.0,4.714285714285714,6.0,5.0,0.5,1.0357142857142858,2.75,2.5,1,1.0,0,0.0,0,0.0,0,0.0,1,1.0,1,1.0,3,3.0,2022-03-02,0,2022,3,2,2,61,1,0,1.0,6.123233995736766e-17,15.0,11.375,0,1.625,2.25,2.0,3.0
2022-03-04,5.0,8.75,20.0,14.0,20.0,20.0,270.0,270.0,4.0,4.714285714285714,6.0,5.0,0.5,1.0357142857142858,2.75,2.5,1,1.0,0,0.0,0,0.0,0,0.0,0,0.0,1,1.0,3,3.0,2022-03-04,0,2022,3,4,4,63,1,0,1.0,6.123233995736766e-17,15.0,11.375,0,1.625,2.25,2.0,3.0
2022-03-05,5.0,8.75,20.0,14.0,25.0,25.0,225.0,225.0,5.0,5.0,5.0,5.0,1.25,1.25,2.5,2.5,1,1.0,0,0.0,0,0.0,0,0.0,1,1.0,1,1.0,28,28.0,2022-03-05,0,2022,3,5,5,64,1,1,1.0,6.123233995736766e-17,15.0,11.375,0,1.875,1.25,2.0,28.0
2022-03-07,5.0,8.75,20.0,14.0,25.0,25.0,315.0,315.0,5.0,5.0,6.0,6.0,1.25,1.25,4.0,4.0,1,1.0,1,1.0,0,0.0,0,0.0,0,0.0,4,4.0,42,42.0,2022-03-07,1,2022,3,7,0,66,1,0,1.0,6.123233995736766e-17,15.0,11.375,0,2.625,2.75,4.0,42.0
2022-03-08,5.0,8.75,20.0,14.0,25.0,25.0,315.0,315.0,5.0,5.0,6.0,6.0,1.25,1.25,4.0,4.0,1,1.0,1,1.0,0,0.0,0,0.0,0,0.0,4,4.0,42,42.0,2022-03-08,0,2022,3,8,1,67,1,0,1.0,6.123233995736766e-17,15.0,11.375,0,2.625,2.75,4.0,42.0
2022-03-09,5.0,8.75,20.0,14.0,20.0,20.0,315.0,315.0,5.0,5.0,5.0,5.0,1.25,1.25,2.5,2.5,1,1.0,1,1.0,0,0.0,0,0.0,0,0.0,4,4.0,32,32.0,2022-03-09,0,2022,3,9,2,68,1,0,1.0,6.123233995736766e-17,15.0,11.375,0,1.875,1.25,4.0,32.0
2022-03-10,5.0,8.75,20.0,14.0,25.0,22.5,90.0,90.0,6.0,6.0,6.0,6.0,2.5,2.5,4.0,4.0,1,1.0,1,1.0,0,0.0,0,0.0,0,0.0,4,4.0,37,37.0,2022-03-10,0,2022,3,10,3,69,1,0,1.0,6.123233995736766e-17,15.0,11.375,0,3.25,1.5,4.0,37.0
2022-03-11,5.0,8.75,20.0,14.0,25.0,22.5,90.0,90.0,6.0,6.0,6.0,6.0,2.5,2.5,4.0,4.0,1,1.0,1,1.0,0,0.0,0,0.0,0,0.0,4,4.0,37,37.0,2022-03-11,0,2022,3,11,4,70,1,0,1.0,6.123233995736766e-17,15.0,11.375,0,3.25,1.5,4.0,37.0
2022-03-13,5.0,8.75,20.0,14.0,25.0,22.5,135.0,135.0,5.0,5.0,5.0,5.0,1.25,1.25,1.5,1.5,1,1.0,1,1.0,0,0.0,0,0.0,0,0.0,4,4.0,32,32.0,2022-03-13,0,2022,3,13,6,72,1,1,1.0,6.123233995736766e-17,15.0,11.375,0,1.375,0.25,4.0,32.0
2022-03-15,5.0,8.75,20.0,14.0,25.0,22.5,180.0,180.0,4.0,4.714285714285714,6.0,5.0,0.5,1.0357142857142858,2.75,2.5,1,1.0,1,1.0,0,0.0,0,0.0,0,0.0,4,4.0,12,12.0,2022-03-15,0,2022,3,15,1,74,1,0,1.0,6.123233995736766e-17,15.0,11.375,0,1.625,2.25,4.0,12.0
2022-03-17,5.0,8.75,20.0,14.0,25.0,22.5,0.0,0.0,4.0,4.0,5.0,5.0,0.5,0.5,2.5,2.5,1,1.0,1,1.0,0,0.0,0,0.0,0,0.0,4,4.0,32,32.0,2022-03-17,0,2022,3,17,3,76,1,0,1.0,6.123233995736766e-17,15.0,11.375,0,1.5,2.0,4.0,32.0
2022-03-21,5.0,8.75,20.0,14.0,25.0,22.5,180.0,180.0,4.0,4.714285714285714,6.0,5.0,0.5,1.0357142857142858,2.75,2.5,1,1.0,0,0.0,0,0.0,0,0.0,1,1.0,1,1.0,3,3.0,2022-03-21,1,2022,3,21,0,80,1,0,1.0,6.123233995736766e-17,15.0,11.375,0,1.625,2.25,2.0,3.0
2022-03-23,5.0,8.75,20.0,14.0,25.0,22.5,180.0,180.0,5.0,5.0,5.0,5.0,1.25,1.25,2.5,2.5,1,1.0,1,1.0,0,0.0,0,0.0,0,0.0,4,4.0,32,32.0,2022-03-23,0,2022,3,23,2,82,1,0,1.0,6.123233995736766e-17,15.0,11.375,0,1.875,1.25,4.0,32.0
2022-03-24,5.0,8.75,20.0,14.0,25.0,22.5,180.0,180.0,4.0,4.714285714285714,6.0,5.0,0.5,1.0357142857142858,2.75,2.5,1,1.0,0,0.0,0,0.0,0,0.0,0,0.0,1,1.0,3,3.0,2022-03-24,0,2022,3,24,3,83,1,0,1.0,6.123233995736766e-17,15.0,11.375,0,1.625,2.25,2.0,3.0
2022-03-25,5.0,8.75,20.0,14.0,25.0,22.5,180.0,180.0,4.0,4.714285714285714,6.0,5.0,0.5,1.0357142857142858,2.75,2.5,1,1.0,0,0.0,0,0.0,0,0.0,0,0.0,1,1.0,3,3.0,2022-03-25,0,2022,3,25,4,84,1,0,1.0,6.123233995736766e-17,15.0,11.375,0,1.625,2.25,2.0,3.0
2022-03-28,5.0,8.75,20.0,14.0,25.0,22.5,180.0,180.0,5.0,5.0,5.0,5.0,1.25,1.25,2.5,2.5,0,0.0,0,0.0,0,0.0,0,0.0,1,1.0,0,0.0,20,20.0,2022-03-28,0,2022,3,28,0,87,1,0,1.0,6.123233995736766e-17,15.0,11.375,0,1.875,1.25,0.0,20.0
2022-04-01,5.0,8.75,20.0,14.0,25.0,22.5,180.0,180.0,5.0,5.0,5.0,5.0,1.25,1.25,2.5,2.5,1,1.0,0,0.0,0,0.0,0,0.0,1,1.0,2,2.0,26,26.0,2022-04-01,0,2022,4,1,4,91,1,0,0.8660254037844387,-0.4999999999999998,15.0,11.375,0,1.875,1.25,2.0,26.0
2022-04-02,5.0,8.75,20.0,14.0,25.0,22.5,180.0,180.0,5.0,5.0,5.0,5.0,1.25,1.25,2.5,2.5,1,1.0,0,0.0,0,0.0,0,0.0,1,1.0,2,2.0,26,26.0,2022-04-02,0,2022,4,2,5,92,1,1,0.8660254037844387,-0.4999999999999998,15.0,11.375,0,1.875,1.25,2.0,26.0
2022-04-03,5.0,8.75,20.0,14.0,25.0,22.5,180.0,180.0,5.0,5.0,5.0,5.0,1.25,1.25,2.5,2.5,1,1.0,0,0.0,0,0.0,0,0.0,0,0.0,1,1.0,23,23.0,2022-04-03,0,2022,4,3,6,93,1,1,0.8660254037844387,-0.4999999999999998,15.0,11.375,0,1.875,1.25,2.0,23.0
2022-04-04,5.0,8.75,20.0,14.0,25.0,22.5,180.0,180.0,5.0,5.0,5.0,5.0,1.25,1.25,2.5,2.5,1,1.0,0,0.0,0,0.0,0,0.0,1,1.0,2,2.0,26,26.0,2022-04-04,1,2022,4,4,0,94,1,0,0.8660254037844387,-0.4999999999999998,15.0,11.375,0,1.875,1.25,2.0,26.0
2022-04-05,5.0,8.75,20.0,14.0,25.0,22.5,135.0,135.0,4.0,4.714285714285714,6.0,5.0,0.5,1.0357142857142858,2.75,2.5,0,0.0,0,0.0,0,0.0,0,0.0,0,0.0,0,0.0,0,0.0,2022-04-05,0,2022,4,5,1,95,1,0,0.8660254037844387,-0.4999999999999998,15.0,11.375,0,1.625,2.25,0.0,0.0
2022-04-06,5.0,8.75,20.0,14.0,15.0,15.0,135.0,135.0,5.0,5.0,5.0,5.0,1.25,1.25,2.5,2.5,1,1.0,0,0.0,0,0.0,0,0.0,1,1.0,1,1.0,23,23.0,2022-04-06,0,2022,4,6,2,96,1,0,0.8660254037844387,-0.4999999999999998,15.0,11.375,0,1.875,1.25,2.0,23.0
2022-04-08,5.0,8.75,20.0,14.0,20.0,20.0,135.0,135.0,5.0,5.0,5.0,5.0,1.25,1.25,2.5,2.5,1,1.0,0,0.0,0,0.0,0,0.0,0,0.0,2,2.0,26,26.0,2022-04-08,0,2022,4,8,4,98,1,0,0.8660254037844387,-0.4999999999999998,15.0,11.375,0,1.875,1.25,2.0,26.0
2022-04-09,5.0,8.75,20.0,14.0,20.0,20.0,135.0,135.0,5.0,5.0,5.0,5.0,1.25,1.25,2.5,2.5,1,1.0,0,0.0,0,0.0,0,0.0,0,0.0,2,2.0,26,26.0,2022-04-09,0,2022,4,9,5,99,1,1,0.8660254037844387,-0.4999999999999998,15.0,11.375,0,1.875,1.25,2.0,26.0
2022-04-10,5.0,8.75,20.0,14.0,20.0,20.0,135.0,135.0,5.0,5.0,5.0,5.0,1.25,1.25,2.5,2.5,1,1.0,0,0.0,0,0.0,0,0.0,0,0.0,2,2.0,26,26.0,2022-04-10,0,2022,4,10,6,100,1,1,0.8660254037844387,-0.4999999999999998,15.0,11.375,0,1.875,1.25,2.0,26.0
2022-04-11,5.0,8.75,20.0,14.0,25.0,25.0,135.0,135.0,5.0,5.0,5.0,5.0,1.25,1.25,2.0,2.0,1,1.0,0,0.0,0,0.0,0,0.0,0,0.0,1,1.0,28,28.0,2022-04-11,0,2022,4,11,0,101,1,0,0.8660254037844387,-0.4999999999999998,15.0,11.375,0,1.625,0.75,2.0,28.0
2022-04-12,5.0,8.75,20.0,14.0,25.0,25.0,135.0,135.0,5.0,5.0,5.0,5.0,1.25,1.25,2.5,2.5,1,1.0,0,0.0,0,0.0,0,0.0,0,0.0,2,2.0,31,31.0,2022-04-12,0,2022,4,12,1,102,1,0,0.8660254037844387,-0.4999999999999998,15.0,11.375,0,1.875,1.25,2.0,31.0
2022-04-15,5.0,8.75,20.0,14.0,25.0,25.0,135.0,135.0,4.0,4.714285714285714,6.0,5.0,0.5,1.0357142857142858,2.75,2.5,1,1.0,0,0.0,0,0.0,0,0.0,1,1.0,2,2.0,11,11.0,2022-04-15,0,2022,4,15,4,105,1,0,0.8660254037844387,-0.4999999999999998,15.0,11.375,0,1.625,2.25,2.0,11.0
2022-04-19,5.0,8.75,20.0,14.0,20.0,20.0,135.0,135.0,4.0,4.714285714285714,6.0,5.0,0.5,1.0357142857142858,2.75,2.5,1,1.0,0,0.0,0,0.0,0,0.0,0,0.0,2,2.0,6,6.0,2022-04-19,0,2022,4,19,1,109,1,0,0.8660254037844387,-0.4999999999999998,15.0,11.375,0,1.625,2.25,2.0,6.0
2022-04-20,5.0,8.75,20.0,14.0,25.0,22.5,180.0,180.0,5.0,5.0,5.0,5.0,1.25,1.25,2.5,2.5,1,1.0,1,1.0,0,0.0,0,0.0,0,0.0,4,4.0,32,32.0,2022-04-20,1,2022,4,20,2,110,1,0,0.8660254037844387,-0.4999999999999998,15.0,11.375,0,1.875,1.25,4.0,32.0
2022-04-21,5.0,8.75,20.0,14.0,25.0,22.5,0.0,0.0,5.0,5.0,5.0,5.0,1.25,1.25,2.5,2.5,1,1.0,1,1.0,0,0.0,1,1.0,0,0.0,4,4.0,32,32.0,2022-04-21,1,2022,4,21,3,111,1,0,0.8660254037844387,-0.4999999999999998,15.0,11.375,0,1.875,1.25,4.0,32.0
2022-04-22,5.0,8.75,20.0,14.0,25.0,22.5,135.0,135.0,5.0,5.0,5.0,5.0,1.25,1.25,2.5,2.5,1,1.0,0,0.0,0,0.0,0,0.0,1,1.0,2,2.0,26,26.0,2022-04-22,0,2022,4,22,4,112,1,0,0.8660254037844387,-0.4999999999999998,15.0,11.375,0,1.875,1.25,2.0,26.0
2022-04-23,5.0,8.75,20.0,14.0,30.0,30.0,135.0,135.0,4.0,4.714285714285714,6.0,5.0,0.5,1.0357142857142858,2.75,2.5,1,1.0,0,0.0,0,0.0,0,0.0,0,0.0,1,1.0,13,13.0,2022-04-23,0,2022,4,23,5,113,1,1,0.8660254037844387,-0.4999999999999998,15.0,11.375,1,1.625,2.25,2.0,13.0
2022-04-24,5.0,8.75,20.0,14.0,20.0,20.0,135.0,135.0,4.0,4.714285714285714,6.0,5.0,0.5,1.0357142857142858,2.75,2.5,1,1.0,0,0.0,0,0.0,0,0.0,1,1.0,2,2.0,6,6.0,2022-04-24,0,2022,4,24,6,114,1,1,0.8660254037844387,-0.4999999999999998,15.0,11.375,0,1.625,2.25,2.0,6.0
2022-04-26,5.0,8.75,20.0,14.0,25.0,22.5,135.0,135.0,5.0,5.0,6.0,6.0,1.25,1.25,4.0,4.0,0,0.0,0,0.0,0,0.0,1,1.0,1,1.0,0,0.0,25,25.0,2022-04-26,1,2022,4,26,1,116,1,0,0.8660254037844387,-0.4999999999999998,15.0,11.375,0,2.625,2.75,0.0,25.0
2022-04-27,5.0,8.75,20.0,14.0,25.0,22.5,180.0,180.0,4.0,4.714285714285714,6.0,5.0,0.5,1.0357142857142858,2.75,2.5,1,1.0,0,0.0,0,0.0,0,0.0,1,1.0,1,1.0,3,3.0,2022-04-27,0,2022,4,27,2,117,1,0,0.8660254037844387,-0.4999999999999998,15.0,11.375,0,1.625,2.25,2.0,3.0
2022-04-30,5.0,8.75,20.0,14.0,25.0,22.5,180.0,180.0,5.0,5.0,5.0,5.0,1.25,1.25,2.5,2.5,1,1.0,0,0.0,0,0.0,0,0.0,1,1.0,1,1.0,23,23.0,2022-04-30,0,2022,4,30,5,120,1,1,0.8660254037844387,-0.4999999999999998,15.0,11.375,0,1.875,1.25,2.0,23.0
2022-05-02,5.0,8.75,20.0,14.0,20.0,20.0,135.0,135.0,5.0,5.0,5.0,5.0,1.25,1.25,2.5,2.5,0,0.0,0,0.0,0,0.0,0,0.0,1,1.0,0,0.0,20,20.0,2022-05-02,0,2022,5,2,0,122,0,0,0.49999999999999994,-0.8660254037844387,15.0,11.375,0,1.875,1.25,0.0,20.0
2022-05-03,5.0,8.75,20.0,14.0,30.0,30.0,135.0,135.0,5.0,5.0,5.0,5.0,1.25,1.25,2.5,2.5,1,1.0,0,0.0,0,0.0,0,0.0,1,1.0,2,2.0,36,36.0,2022-05-03,0,2022,5,3,1,123,0,0,0.49999999999999994,-0.8660254037844387,15.0,11.375,1,1.875,1.25,2.0,36.0
2022-05-04,5.0,8.75,20.0,14.0,30.0,30.0,135.0,135.0,5.0,5.0,5.0,5.0,1.25,1.25,2.5,2.5,1,1.0,0,0.0,0,0.0,0,0.0,1,1.0,2,2.0,36,36.0,2022-05-04,0,2022,5,4,2,124,0,0,0.49999999999999994,-0.8660254037844387,15.0,11.375,1,1.875,1.25,2.0,36.0
2022-05-06,5.0,8.75,20.0,14.0,30.0,30.0,135.0,135.0,5.0,5.0,5.0,5.0,1.25,1.25,2.5,2.5,1,1.0,0,0.0,0,0.0,0,0.0,1,1.0,2,2.0,36,36.0,2022-05-06,0,2022,5,6,4,126,0,0,0.49999999999999994,-0.8660254037844387,15.0,11.375,1,1.875,1.25,2.0,36.0
2022-05-07,5.0,8.75,20.0,14.0,20.0,20.0,135.0,135.0,4.0,4.714285714285714,6.0,5.0,0.5,1.0357142857142858,2.75,2.5,1,1.0,0,0.0,0,0.0,0,0.0,1,1.0,1,1.0,3,3.0,2022-05-07,0,2022,5,7,5,127,0,1,0.49999999999999994,-0.8660254037844387,15.0,11.375,0,1.625,2.25,2.0,3.0
2022-05-08,5.0,8.75,20.0,14.0,20.0,20.0,135.0,135.0,4.0,4.714285714285714,6.0,5.0,0.5,1.0357142857142858,2.75,2.5,1,1.0,0,0.0,0,0.0,0,0.0,1,1.0,1,1.0,3,3.0,2022-05-08,0,2022,5,8,6,128,0,1,0.49999999999999994,-0.8660254037844387,15.0,11.375,0,1.625,2.25,2.0,3.0
2022-05-10,5.0,8.75,20.0,14.0,25.0,22.5,135.0,135.0,5.0,5.0,5.0,5.0,1.25,1.25,2.5,2.5,0,0.0,0,0.0,0,0.0,0,0.0,1,1.0,0,0.0,20,20.0,2022-05-10,0,2022,5,10,1,130,0,0,0.49999999999999994,-0.8660254037844387,15.0,11.375,0,1.875,1.25,0.0,20.0
2022-05-12,5.0,8.75,20.0,14.0,25.0,22.5,180.0,180.0,4.0,4.714285714285714,6.0,5.0,0.5,1.0357142857142858,2.75,2.5,1,1.0,0,0.0,0,0.0,0,0.0,0,0.0,1,1.0,3,3.0,2022-05-12,0,2022,5,12,3,132,0,0,0.49999999999999994,-0.8660254037844387,15.0,11.375,0,1.625,2.25,2.0,3.0
2022-05-16,5.0,8.75,20.0,14.0,25.0,25.0,180.0,180.0,4.0,4.714285714285714,6.0,5.0,0.5,1.0357142857142858,2.75,2.5,1,1.0,0,0.0,0,0.0,0,0.0,0,0.0,2,2.0,11,11.0,2022-05-16,0,2022,5,16,0,136,0,0,0.49999999999999994,-0.8660254037844387,15.0,11.375,0,1.625,2.25,2.0,11.0
2022-05-17,5.0,8.75,20.0,14.0,30.0,30.0,135.0,135.0,4.0,4.714285714285714,6.0,5.0,0.5,1.0357142857142858,2.75,2.5,1,1.0,0,0.0,0,0.0,0,0.0,0,0.0,2,2.0,16,16.0,2022-05-17,0,2022,5,17,1,137,0,0,0.49999999999999994,-0.8660254037844387,15.0,11.375,1,1.625,2.25,2.0,16.0
2022-05-20,5.0,8.75,20.0,14.0,25.0,25.0,135.0,135.0,4.0,4.714285714285714,6.0,5.0,0.5,1.0357142857142858,2.75,2.5,1,1.0,0,0.0,0,0.0,0,0.0,0,0.0,1,1.0,8,8.0,2022-05-20,0,2022,5,20,4,140,0,0,0.49999999999999994,-0.8660254037844387,15.0,11.375,0,1.625,2.25,2.0,8.0
2022-05-21,5.0,8.75,20.0,14.0,25.0,22.5,135.0,135.0,5.0,5.0,5.0,5.0,1.25,1.25,2.5,2.5,1,1.0,0,0.0,0,0.0,1,1.0,1,1.0,2,2.0,26,26.0,2022-05-21,0,2022,5,21,5,141,0,1,0.49999999999999994,-0.8660254037844387,15.0,11.375,0,1.875,1.25,2.0,26.0
2022-05-22,5.0,8.75,20.0,14.0,25.0,25.0,135.0,67.5,4.0,4.714285714285714,6.0,5.0,0.5,1.0357142857142858,2.75,2.5,1,0.5,0,0.0,0,0.0,0,0.0,0,0.0,2,1.0,11,8.0,2022-05-22,0,2022,5,22,6,142,0,1,0.49999999999999994,-0.8660254037844387,15.0,11.375,0,1.625,2.25,1.5,11.0
2022-05-24,5.0,8.75,20.0,14.0,25.0,25.0,135.0,135.0,5.0,5.0,5.0,5.0,1.25,1.25,2.5,2.5,0,0.0,0,0.0,0,0.0,0,0.0,0,0.0,0,0.0,25,25.0,2022-05-24,0,2022,5,24,1,144,0,0,0.49999999999999994,-0.8660254037844387,15.0,11.375,0,1.875,1.25,0.0,25.0
2022-05-25,5.0,8.75,20.0,14.0,25.0,22.5,135.0,135.0,4.0,4.714285714285714,6.0,5.0,0.5,1.0357142857142858,2.75,2.5,0,0.0,0,0.0,0,0.0,0,0.0,1,1.0,0,0.0,0,0.0,2022-05-25,0,2022,5,25,2,145,0,0,0.49999999999999994,-0.8660254037844387,15.0,11.375,0,1.625,2.25,0.0,0.0
2022-05-29,5.0,8.75,20.0,14.0,25.0,22.5,135.0,135.0,4.0,4.714285714285714,6.0,5.0,0.5,1.0357142857142858,2.75,2.5,0,0.0,0,0.0,0,0.0,0,0.0,1,1.0,0,0.0,0,0.0,2022-05-29,0,2022,5,29,6,149,0,1,0.49999999999999994,-0.8660254037844387,15.0,11.375,0,1.625,2.25,0.0,0.0
2022-05-30,5.0,8.75,20.0,14.0,25.0,22.5,135.0,135.0,4.0,4.714285714285714,6.0,5.0,0.5,1.0357142857142858,2.75,2.5,0,0.0,0,0.0,0,0.0,0,0.0,1,1.0,0,0.0,0,0.0,2022-05-30,0,2022,5,30,0,150,0,0,0.49999999999999994,-0.8660254037844387,15.0,11.375,0,1.625,2.25,0.0,0.0
2022-05-31,5.0,8.75,20.0,14.0,25.0,22.5,180.0,180.0,5.0,5.0,5.0,5.0,1.25,1.25,2.5,2.5,1,1.0,0,0.0,0,0.0,0,0.0,1,1.0,2,2.0,26,26.0,2022-05-31,1,2022,5,31,1,151,0,0,0.49999999999999994,-0.8660254037844387,15.0,11.375,0,1.875,1.25,2.0,26.0
2022-06-01,5.0,8.75,20.0,14.0,25.0,22.5,135.0,135.0,5.0,5.0,5.0,5.0,1.25,1.25,2.5,2.5,1,1.0,0,0.0,0,0.0,0,0.0,0,0.0,2,2.0,26,26.0,2022-06-01,0,2022,6,1,2,152,0,0,1.2246467991473532e-16,-1.0,15.0,11.375,0,1.875,1.25,2.0,26.0
2022-06-02,5.0,8.75,20.0,14.0,25.0,25.0,135.0,135.0,4.0,4.714285714285714,6.0,5.0,0.5,1.0357142857142858,2.75,2.5,1,1.0,0,0.0,0,0.0,0,0.0,0,0.0,2,2.0,11,11.0,2022-06-02,1,2022,6,2,3,153,0,0,1.2246467991473532e-16,-1.0,15.0,11.375,0,1.625,2.25,2.0,11.0
2022-06-04,5.0,8.75,20.0,14.0,25.0,25.0,135.0,135.0,4.0,4.714285714285714,6.0,5.0,0.5,1.0357142857142858,2.75,2.5,1,1.0,0,0.0,0,0.0,0,0.0,0,0.0,1,1.0,8,8.0,2022-06-04,0,2022,6,4,5,155,0,1,1.2246467991473532e-16,-1.0,15.0,11.375,0,1.625,2.25,2.0,8.0
2022-06-07,5.0,8.75,20.0,14.0,25.0,25.0,135.0,135.0,5.0,5.0,5.0,5.0,1.25,1.25,2.5,2.5,1,1.0,0,0.0,0,0.0,0,0.0,0,0.0,2,2.0,31,31.0,2022-06-07,1,2022,6,7,1,158,0,0,1.2246467991473532e-16,-1.0,15.0,11.375,0,1.875,1.25,2.0,31.0
2022-06-08,5.0,8.75,20.0,14.0,25.0,22.5,135.0,135.0,5.0,5.0,5.0,5.0,1.25,1.25,2.5,2.5,1,1.0,0,0.0,0,0.0,0,0.0,0,0.0,1,1.0,23,23.0,2022-06-08,0,2022,6,8,2,159,0,0,1.2246467991473532e-16,-1.0,15.0,11.375,0,1.875,1.25,2.0,23.0
2022-06-10,5.0,8.75,20.0,14.0,25.0,22.5,180.0,180.0,4.0,4.714285714285714,6.0,5.0,0.5,1.0357142857142858,2.75,2.5,1,1.0,0,0.0,0,0.0,0,0.0,1,1.0,2,2.0,6,6.0,2022-06-10,0,2022,6,10,4,161,0,0,1.2246467991473532e-16,-1.0,15.0,11.375,0,1.625,2.25,2.0,6.0
2022-06-11,5.0,8.75,20.0,14.0,25.0,22.5,180.0,180.0,4.0,4.714285714285714,6.0,5.0,0.5,1.0357142857142858,2.75,2.5,1,1.0,0,0.0,0,0.0,0,0.0,0,0.0,2,2.0,6,6.0,2022-06-11,1,2022,6,11,5,162,0,1,1.2246467991473532e-16,-1.0,15.0,11.375,0,1.625,2.25,2.0,6.0
2022-06-13,5.0,8.75,20.0,14.0,25.0,22.5,180.0,180.0,4.0,4.714285714285714,6.0,5.0,0.5,1.0357142857142858,2.75,2.5,1,1.0,0,0.0,0,0.0,0,0.0,0,0.0,2,2.0,6,6.0,2022-06-13,0,2022,6,13,0,164,0,0,1.2246467991473532e-16,-1.0,15.0,11.375,0,1.625,2.25,2.0,6.0
2022-06-15,5.0,8.75,20.0,14.0,25.0,22.5,135.0,135.0,5.0,5.0,5.0,5.0,1.25,1.25,2.5,2.5,1,1.0,0,0.0,0,0.0,0,0.0,1,1.0,2,2.0,26,26.0,2022-06-15,0,2022,6,15,2,166,0,0,1.2246467991473532e-16,-1.0,15.0,11.375,0,1.875,1.25,2.0,26.0
2022-06-16,5.0,8.75,20.0,14.0,25.0,22.5,135.0,135.0,5.0,5.0,5.0,5.0,1.25,1.25,2.5,2.5,1,1.0,0,0.0,0,0.0,0,0.0,1,1.0,2,2.0,26,26.0,2022-06-16,0,2022,6,16,3,167,0,0,1.2246467991473532e-16,-1.0,15.0,11.375,0,1.875,1.25,2.0,26.0
2022-06-17,5.0,8.75,20.0,14.0,25.0,22.5,180.0,180.0,5.0,5.0,5.0,5.0,1.25,1.25,2.0,2.0,1,1.0,0,0.0,0,0.0,0,0.0,0,0.0,1,1.0,23,23.0,2022-06-17,0,2022,6,17,4,168,0,0,1.2246467991473532e-16,-1.0,15.0,11.375,0,1.625,0.75,2.0,23.0
2022-06-18,5.0,8.75,20.0,14.0,25.0,22.5,135.0,135.0,5.0,5.0,5.0,5.0,1.25,1.25,2.5,2.5,1,1.0,0,0.0,0,0.0,0,0.0,0,0.0,2,2.0,26,26.0,2022-06-18,0,2022,6,18,5,169,0,1,1.2246467991473532e-16,-1.0,15.0,11.375,0,1.875,1.25,2.0,26.0
2022-06-21,5.0,8.75,20.0,14.0,30.0,30.0,135.0,135.0,6.0,6.0,6.0,6.0,2.5,2.5,3.0,3.0,1,1.0,0,0.0,0,0.0,0,0.0,0,0.0,2,2.0,41,41.0,2022-06-21,0,2022,6,21,1,172,0,0,1.2246467991473532e-16,-1.0,15.0,11.375,1,2.75,0.5,2.0,41.0
2022-06-22,5.0,8.75,20.0,14.0,30.0,30.0,135.0,135.0,4.0,4.714285714285714,6.0,5.0,0.5,1.0357142857142858,2.75,2.5,1,1.0,0,0.0,0,0.0,0,0.0,0,0.0,2,2.0,16,16.0,2022-06-22,0,2022,6,22,2,173,0,0,1.2246467991473532e-16,-1.0,15.0,11.375,1,1.625,2.25,2.0,16.0
2022-06-24,5.0,8.75,20.0,14.0,25.0,22.5,135.0,135.0,6.0,6.0,6.0,6.0,2.5,2.5,4.0,4.0,1,1.0,0,0.0,0,0.0,0,0.0,0,0.0,2,2.0,31,31.0,2022-06-24,0,2022,6,24,4,175,0,0,1.2246467991473532e-16,-1.0,15.0,11.375,0,3.25,1.5,2.0,31.0
2022-06-25,5.0,8.75,20.0,14.0,33.0,33.0,135.0,135.0,4.0,4.714285714285714,6.0,5.0,0.5,1.0357142857142858,2.75,2.5,1,1.0,0,0.0,0,0.0,0,0.0,0,0.0,2,2.0,16,16.0,2022-06-25,0,2022,6,25,5,176,0,1,1.2246467991473532e-16,-1.0,15.0,11.375,1,1.625,2.25,2.0,16.0
2022-06-29,5.0,8.75,20.0,14.0,33.0,33.0,135.0,135.0,4.0,4.714285714285714,6.0,5.0,0.5,1.0357142857142858,2.75,2.5,1,1.0,0,0.0,0,0.0,0,0.0,0,0.0,1,1.0,13,13.0,2022-06-29,1,2022,6,29,2,180,0,0,1.2246467991473532e-16,-1.0,15.0,11.375,1,1.625,2.25,2.0,13.0
2022-06-30,5.0,8.75,20.0,14.0,25.0,22.5,135.0,135.0,6.0,6.0,6.0,6.0,2.5,2.5,4.0,4.0,1,1.0,0,0.0,0,0.0,0,0.0,0,0.0,2,2.0,31,31.0,2022-06-30,0,2022,6,30,3,181,0,0,1.2246467991473532e-16,-1.0,15.0,11.375,0,3.25,1.5,2.0,31.0
2022-07-03,5.0,8.75,20.0,14.0,30.0,30.0,135.0,135.0,6.0,6.0,6.0,6.0,2.5,2.5,4.0,4.0,1,1.0,0,0.0,0,0.0,0,0.0,0,0.0,2,2.0,41,41.0,2022-07-03,1,2022,7,3,6,184,0,1,-0.4999999999999997,-0.8660254037844388,15.0,11.375,1,3.25,1.5,2.0,41.0
2022-07-08,5.0,8.75,20.0,14.0,30.0,30.0,135.0,135.0,6.0,6.0,6.0,6.0,2.5,2.5,4.0,4.0,1,1.0,0,0.0,0,0.0,0,0.0,0,0.0,1,1.0,38,38.0,2022-07-08,0,2022,7,8,4,189,0,0,-0.4999999999999997,-0.8660254037844388,15.0,11.375,1,3.25,1.5,2.0,38.0
2022-07-11,5.0,8.75,20.0,14.0,30.0,30.0,135.0,135.0,6.0,6.0,6.0,6.0,2.5,2.5,4.0,4.0,1,1.0,0,0.0,0,0.0,0,0.0,0,0.0,1,1.0,38,38.0,2022-07-11,0,2022,7,11,0,192,0,0,-0.4999999999999997,-0.8660254037844388,15.0,11.375,1,3.25,1.5,2.0,38.0
2022-07-12,5.0,8.75,20.0,14.0,30.0,30.0,135.0,135.0,6.0,6.0,6.0,6.0,2.5,2.5,4.0,4.0,1,1.0,0,0.0,0,0.0,0,0.0,0,0.0,2,2.0,41,41.0,2022-07-12,0,2022,7,12,1,193,0,0,-0.4999999999999997,-0.8660254037844388,15.0,11.375,1,3.25,1.5,2.0,41.0
2022-07-15,5.0,8.75,20.0,14.0,25.0,25.0,135.0,135.0,5.0,5.0,5.0,5.0,1.25,1.25,2.5,2.5,1,1.0,0,0.0,0,0.0,0,0.0,0,0.0,1,1.0,28,28.0,2022-07-15,0,2022,7,15,4,196,0,0,-0.4999999999999997,-0.8660254037844388,15.0,11.375,0,1.875,1.25,2.0,28.0
2022-07-16,5.0,8.75,20.0,14.0,25.0,25.0,135.0,135.0,4.0,4.714285714285714,6.0,5.0,0.5,1.0357142857142858,2.75,2.5,1,1.0,0,0.0,0,0.0,0,0.0,0,0.0,2,2.0,11,11.0,2022-07-16,1,2022,7,16,5,197,0,1,-0.4999999999999997,-0.8660254037844388,15.0,11.375,0,1.625,2.25,2.0,11.0
2022-07-19,5.0,8.75,20.0,14.0,30.0,30.0,135.0,135.0,4.0,4.714285714285714,6.0,5.0,0.5,1.0357142857142858,2.75,2.5,1,1.0,0,0.0,0,0.0,0,0.0,0,0.0,1,1.0,13,13.0,2022-07-19,0,2022,7,19,1,200,0,0,-0.4999999999999997,-0.8660254037844388,15.0,11.375,1,1.625,2.25,2.0,13.0
2022-07-20,5.0,8.75,20.0,14.0,30.0,30.0,135.0,135.0,4.0,4.714285714285714,6.0,5.0,0.5,1.0357142857142858,2.75,2.5,1,1.0,0,0.0,0,0.0,0,0.0,0,0.0,2,2.0,16,16.0,2022-07-20,0,2022,7,20,2,201,0,0,-0.4999999999999997,-0.8660254037844388,15.0,11.375,1,1.625,2.25,2.0,16.0
2022-07-21,5.0,8.75,20.0,14.0,30.0,30.0,135.0,135.0,4.0,4.714285714285714,6.0,5.0,0.5,1.0357142857142858,2.75,2.5,1,1.0,0,0.0,0,0.0,0,0.0,0,0.0,2,2.0,16,16.0,2022-07-21,0,2022,7,21,3,202,0,0,-0.4999999999999997,-0.8660254037844388,15.0,11.375,1,1.625,2.25,2.0,16.0
2022-07-22,5.0,8.75,20.0,14.0,30.0,30.0,135.0,135.0,4.0,4.714285714285714,6.0,5.0,0.5,1.0357142857142858,2.75,2.5,1,1.0,0,0.0,0,0.0,0,0.0,0,0.0,1,1.0,13,13.0,2022-07-22,1,2022,7,22,4,203,0,0,-0.4999999999999997,-0.8660254037844388,15.0,11.375,1,1.625,2.25,2.0,13.0
2022-07-24,5.0,8.75,20.0,14.0,25.0,22.5,135.0,135.0,4.0,4.714285714285714,6.0,5.0,0.5,1.0357142857142858,2.75,2.5,1,1.0,0,0.0,0,0.0,0,0.0,1,1.0,2,2.0,6,6.0,2022-07-24,0,2022,7,24,6,205,0,1,-0.4999999999999997,-0.8660254037844388,15.0,11.375,0,1.625,2.25,2.0,6.0
2022-07-26,5.0,8.75,20.0,14.0,25.0,22.5,180.0,180.0,5.0,5.0,5.0,5.0,1.25,1.25,2.5,2.5,0,0.0,0,0.0,0,0.0,0,0.0,1,1.0,0,0.0,20,20.0,2022-07-26,1,2022,7,26,1,207,0,0,-0.4999999999999997,-0.8660254037844388,15.0,11.375,0,1.875,1.25,0.0,20.0
2022-07-28,5.0,8.75,20.0,14.0,25.0,22.5,180.0,180.0,5.0,5.0,5.0,5.0,1.25,1.25,2.5,2.5,1,1.0,0,0.0,0,0.0,0,0.0,1,1.0,1,1.0,23,23.0,2022-07-28,0,2022,7,28,3,209,0,0,-0.4999999999999997,-0.8660254037844388,15.0,11.375,0,1.875,1.25,2.0,23.0
2022-07-29,5.0,8.75,20.0,14.0,25.0,25.0,135.0,135.0,5.0,5.0,5.0,5.0,1.25,1.25,2.5,2.5,1,1.0,0,0.0,0,0.0,0,0.0,0,0.0,1,1.0,28,28.0,2022-07-29,0,2022,7,29,4,210,0,0,-0.4999999999999997,-0.8660254037844388,15.0,11.375,0,1.875,1.25,2.0,28.0
2022-07-30,5.0,8.75,20.0,14.0,25.0,25.0,135.0,135.0,5.0,5.0,5.0,5.0,1.25,1.25,2.5,2.5,1,1.0,0,0.0,0,0.0,0,0.0,0,0.0,2,2.0,31,31.0,2022-07-30,1,2022,7,30,5,211,0,1,-0.4999999999999997,-0.8660254037844388,15.0,11.375,0,1.875,1.25,2.0,31.0
2022-07-31,5.0,8.75,20.0,14.0,25.0,25.0,135.0,135.0,5.0,5.0,5.0,5.0,1.25,1.25,2.5,2.5,1,1.0,0,0.0,0,0.0,0,0.0,1,1.0,1,1.0,28,28.0,2022-07-31,0,2022,7,31,6,212,0,1,-0.4999999999999997,-0.8660254037844388,15.0,11.375,0,1.875,1.25,2.0,28.0
2022-08-01,5.0,8.75,20.0,14.0,25.0,25.0,135.0,135.0,5.0,5.0,5.0,5.0,1.25,1.25,2.5,2.5,1,1.0,0,0.0,0,0.0,0,0.0,0,0.0,3,3.0,34,34.0,2022-08-01,0,2022,8,1,0,213,0,0,-0.8660254037844384,-0.5000000000000004,15.0,11.375,0,1.875,1.25,2.0,34.0
2022-08-02,5.0,8.75,20.0,14.0,25.0,25.0,135.0,135.0,5.0,5.0,5.0,5.0,1.25,1.25,2.5,2.5,1,1.0,0,0.0,0,0.0,0,0.0,0,0.0,3,3.0,34,34.0,2022-08-02,0,2022,8,2,1,214,0,0,-0.8660254037844384,-0.5000000000000004,15.0,11.375,0,1.875,1.25,2.0,34.0
2022-08-03,5.0,8.75,20.0,14.0,25.0,25.0,135.0,135.0,5.0,5.0,5.0,5.0,1.25,1.25,2.5,2.5,1,1.0,0,0.0,0,0.0,0,0.0,0,0.0,2,2.0,31,31.0,2022-08-03,0,2022,8,3,2,215,0,0,-0.8660254037844384,-0.5000000000000004,15.0,11.375,0,1.875,1.25,2.0,31.0
2022-08-04,5.0,8.75,20.0,14.0,25.0,25.0,135.0,135.0,5.0,5.0,5.0,5.0,1.25,1.25,2.5,2.5,1,1.0,0,0.0,0,0.0,0,0.0,0,0.0,2,2.0,31,31.0,2022-08-04,1,2022,8,4,3,216,0,0,-0.8660254037844384,-0.5000000000000004,15.0,11.375,0,1.875,1.25,2.0,31.0
2022-09-23,5.0,8.75,20.0,14.0,30.0,30.0,135.0,135.0,4.0,4.714285714285714,6.0,5.0,0.5,1.0357142857142858,2.75,2.5,1,1.0,0,0.0,0,0.0,0,0.0,0,0.0,3,3.0,19,19.0,2022-09-23,0,2022,9,23,4,266,0,0,-1.0,-1.8369701987210297e-16,15.0,11.375,1,1.625,2.25,2.0,19.0
2022-09-26,5.0,8.75,20.0,14.0,25.0,22.5,180.0,180.0,4.0,4.714285714285714,6.0,5.0,0.5,1.0357142857142858,2.75,2.5,1,1.0,0,0.0,0,0.0,0,0.0,0,0.0,2,2.0,6,6.0,2022-09-26,0,2022,9,26,0,269,0,0,-1.0,-1.8369701987210297e-16,15.0,11.375,0,1.625,2.25,2.0,6.0
2022-09-27,5.0,8.75,20.0,14.0,25.0,25.0,180.0,180.0,4.0,4.714285714285714,6.0,5.0,0.5,1.0357142857142858,2.75,2.5,1,1.0,0,0.0,0,0.0,0,0.0,0,0.0,2,2.0,11,11.0,2022-09-27,0,2022,9,27,1,270,0,0,-1.0,-1.8369701987210297e-16,15.0,11.375,0,1.625,2.25,2.0,11.0
2022-09-28,5.0,8.75,20.0,14.0,25.0,25.0,135.0,135.0,5.0,5.0,5.0,5.0,1.25,1.25,2.5,2.5,1,1.0,0,0.0,0,0.0,0,0.0,0,0.0,2,2.0,31,31.0,2022-09-28,0,2022,9,28,2,271,0,0,-1.0,-1.8369701987210297e-16,15.0,11.375,0,1.875,1.25,2.0,31.0
2022-09-29,5.0,8.75,20.0,14.0,25.0,25.0,135.0,135.0,5.0,5.0,6.0,6.0,1.25,1.25,2.8,2.8,1,1.0,0,0.0,0,0.0,0,0.0,0,0.0,2,2.0,36,36.0,2022-09-29,0,2022,9,29,3,272,0,0,-1.0,-1.8369701987210297e-16,15.0,11.375,0,2.025,1.5499999999999998,2.0,36.0
2022-09-30,5.0,8.75,20.0,14.0,25.0,25.0,135.0,135.0,5.0,5.0,6.0,6.0,1.25,1.25,2.7,2.7,1,1.0,0,0.0,0,0.0,0,0.0,0,0.0,2,2.0,36,36.0,2022-09-30,1,2022,9,30,4,273,0,0,-1.0,-1.8369701987210297e-16,15.0,11.375,0,1.975,1.4500000000000002,2.0,36.0
2022-10-04,5.0,8.75,20.0,14.0,25.0,25.0,135.0,135.0,5.0,5.0,5.0,5.0,1.25,1.25,2.5,2.5,1,1.0,0,0.0,0,0.0,0,0.0,1,1.0,2,2.0,31,31.0,2022-10-04,0,2022,10,4,1,277,0,0,-0.8660254037844386,0.5000000000000001,15.0,11.375,0,1.875,1.25,2.0,31.0
2022-10-05,5.0,8.75,20.0,14.0,25.0,25.0,135.0,135.0,5.0,5.0,6.0,6.0,1.25,1.25,4.0,4.0,1,1.0,0,0.0,0,0.0,0,0.0,0,0.0,2,2.0,36,36.0,2022-10-05,0,2022,10,5,2,278,0,0,-0.8660254037844386,0.5000000000000001,15.0,11.375,0,2.625,2.75,2.0,36.0
2022-10-06,5.0,8.75,20.0,14.0,25.0,25.0,135.0,135.0,4.0,4.714285714285714,6.0,5.0,0.5,1.0357142857142858,2.75,2.5,1,1.0,0,0.0,0,0.0,0,0.0,0,0.0,2,2.0,11,11.0,2022-10-06,0,2022,10,6,3,279,0,0,-0.8660254037844386,0.5000000000000001,15.0,11.375,0,1.625,2.25,2.0,11.0
2022-10-09,5.0,8.75,20.0,14.0,25.0,22.5,180.0,180.0,5.0,5.0,5.0,5.0,1.25,1.25,2.5,2.5,1,1.0,0,0.0,0,0.0,0,0.0,1,1.0,2,2.0,26,26.0,2022-10-09,0,2022,10,9,6,282,0,1,-0.8660254037844386,0.5000000000000001,15.0,11.375,0,1.875,1.25,2.0,26.0
2022-10-10,5.0,8.75,20.0,14.0,25.0,22.5,180.0,180.0,5.0,5.0,5.0,5.0,1.25,1.25,2.5,2.5,1,1.0,0,0.0,0,0.0,0,0.0,1,1.0,2,2.0,26,26.0,2022-10-10,0,2022,10,10,0,283,0,0,-0.8660254037844386,0.5000000000000001,15.0,11.375,0,1.875,1.25,2.0,26.0
2022-10-27,5.0,8.75,20.0,14.0,15.0,15.0,90.0,90.0,5.0,5.0,5.0,5.0,1.25,1.25,2.5,2.5,1,1.0,0,0.0,0,0.0,0,0.0,0,0.0,1,1.0,23,23.0,2022-10-27,0,2022,10,27,3,300,0,0,-0.8660254037844386,0.5000000000000001,15.0,11.375,0,1.875,1.25,2.0,23.0
2022-10-28,5.0,8.75,20.0,14.0,15.0,15.0,90.0,90.0,5.0,5.0,5.0,5.0,1.25,1.25,2.5,2.5,1,1.0,0,0.0,0,0.0,0,0.0,0,0.0,1,1.0,23,23.0,2022-10-28,0,2022,10,28,4,301,0,0,-0.8660254037844386,0.5000000000000001,15.0,11.375,0,1.875,1.25,2.0,23.0
2022-11-19,5.0,8.75,20.0,14.0,20.0,20.0,135.0,135.0,4.0,4.0,5.0,5.0,0.5,0.5,1.6,1.6,0,0.0,0,0.0,0,0.0,0,0.0,1,1.0,0,0.0,20,20.0,2022-11-19,0,2022,11,19,5,323,1,1,-0.5000000000000004,0.8660254037844384,15.0,11.375,0,1.05,1.1,0.0,20.0
2022-11-20,5.0,8.75,20.0,14.0,20.0,20.0,135.0,135.0,4.0,4.0,5.0,5.0,0.5,0.5,1.0,1.0,0,0.0,0,0.0,0,0.0,0,0.0,1,1.0,0,0.0,20,20.0,2022-11-20,0,2022,11,20,6,324,1,1,-0.5000000000000004,0.8660254037844384,15.0,11.375,0,0.75,0.5,0.0,20.0
2022-11-22,5.0,8.75,20.0,14.0,20.0,20.0,135.0,135.0,4.0,4.0,5.0,5.0,0.5,0.5,1.0,1.0,0,0.0,0,0.0,0,0.0,0,0.0,1,1.0,0,0.0,20,20.0,2022-11-22,1,2022,11,22,1,326,1,0,-0.5000000000000004,0.8660254037844384,15.0,11.375,0,0.75,0.5,0.0,20.0
2022-11-24,5.0,8.75,20.0,14.0,25.0,25.0,135.0,135.0,5.0,5.0,5.0,5.0,1.25,1.25,2.0,2.0,1,1.0,0,0.0,0,0.0,0,0.0,1,1.0,2,2.0,31,31.0,2022-11-24,0,2022,11,24,3,328,1,0,-0.5000000000000004,0.8660254037844384,15.0,11.375,0,1.625,0.75,2.0,31.0
2022-11-28,5.0,8.75,20.0,14.0,20.0,20.0,180.0,180.0,5.0,5.0,5.0,5.0,1.25,1.25,1.6,1.6,0,0.0,0,0.0,0,0.0,0,0.0,1,1.0,0,0.0,20,20.0,2022-11-28,0,2022,11,28,0,332,1,0,-0.5000000000000004,0.8660254037844384,15.0,11.375,0,1.425,0.3500000000000001,0.0,20.0
2022-11-29,5.0,8.75,20.0,14.0,15.0,15.0,180.0,180.0,5.0,5.0,5.0,5.0,1.25,1.25,1.8,1.8,0,0.0,0,0.0,0,0.0,0,0.0,1,1.0,0,0.0,20,20.0,2022-11-29,0,2022,11,29,1,333,1,0,-0.5000000000000004,0.8660254037844384,15.0,11.375,0,1.525,0.55,0.0,20.0
2022-12-01,5.0,8.75,20.0,14.0,15.0,15.0,180.0,180.0,4.0,4.0,5.0,5.0,0.5,0.5,1.3,1.3,0,0.0,0,0.0,0,0.0,0,0.0,1,1.0,0,0.0,20,20.0,2022-12-01,1,2022,12,1,3,335,1,0,-2.4492935982947064e-16,1.0,15.0,11.375,0,0.9,0.8,0.0,20.0
2022-12-05,5.0,8.75,20.0,14.0,25.0,22.5,135.0,135.0,4.0,4.714285714285714,6.0,5.0,0.5,1.0357142857142858,2.75,2.5,1,1.0,0,0.0,0,0.0,0,0.0,0,0.0,1,1.0,3,3.0,2022-12-05,0,2022,12,5,0,339,1,0,-2.4492935982947064e-16,1.0,15.0,11.375,0,1.625,2.25,2.0,3.0
2022-12-10,5.0,8.75,20.0,14.0,25.0,22.5,180.0,180.0,5.0,5.0,5.0,5.0,1.25,1.25,1.7,1.7,1,1.0,0,0.0,0,0.0,0,0.0,0,0.0,1,1.0,23,23.0,2022-12-10,0,2022,12,10,5,344,1,1,-2.4492935982947064e-16,1.0,15.0,11.375,0,1.475,0.44999999999999996,2.0,23.0
2022-12-14,5.0,8.75,20.0,14.0,25.0,22.5,135.0,135.0,5.0,5.0,5.0,5.0,1.25,1.25,1.8,1.8,1,1.0,0,0.0,0,0.0,0,0.0,1,1.0,2,2.0,26,26.0,2022-12-14,0,2022,12,14,2,348,1,0,-2.4492935982947064e-16,1.0,15.0,11.375,0,1.525,0.55,2.0,26.0
2022-12-15,5.0,8.75,20.0,14.0,25.0,22.5,180.0,180.0,5.0,5.0,5.0,5.0,1.25,1.25,1.5,1.5,0,0.0,0,0.0,0,0.0,0,0.0,1,1.0,0,0.0,20,20.0,2022-12-15,0,2022,12,15,3,349,1,0,-2.4492935982947064e-16,1.0,15.0,11.375,0,1.375,0.25,0.0,20.0
2022-12-16,5.0,8.75,20.0,14.0,20.0,20.0,135.0,135.0,5.0,5.0,5.0,5.0,1.25,1.25,1.5,1.5,1,1.0,0,0.0,0,0.0,0,0.0,1,1.0,1,1.0,23,23.0,2022-12-16,0,2022,12,16,4,350,1,0,-2.4492935982947064e-16,1.0,15.0,11.375,0,1.375,0.25,2.0,23.0
2022-12-17,5.0,8.75,20.0,14.0,20.0,20.0,180.0,180.0,5.0,5.0,5.0,5.0,1.25,1.25,1.5,1.5,0,0.0,0,0.0,0,0.0,0,0.0,1,1.0,0,0.0,20,20.0,2022-12-17,0,2022,12,17,5,351,1,1,-2.4492935982947064e-16,1.0,15.0,11.375,0,1.375,0.25,0.0,20.0
2022-12-18,5.0,8.75,20.0,14.0,15.0,15.0,135.0,135.0,5.0,5.0,5.0,5.0,1.25,1.25,1.3,1.3,0,0.0,0,0.0,0,0.0,0,0.0,1,1.0,0,0.0,20,20.0,2022-12-18,0,2022,12,18,6,352,1,1,-2.4492935982947064e-16,1.0,15.0,11.375,0,1.275,0.050000000000000044,0.0,20.0
2022-12-19,5.0,8.75,20.0,14.0,15.0,15.0,90.0,90.0,5.0,5.0,5.0,5.0,1.25,1.25,1.5,1.5,1,1.0,0,0.0,0,0.0,0,0.0,1,1.0,1,1.0,23,23.0,2022-12-19,0,2022,12,19,0,353,1,0,-2.4492935982947064e-16,1.0,15.0,11.375,0,1.375,0.25,2.0,23.0
2022-12-20,5.0,8.75,20.0,14.0,25.0,22.5,45.0,45.0,4.0,4.0,5.0,5.0,0.5,0.5,1.5,1.5,0,0.0,0,0.0,0,0.0,0,0.0,1,1.0,0,0.0,20,20.0,2022-12-20,0,2022,12,20,1,354,1,0,-2.4492935982947064e-16,1.0,15.0,11.375,0,1.0,1.0,0.0,20.0
2022-12-21,5.0,8.75,20.0,14.0,25.0,22.5,90.0,90.0,5.0,5.0,5.0,5.0,1.25,1.25,1.3,1.3,1,1.0,0,0.0,0,0.0,0,0.0,1,1.0,1,1.0,23,23.0,2022-12-21,0,2022,12,21,2,355,1,0,-2.4492935982947064e-16,1.0,15.0,11.375,0,1.275,0.050000000000000044,2.0,23.0
2022-12-22,5.0,8.75,20.0,14.0,25.0,22.5,90.0,90.0,5.0,5.0,5.0,5.0,1.25,1.25,1.3,1.3,1,1.0,0,0.0,0,0.0,0,0.0,1,1.0,1,1.0,23,23.0,2022-12-22,1,2022,12,22,3,356,1,0,-2.4492935982947064e-16,1.0,15.0,11.375,0,1.275,0.050000000000000044,2.0,23.0
2022-12-23,5.0,8.75,20.0,14.0,25.0,22.5,90.0,90.0,5.0,5.0,5.0,5.0,1.25,1.25,1.3,1.3,1,1.0,0,0.0,0,0.0,0,0.0,1,1.0,1,1.0,23,23.0,2022-12-23,0,2022,12,23,4,357,1,0,-2.4492935982947064e-16,1.0,15.0,11.375,0,1.275,0.050000000000000044,2.0,23.0
2022-12-24,5.0,8.75,20.0,14.0,15.0,15.0,180.0,180.0,5.0,5.0,5.0,5.0,1.25,1.25,1.6,1.6,1,1.0,1,1.0,0,0.0,0,0.0,0,0.0,4,4.0,32,32.0,2022-12-24,0,2022,12,24,5,358,1,1,-2.4492935982947064e-16,1.0,15.0,11.375,0,1.425,0.3500000000000001,4.0,32.0
2022-12-26,5.0,8.75,20.0,14.0,15.0,15.0,135.0,135.0,5.0,5.0,5.0,5.0,1.25,1.25,1.6,1.6,1,1.0,1,1.0,0,0.0,0,0.0,0,0.0,4,4.0,32,32.0,2022-12-26,0,2022,12,26,0,360,1,0,-2.4492935982947064e-16,1.0,15.0,11.375,0,1.425,0.3500000000000001,4.0,32.0
2022-12-30,5.0,8.75,20.0,14.0,15.0,15.0,135.0,135.0,5.0,5.0,5.0,5.0,1.25,1.25,1.6,1.6,0,0.0,0,0.0,0,0.0,0,0.0,1,1.0,0,0.0,20,20.0,2022-12-30,0,2022,12,30,4,364,1,0,-2.4492935982947064e-16,1.0,15.0,11.375,0,1.425,0.3500000000000001,0.0,20.0
2022-12-31,5.0,8.75,20.0,14.0,25.0,22.5,135.0,135.0,4.0,4.0,5.0,5.0,0.5,0.5,1.5,1.5,0,0.0,0,0.0,0,0.0,1,1.0,1,1.0,0,0.0,20,20.0,2022-12-31,1,2022,12,31,5,365,1,1,-2.4492935982947064e-16,1.0,15.0,11.375,0,1.0,1.0,0.0,20.0
