vent_vitesse_min_min,vent_vitesse_min_mean,vent_vitesse_max_max,vent_vitesse_max_mean,vent_rafales_max,vent_rafales_mean,vent_direction_deg_max,vent_direction_deg_mean,mer_score_min_min,mer_score_min_mean,mer_score_max_max,mer_score_max_mean,mer_hauteur_min_min,mer_hauteur_min_mean,mer_hauteur_max_max,mer_hauteur_max_mean,temps_precipitation_max,temps_precipitation_mean,temps_orage_max,temps_orage_mean,temps_visibilite_reduite_min,temps_visibilite_reduite_mean,temps_clair_min,temps_clair_mean,temps_nuageux_max,temps_nuageux_mean,temps_score_danger_max,temps_score_danger_mean,score_risque_max,score_risque_mean,annee,mois,jour,jour_semaine,jour_annee,saison_cyclonique,weekend,mois_sin,mois_cos,vent_amplitude,vent_moyen,rafales_fortes,mer_hauteur_moy,mer_amplitude,nb_conditions_defavorables,score_meteo_max,incident,date,swh_mean_global,swh_mean_max,swh_mean_std,swh_max_absolu,swh_max_mean,swh_std_mean,score_vague_max,score_vague_mean,n_points_total,ecart_hauteur_bulletin_satellite,swh_coefficient_variation,swh_extreme,score_satellite_composite,vent_mer_risque,rafale_mer_risque,score_saison_risque,vent_precipitation_risque,score_composite_meteo,ratio_mer_vent,vent_vitesse_max_max_lag1,vent_vitesse_max_max_lag2,vent_vitesse_max_max_lag3,mer_hauteur_max_max_lag1,mer_hauteur_max_max_lag2,mer_hauteur_max_max_lag3,score_risque_max_lag1,score_risque_max_lag2,score_risque_max_lag3,vent_rafales_max_lag1,vent_rafales_max_lag2,vent_rafales_max_lag3,vent_vitesse_max_max_rolling3,vent_vitesse_max_max_rolling7,mer_hauteur_max_max_rolling3,mer_hauteur_max_max_rolling7,score_risque_max_rolling3,score_risque_max_rolling7,vent_rafales_max_rolling3,vent_rafales_max_rolling7,degradation_score,degradation_vent,tendance_risque,taux_incident_global,score_risque_mois,taux_incident_saison
5.0,13.0,25.0,18.0,35.0,27.5,90.0,90.0,5.0,5.0,7.0,6.333333333333333,1.25,1.25,6.0,4.666666666666667,1,0.4,0,0.0,0,0.0,0,0.4,1,0.2,3,0.8,49,37.4,2019,9,6,4,249,0,0,-1.0,-1.8369701987210294e-16,20.0,15.5,1,3.625,4.75,1.4,49.0,0,2019-09-06,,,,,,,,,,,,0,,150.0,210.0,0,25.0,37.7,0.23076923076923078,20.0,20.0,20.0,2.75,2.75,2.75,30.0,30.0,30.0,25.0,25.0,25.0,25.0,25.0,6.0,6.0,49.0,49.0,35.0,35.0,0.0,0.0,0.0,0.15151515151515152,26.47058823529412,0.1858974358974359
5.0,9.0,20.0,14.0,30.0,21.25,180.0,117.0,3.0,5.0,7.0,5.8,0.1,1.62,3.5,2.3,0,0.0,0,0.0,0,0.0,0,0.0,0,0.0,0,0.0,55,35.0,2019,9,9,0,252,0,0,-1.0,-1.8369701987210294e-16,15.0,11.5,1,1.8,3.4,0.0,55.0,0,2019-09-09,,,,,,,,,,,,0,,70.0,105.0,0,0.0,23.5,0.16666666666666666,25.0,20.0,20.0,6.0,2.75,2.75,49.0,30.0,30.0,35.0,25.0,25.0,22.5,22.5,4.75,4.75,52.0,52.0,32.5,32.5,6.0,-5.0,0.0,0.15151515151515152,26.47058823529412,0.1858974358974359
5.0,11.0,25.0,16.0,30.0,25.0,180.0,108.0,3.0,4.4,6.0,5.2,0.1,0.8699999999999999,3.5,2.1,0,0.0,0,0.0,0,0.0,0,0.2,0,0.0,0,0.0,55,35.0,2019,9,10,1,253,0,0,-1.0,-1.8369701987210294e-16,20.0,13.5,1,1.8,3.4,0.0,55.0,0,2019-09-10,,,,,,,,,,,,0,,87.5,105.0,0,0.0,25.0,0.1346153846153846,20.0,25.0,20.0,3.5,6.0,2.75,55.0,49.0,30.0,30.0,35.0,25.0,23.333333333333332,23.333333333333332,4.333333333333333,4.333333333333333,53.0,53.0,31.666666666666668,31.666666666666668,0.0,5.0,0.0,0.15151515151515152,26.47058823529412,0.1858974358974359
5.0,7.5,15.0,12.5,25.0,17.5,135.0,82.5,3.0,3.8,5.0,5.0,0.1,0.42,2.5,2.3,1,0.1666666666666666,0,0.0,0,0.0,0,0.5,1,0.3333333333333333,2,0.3333333333333333,36,26.0,2019,9,13,4,256,0,0,-1.0,-1.8369701987210294e-16,10.0,10.0,0,1.3,2.4,1.1666666666666667,36.0,0,2019-09-13,,,,,,,,,,,,0,,37.5,62.5,0,15.0,17.2,0.15625,25.0,20.0,25.0,3.5,3.5,6.0,55.0,55.0,49.0,30.0,30.0,35.0,20.0,21.25,3.1666666666666665,3.875,48.666666666666664,48.75,28.333333333333332,30.0,-19.0,-10.0,-0.0833333333333357,0.15151515151515152,26.47058823529412,0.1858974358974359
5.0,9.0,15.0,14.0,25.0,22.5,90.0,90.0,4.0,4.0,6.0,5.333333333333333,0.5,0.5,4.0,3.0,1,0.2,0,0.0,0,0.0,0,0.6,1,0.2,2,0.4,36,24.2,2019,9,14,5,257,0,1,-1.0,-1.8369701987210294e-16,10.0,11.5,0,2.25,3.5,1.2,36.0,0,2019-09-14,,,,,,,,,,,,0,,60.0,100.0,0,15.0,24.7,0.25,15.0,25.0,20.0,2.5,3.5,3.5,36.0,55.0,55.0,25.0,30.0,30.0,18.333333333333332,20.0,3.3333333333333335,3.9,42.333333333333336,46.2,26.666666666666668,29.0,0.0,0.0,-3.866666666666667,0.15151515151515152,26.47058823529412,0.1858974358974359
5.0,6.666666666666667,15.0,10.0,25.0,20.0,135.0,105.0,3.0,4.0,6.0,4.666666666666667,0.1,0.6166666666666667,5.0,2.6666666666666665,0,0.0,0,0.0,0,0.0,1,1.0,1,0.3333333333333333,0,0.0,40,25.0,2019,9,17,1,260,0,0,-1.0,-1.8369701987210294e-16,10.0,8.333333333333334,0,2.55,4.9,0.0,40.0,0,2019-09-17,,,,,,,,,,,,0,,75.0,125.0,0,0.0,29.5,0.3125,15.0,15.0,25.0,4.0,2.5,3.5,36.0,36.0,55.0,25.0,25.0,30.0,15.0,19.166666666666668,3.8333333333333335,4.083333333333333,37.333333333333336,45.166666666666664,25.0,28.333333333333332,4.0,0.0,-7.833333333333329,0.15151515151515152,26.47058823529412,0.1858974358974359
5.0,10.0,25.0,17.0,25.0,20.0,90.0,90.0,3.0,4.2,6.0,4.8,0.1,0.72,4.0,2.4,1,0.2,0,0.0,0,0.0,0,0.6,1,0.2,2,0.4,46,33.2,2019,9,19,3,262,0,0,-1.0,-1.8369701987210294e-16,20.0,13.5,0,2.05,3.9,1.2,46.0,0,2019-09-19,,,,,,,,,,,,0,,100.0,100.0,0,25.0,27.7,0.15384615384615385,15.0,15.0,15.0,5.0,4.0,2.5,40.0,36.0,36.0,25.0,25.0,25.0,18.333333333333332,20.0,4.333333333333333,4.071428571428571,40.666666666666664,45.285714285714285,25.0,27.857142857142858,6.0,10.0,-4.61904761904762,0.15151515151515152,26.47058823529412,0.1858974358974359
10.0,11.0,20.0,16.0,25.0,25.0,90.0,60.0,3.0,4.25,6.0,5.5,0.1,0.775,4.0,3.25,1,0.2,0,0.0,0,0.0,0,0.6,1,0.2,2,0.4,40,31.2,2019,9,20,4,263,0,0,-1.0,-1.8369701987210294e-16,10.0,13.5,0,2.05,3.9,1.2,40.0,0,2019-09-20,,,,,,,,,,,,0,,80.0,100.0,0,20.0,26.2,0.19047619047619047,25.0,15.0,15.0,4.0,5.0,4.0,46.0,40.0,36.0,25.0,25.0,25.0,20.0,19.285714285714285,4.333333333333333,3.7857142857142856,42.0,44.0,25.0,26.428571428571427,-6.0,-5.0,-2.0,0.15151515151515152,26.47058823529412,0.1858974358974359
10.0,12.0,20.0,18.0,30.0,30.0,90.0,45.0,3.0,4.4,6.0,5.6,0.1,0.8699999999999999,4.0,3.4,1,0.2857142857142857,0,0.0,0,0.0,0,0.4285714285714285,1,0.1428571428571428,2,0.4285714285714285,53,29.857142857142858,2019,9,22,6,265,0,1,-1.0,-1.8369701987210294e-16,10.0,15.0,1,2.05,3.9,1.2857142857142856,53.0,0,2019-09-22,,,,,,,,,,,,0,,80.0,120.0,0,20.0,26.2,0.19047619047619047,20.0,25.0,15.0,4.0,4.0,5.0,40.0,46.0,40.0,25.0,25.0,25.0,21.666666666666668,19.285714285714285,4.0,3.857142857142857,46.333333333333336,43.714285714285715,26.666666666666668,26.428571428571427,13.0,0.0,2.6190476190476204,0.15151515151515152,26.47058823529412,0.1858974358974359
5.0,10.0,20.0,16.0,30.0,26.25,90.0,54.0,3.0,4.25,6.0,5.5,0.1,0.775,4.0,3.25,1,0.1666666666666666,0,0.0,0,0.0,0,0.5,1,0.1666666666666666,1,0.1666666666666666,53,28.83333333333333,2019,9,23,0,266,0,0,-1.0,-1.8369701987210294e-16,15.0,13.0,1,2.05,3.9,1.1666666666666667,53.0,1,2019-09-23,,,,,,,,,,,,0,,80.0,120.0,0,20.0,26.2,0.19047619047619047,20.0,20.0,25.0,4.0,4.0,4.0,53.0,40.0,46.0,30.0,25.0,25.0,20.0,18.571428571428573,4.0,3.9285714285714284,48.666666666666664,43.42857142857143,28.333333333333332,26.428571428571427,0.0,0.0,5.238095238095234,0.15151515151515152,26.47058823529412,0.1858974358974359
5.0,11.666666666666666,25.0,20.0,25.0,25.0,90.0,90.0,5.0,5.2,7.0,6.2,1.25,1.5,6.0,4.4,0,0.0,0,0.0,0,0.0,0,0.1666666666666666,1,0.6666666666666666,0,0.0,50,38.333333333333336,2019,9,25,2,268,0,0,-1.0,-1.8369701987210294e-16,20.0,15.833333333333332,0,3.625,4.75,0.0,50.0,1,2019-09-25,,,,,,,,,,,,0,,150.0,150.0,0,0.0,37.5,0.23076923076923078,20.0,20.0,20.0,4.0,4.0,4.0,53.0,53.0,40.0,30.0,30.0,25.0,21.666666666666668,20.0,4.666666666666667,4.428571428571429,52.0,45.42857142857143,28.333333333333332,26.428571428571427,-3.0,5.0,6.571428571428569,0.15151515151515152,26.47058823529412,0.1858974358974359
10.0,13.0,25.0,18.0,30.0,27.5,180.0,135.0,5.0,5.25,7.0,6.25,1.25,1.5625,6.0,4.5,0,0.0,0,0.0,0,0.0,0,0.2,1,0.2,0,0.0,60,40.0,2019,9,27,4,270,0,0,-1.0,-1.8369701987210294e-16,15.0,15.5,1,3.625,4.75,0.0,60.0,0,2019-09-27,,,,,,,,,,,,0,,150.0,180.0,0,0.0,37.5,0.23076923076923078,25.0,20.0,20.0,6.0,4.0,4.0,50.0,53.0,53.0,25.0,30.0,30.0,23.333333333333332,21.428571428571427,5.333333333333333,4.714285714285714,54.333333333333336,48.857142857142854,28.333333333333332,27.142857142857142,10.0,0.0,5.476190476190482,0.15151515151515152,26.47058823529412,0.1858974358974359
5.0,6.666666666666667,15.0,11.666666666666666,25.0,22.5,180.0,150.0,3.0,4.0,6.0,5.333333333333333,0.1,0.6166666666666667,4.0,2.1666666666666665,0,0.0,0,0.0,0,0.0,0,0.3333333333333333,1,0.3333333333333333,0,0.0,30,28.33333333333333,2019,9,28,5,271,0,1,-1.0,-1.8369701987210294e-16,10.0,9.166666666666666,0,2.05,3.9,0.0,30.0,1,2019-09-28,,,,,,,,,,,,0,,60.0,100.0,0,0.0,24.5,0.25,25.0,25.0,20.0,6.0,6.0,4.0,60.0,50.0,53.0,30.0,25.0,30.0,21.666666666666668,21.428571428571427,5.333333333333333,4.571428571428571,46.666666666666664,47.42857142857143,26.666666666666668,27.142857142857142,-30.0,-10.0,-0.7619047619047663,0.15151515151515152,26.47058823529412,0.1858974358974359
5.0,5.0,10.0,8.75,15.0,15.0,180.0,123.75,3.0,4.25,6.0,5.25,0.1,0.775,4.0,2.0,0,0.0,0,0.0,0,0.0,0,0.5,1,0.25,0,0.0,30,25.0,2019,9,29,6,272,0,1,-1.0,-1.8369701987210294e-16,5.0,6.875,0,2.05,3.9,0.0,30.0,0,2019-09-29,,,,,,,,,,,,0,,40.0,60.0,0,0.0,23.0,0.36363636363636365,15.0,25.0,25.0,4.0,6.0,6.0,30.0,60.0,50.0,25.0,30.0,25.0,16.666666666666668,19.285714285714285,4.666666666666667,4.571428571428571,40.0,45.142857142857146,23.333333333333332,25.714285714285715,0.0,-5.0,-5.142857142857146,0.15151515151515152,26.47058823529412,0.1858974358974359
5.0,6.25,15.0,11.25,20.0,17.5,180.0,123.75,3.0,4.25,5.0,5.0,0.1,0.775,2.0,1.5,0,0.0,0,0.0,0,0.0,0,0.25,1,0.25,0,0.0,30,26.25,2019,9,30,0,273,0,0,-1.0,-1.8369701987210294e-16,10.0,8.75,0,1.05,1.9,0.0,30.0,0,2019-09-30,,,,,,,,,,,,0,,30.0,40.0,0,0.0,14.5,0.125,10.0,15.0,25.0,4.0,4.0,6.0,30.0,30.0,60.0,15.0,25.0,30.0,13.333333333333334,18.571428571428573,3.3333333333333335,4.285714285714286,30.0,43.714285714285715,20.0,25.0,0.0,5.0,-13.714285714285715,0.15151515151515152,26.47058823529412,0.1858974358974359
5.0,7.5,20.0,13.75,25.0,20.0,90.0,90.0,3.0,4.5,6.0,5.25,0.1,0.9625,4.0,2.875,0,0.0,0,0.0,0,0.0,0,0.2,1,0.4,0,0.0,45,25.0,2019,10,2,2,275,0,0,-0.8660254037844386,0.5000000000000001,15.0,10.625,0,2.05,3.9,0.0,45.0,0,2019-10-02,,,,,,,,,,,,0,,80.0,100.0,0,0.0,26.0,0.19047619047619047,15.0,10.0,15.0,2.0,4.0,4.0,30.0,30.0,30.0,20.0,15.0,25.0,15.0,18.571428571428573,3.3333333333333335,4.285714285714286,35.0,42.57142857142857,20.0,24.285714285714285,15.0,5.0,-7.571428571428569,0.15151515151515152,19.444444444444446,0.1858974358974359
5.0,8.75,15.0,12.5,25.0,25.0,180.0,135.0,3.0,4.25,6.0,5.5,0.1,0.775,4.0,2.0,0,0.0,0,0.0,0,0.0,0,0.25,1,0.5,0,0.0,35,31.25,2019,10,4,4,277,0,0,-0.8660254037844386,0.5000000000000001,10.0,10.625,0,2.05,3.9,0.0,35.0,1,2019-10-04,,,,,,,,,,,,0,,60.0,100.0,0,0.0,24.5,0.25,20.0,15.0,10.0,4.0,2.0,4.0,45.0,30.0,30.0,25.0,20.0,15.0,16.666666666666668,17.857142857142858,3.3333333333333335,4.285714285714286,36.666666666666664,40.0,23.333333333333332,23.571428571428573,-10.0,-5.0,-3.3333333333333357,0.15151515151515152,19.444444444444446,0.1858974358974359
5.0,9.0,15.0,13.0,20.0,20.0,180.0,135.0,3.0,4.2,6.0,5.0,0.1,0.72,4.0,2.3600000000000003,0,0.0,0,0.0,0,0.0,0,0.4,1,0.4,0,0.0,35,28.0,2019,10,5,5,278,0,1,-0.8660254037844386,0.5000000000000001,10.0,11.0,0,2.05,3.9,0.0,35.0,0,2019-10-05,,,,,,,,,,,,0,,60.0,80.0,0,0.0,24.5,0.25,15.0,20.0,15.0,4.0,4.0,2.0,35.0,45.0,30.0,25.0,25.0,20.0,16.666666666666668,16.428571428571427,4.0,4.0,38.333333333333336,37.857142857142854,23.333333333333332,22.857142857142858,0.0,0.0,0.4761904761904816,0.15151515151515152,19.444444444444446,0.1858974358974359
5.0,8.75,15.0,12.5,20.0,20.0,135.0,112.5,3.0,4.5,6.0,5.5,0.1,0.9625,4.0,2.125,0,0.0,0,0.0,0,0.0,0,0.25,1,0.25,0,0.0,35,30.0,2019,10,7,0,280,0,0,-0.8660254037844386,0.5000000000000001,10.0,10.625,0,2.05,3.9,0.0,35.0,0,2019-10-07,,,,,,,,,,,,0,,60.0,80.0,0,0.0,24.5,0.25,15.0,15.0,20.0,4.0,4.0,4.0,35.0,35.0,45.0,20.0,25.0,25.0,15.0,15.0,4.0,3.7142857142857144,35.0,34.285714285714285,21.666666666666668,21.428571428571427,0.0,0.0,0.7142857142857153,0.15151515151515152,19.444444444444446,0.1858974358974359
5.0,8.75,15.0,12.5,25.0,25.0,135.0,101.25,3.0,4.5,6.0,5.5,0.1,0.9625,2.5,2.0,0,0.0,0,0.0,0,0.0,0,0.75,1,0.25,0,0.0,40,31.25,2019,10,8,1,281,0,0,-0.8660254037844386,0.5000000000000001,10.0,10.625,0,1.3,2.4,0.0,40.0,0,2019-10-08,,,,,,,,,,,,0,,37.5,62.5,0,0.0,17.0,0.15625,15.0,15.0,15.0,4.0,4.0,4.0,35.0,35.0,35.0,20.0,20.0,25.0,15.0,15.0,3.5,3.5,36.666666666666664,35.714285714285715,21.666666666666668,21.428571428571427,5.0,0.0,0.952380952380949,0.15151515151515152,19.444444444444446,0.1858974358974359
10.0,11.0,15.0,15.0,25.0,23.75,180.0,144.0,3.0,4.2,6.0,5.6,0.1,0.72,4.0,2.3600000000000003,1,0.2,0,0.0,0,0.0,0,0.6,1,0.4,1,0.2,40,36.6,2019,10,10,3,283,0,0,-0.8660254037844386,0.5000000000000001,5.0,13.0,0,2.05,3.9,1.2,40.0,1,2019-10-10,,,,,,,,,,,,0,,60.0,100.0,0,15.0,24.7,0.25,15.0,15.0,15.0,2.5,4.0,4.0,40.0,35.0,35.0,25.0,20.0,20.0,15.0,15.714285714285714,3.5,3.5,38.333333333333336,37.142857142857146,23.333333333333332,22.857142857142858,0.0,0.0,1.1904761904761898,0.15151515151515152,19.444444444444446,0.1858974358974359
5.0,7.5,20.0,15.0,25.0,23.33333333333333,90.0,90.0,3.0,4.333333333333333,6.0,5.666666666666667,0.1,0.8666666666666667,4.0,3.5,0,0.0,0,0.0,0,0.0,0,0.2,1,0.2,0,0.0,45,24.0,2019,10,11,4,284,0,0,-0.8660254037844386,0.5000000000000001,15.0,11.25,0,2.05,3.9,0.0,45.0,0,2019-10-11,,,,,,,,,,,,0,,80.0,100.0,0,0.0,26.0,0.19047619047619047,15.0,15.0,15.0,4.0,2.5,4.0,40.0,40.0,35.0,25.0,25.0,20.0,16.666666666666668,16.428571428571427,3.5,3.7857142857142856,41.666666666666664,39.285714285714285,25.0,23.571428571428573,5.0,5.0,2.3809523809523796,0.15151515151515152,19.444444444444446,0.1858974358974359
5.0,10.0,20.0,16.666666666666668,25.0,22.5,180.0,150.0,3.0,4.333333333333333,6.0,5.666666666666667,0.1,0.8666666666666667,2.5,2.0,1,0.3333333333333333,0,0.0,0,0.0,0,0.0,1,0.6666666666666666,1,0.3333333333333333,45,37.66666666666666,2019,10,12,5,285,0,1,-0.8660254037844386,0.5000000000000001,15.0,13.333333333333334,0,1.3,2.4,1.3333333333333333,45.0,0,2019-10-12,,,,,,,,,,,,0,,50.0,62.5,0,20.0,18.7,0.11904761904761904,20.0,15.0,15.0,4.0,4.0,2.5,45.0,40.0,40.0,25.0,25.0,25.0,18.333333333333332,16.428571428571427,3.5,3.5714285714285716,43.333333333333336,39.285714285714285,25.0,23.571428571428573,0.0,0.0,4.047619047619051,0.15151515151515152,19.444444444444446,0.1858974358974359
5.0,6.25,20.0,12.5,20.0,18.33333333333333,180.0,90.0,4.0,4.0,6.0,5.333333333333333,0.5,0.5,4.0,3.0,0,0.0,0,0.0,0,0.0,0,0.4,1,0.4,0,0.0,30,19.0,2019,10,15,1,288,0,0,-0.8660254037844386,0.5000000000000001,15.0,9.375,0,2.25,3.5,0.0,30.0,0,2019-10-15,,,,,,,,,,,,0,,80.0,80.0,0,0.0,26.0,0.19047619047619047,20.0,20.0,15.0,2.5,4.0,4.0,45.0,45.0,40.0,25.0,25.0,25.0,20.0,17.142857142857142,3.5,3.5714285714285716,40.0,38.57142857142857,23.333333333333332,22.857142857142858,-15.0,0.0,1.4285714285714306,0.15151515151515152,19.444444444444446,0.1858974358974359
5.0,11.25,20.0,15.0,25.0,20.0,180.0,146.25,3.0,4.0,6.0,5.25,0.1,0.5875,4.0,2.0,0,0.0,0,0.0,0,0.0,0,0.25,1,0.25,0,0.0,40,32.5,2019,10,16,2,289,0,0,-0.8660254037844386,0.5000000000000001,15.0,13.125,0,2.05,3.9,0.0,40.0,0,2019-10-16,,,,,,,,,,,,0,,80.0,100.0,0,0.0,26.0,0.19047619047619047,20.0,20.0,20.0,4.0,2.5,4.0,30.0,45.0,45.0,20.0,25.0,25.0,20.0,17.857142857142858,3.5,3.5714285714285716,38.333333333333336,39.285714285714285,23.333333333333332,23.571428571428573,10.0,0.0,-0.952380952380949,0.15151515151515152,19.444444444444446,0.1858974358974359
5.0,12.5,25.0,18.33333333333333,30.0,23.75,135.0,67.5,3.0,4.5,6.0,5.666666666666667,0.1,0.9333333333333332,4.0,3.25,1,0.3333333333333333,0,0.0,0,0.0,0,0.5,1,0.1666666666666666,2,0.6666666666666666,55,42.0,2019,10,17,3,290,0,0,-0.8660254037844386,0.5000000000000001,20.0,15.416666666666666,1,2.05,3.9,1.3333333333333333,55.0,1,2019-10-17,,,,,,,,,,,,0,,100.0,120.0,0,25.0,27.7,0.15384615384615385,20.0,20.0,20.0,4.0,4.0,2.5,40.0,30.0,45.0,25.0,20.0,25.0,21.666666666666668,19.285714285714285,4.0,3.5714285714285716,41.666666666666664,42.142857142857146,25.0,25.0,15.0,5.0,-0.4761904761904816,0.15151515151515152,19.444444444444446,0.1858974358974359
5.0,9.0,20.0,14.0,30.0,27.5,90.0,54.0,3.0,4.25,6.0,5.5,0.1,0.775,4.0,3.25,1,0.2,0,0.0,0,0.0,0,0.6,1,0.6,2,0.4,46,31.2,2019,10,18,4,291,0,0,-0.8660254037844386,0.5000000000000001,15.0,11.5,1,2.05,3.9,1.2,46.0,0,2019-10-18,,,,,,,,,,,,0,,80.0,120.0,0,20.0,26.2,0.19047619047619047,25.0,20.0,20.0,4.0,4.0,4.0,55.0,40.0,30.0,30.0,25.0,20.0,21.666666666666668,20.0,4.0,3.7857142857142856,47.0,43.0,28.333333333333332,25.714285714285715,-9.0,-5.0,4.0,0.15151515151515152,19.444444444444446,0.1858974358974359
5.0,9.0,20.0,14.0,30.0,26.666666666666668,90.0,72.0,3.0,4.4,6.0,5.6,0.1,0.8699999999999999,4.0,3.4,1,0.3333333333333333,0,0.0,0,0.0,0,0.3333333333333333,1,0.3333333333333333,2,0.6666666666666666,46,32.0,2019,10,19,5,292,0,1,-0.8660254037844386,0.5000000000000001,15.0,11.5,1,2.05,3.9,1.3333333333333333,46.0,0,2019-10-19,,,,,,,,,,,,0,,80.0,120.0,0,20.0,26.2,0.19047619047619047,20.0,25.0,20.0,4.0,4.0,4.0,46.0,55.0,40.0,30.0,30.0,25.0,21.666666666666668,20.714285714285715,4.0,3.7857142857142856,49.0,43.857142857142854,30.0,26.428571428571427,0.0,0.0,5.142857142857146,0.15151515151515152,19.444444444444446,0.1858974358974359
5.0,10.0,20.0,15.0,25.0,25.0,90.0,90.0,4.0,4.5,6.0,5.75,0.5,0.875,4.0,3.625,0,0.0,0,0.0,0,0.0,0,0.6,1,1.0,0,0.0,40,32.0,2019,10,21,0,294,0,0,-0.8660254037844386,0.5000000000000001,15.0,12.5,0,2.25,3.5,0.0,40.0,0,2019-10-21,,,,,,,,,,,,0,,80.0,100.0,0,0.0,26.0,0.19047619047619047,20.0,20.0,25.0,4.0,4.0,4.0,46.0,46.0,55.0,30.0,30.0,30.0,20.0,20.714285714285715,4.0,3.7857142857142856,44.0,43.142857142857146,28.333333333333332,26.428571428571427,-6.0,0.0,0.8571428571428541,0.15151515151515152,19.444444444444446,0.1858974358974359
5.0,8.75,20.0,14.0,25.0,22.5,135.0,135.0,3.0,4.25,7.0,5.25,0.1,0.775,6.0,3.25,1,0.2,0,0.0,0,0.0,0,0.4,1,0.6,1,0.2,30,17.6,2019,10,22,1,295,0,0,-0.8660254037844386,0.5000000000000001,15.0,11.375,0,3.05,5.9,1.2,30.0,0,2019-10-22,,,,,,,,,,,,0,,120.0,150.0,0,20.0,36.2,0.2857142857142857,20.0,20.0,20.0,4.0,4.0,4.0,40.0,46.0,46.0,25.0,30.0,30.0,20.0,20.714285714285715,4.666666666666667,4.285714285714286,38.666666666666664,41.0,26.666666666666668,26.428571428571427,-10.0,0.0,-2.3333333333333357,0.15151515151515152,19.444444444444446,0.1858974358974359
5.0,10.0,20.0,15.0,25.0,22.5,90.0,30.0,3.0,3.75,6.0,4.75,0.1,0.4,4.0,2.375,0,0.0,0,0.0,0,0.0,0,0.6,1,0.6,0,0.0,35,23.0,2019,10,24,3,297,0,0,-0.8660254037844386,0.5000000000000001,15.0,12.5,0,2.05,3.9,0.0,35.0,0,2019-10-24,,,,,,,,,,,,0,,80.0,100.0,0,0.0,26.0,0.19047619047619047,20.0,20.0,20.0,6.0,4.0,4.0,30.0,40.0,46.0,25.0,25.0,30.0,20.0,20.714285714285715,4.666666666666667,4.285714285714286,35.0,41.714285714285715,25.0,27.142857142857142,5.0,0.0,-6.714285714285715,0.15151515151515152,19.444444444444446,0.1858974358974359
5.0,9.0,20.0,15.0,25.0,20.0,180.0,135.0,3.0,3.8,5.0,4.6,0.1,0.42,2.5,1.48,0,0.0,0,0.0,0,0.0,0,0.6,1,0.6,0,0.0,35,29.0,2019,10,25,4,298,0,0,-0.8660254037844386,0.5000000000000001,15.0,12.0,0,1.3,2.4,0.0,35.0,0,2019-10-25,,,,,,,,,,,,0,,50.0,62.5,0,0.0,18.5,0.11904761904761904,20.0,20.0,20.0,4.0,6.0,4.0,35.0,30.0,40.0,25.0,25.0,25.0,20.0,20.714285714285715,4.166666666666667,4.071428571428571,33.333333333333336,41.0,25.0,27.142857142857142,0.0,0.0,-7.666666666666664,0.15151515151515152,19.444444444444446,0.1858974358974359
5.0,5.0,15.0,12.5,25.0,20.0,90.0,90.0,3.0,4.2,5.0,4.6,0.1,0.72,2.5,2.1,0,0.0,0,0.0,0,0.0,0,0.8333333333333334,1,0.5,0,0.0,35,25.0,2019,10,26,5,299,0,1,-0.8660254037844386,0.5000000000000001,10.0,8.75,0,1.3,2.4,0.0,35.0,0,2019-10-26,,,,,,,,,,,,0,,37.5,62.5,0,0.0,17.0,0.15625,20.0,20.0,20.0,2.5,4.0,6.0,35.0,35.0,30.0,25.0,25.0,25.0,18.333333333333332,19.285714285714285,3.0,3.857142857142857,35.0,38.142857142857146,25.0,26.428571428571427,0.0,-5.0,-3.142857142857146,0.15151515151515152,19.444444444444446,0.1858974358974359
5.0,9.0,20.0,14.0,25.0,20.0,180.0,99.0,3.0,3.8,5.0,4.6,0.1,0.42,1.3,1.08,0,0.0,0,0.0,0,0.0,0,0.8,1,0.4,0,0.0,35,28.0,2019,10,28,0,301,0,0,-0.8660254037844386,0.5000000000000001,15.0,11.5,0,0.7000000000000001,1.2,0.0,35.0,0,2019-10-28,,,,,,,,,,,,0,,26.0,32.5,0,0.0,12.5,0.06190476190476191,15.0,20.0,20.0,2.5,2.5,4.0,35.0,35.0,35.0,25.0,25.0,25.0,18.333333333333332,19.285714285714285,2.1,3.4714285714285715,35.0,36.57142857142857,25.0,25.714285714285715,0.0,5.0,-1.5714285714285694,0.15151515151515152,19.444444444444446,0.1858974358974359
5.0,6.666666666666667,20.0,14.166666666666666,20.0,20.0,90.0,75.0,3.0,3.8,5.0,4.6,0.1,0.42,2.5,2.1,0,0.0,0,0.0,0,0.0,0,0.5,1,0.3333333333333333,0,0.0,30,24.166666666666668,2019,10,29,1,302,0,0,-0.8660254037844386,0.5000000000000001,15.0,10.416666666666666,0,1.3,2.4,0.0,30.0,0,2019-10-29,,,,,,,,,,,,0,,50.0,50.0,0,0.0,18.5,0.11904761904761904,20.0,15.0,20.0,1.3,2.5,2.5,35.0,35.0,35.0,25.0,25.0,25.0,18.333333333333332,19.285714285714285,2.1,3.257142857142857,33.333333333333336,34.285714285714285,23.333333333333332,24.285714285714285,-5.0,0.0,-0.952380952380949,0.15151515151515152,19.444444444444446,0.1858974358974359
5.0,7.0,20.0,12.0,25.0,20.0,180.0,90.0,3.0,4.2,6.0,5.4,0.1,0.72,4.0,3.3,1,0.2,0,0.0,0,0.0,0,0.2,0,0.0,2,0.4,41,31.2,2019,10,30,2,303,0,0,-0.8660254037844386,0.5000000000000001,15.0,9.5,0,2.05,3.9,1.2,41.0,0,2019-10-30,,,,,,,,,,,,0,,80.0,100.0,0,20.0,26.2,0.19047619047619047,20.0,20.0,15.0,2.5,1.3,2.5,30.0,35.0,35.0,20.0,25.0,25.0,20.0,19.285714285714285,2.6,3.257142857142857,35.333333333333336,34.42857142857143,23.333333333333332,24.285714285714285,11.0,0.0,0.9047619047619051,0.15151515151515152,19.444444444444446,0.1858974358974359
5.0,8.333333333333334,20.0,15.0,30.0,26.666666666666668,90.0,90.0,3.0,4.2,5.0,5.0,0.1,0.72,2.5,2.5,1,0.3333333333333333,0,0.0,0,0.0,0,0.1666666666666666,0,0.0,3,1.0,39,33.0,2019,11,3,6,307,1,1,-0.5000000000000004,0.8660254037844384,15.0,11.666666666666668,1,1.3,2.4,1.3333333333333333,39.0,0,2019-11-03,,,,,,,,,,,,0,,50.0,75.0,39,20.0,18.7,0.11904761904761904,20.0,20.0,20.0,4.0,2.5,1.3,41.0,30.0,35.0,25.0,20.0,25.0,20.0,19.285714285714285,3.0,2.757142857142857,36.666666666666664,35.714285714285715,25.0,25.0,-2.0,0.0,0.952380952380949,0.15151515151515152,12.76595744680851,0.12916666666666668
5.0,8.333333333333334,25.0,16.666666666666668,20.0,20.0,90.0,90.0,3.0,4.333333333333333,7.0,5.5,0.1,0.8916666666666666,6.0,3.333333333333333,1,0.3333333333333333,0,0.0,0,0.0,0,0.1666666666666666,1,0.1666666666666666,3,1.0,50,37.16666666666666,2019,11,5,1,309,1,0,-0.5000000000000004,0.8660254037844384,20.0,12.5,0,3.05,5.9,1.3333333333333333,50.0,0,2019-11-05,,,,,,,,,,,,0,,150.0,120.0,50,25.0,37.7,0.23076923076923078,20.0,20.0,20.0,2.5,4.0,2.5,39.0,41.0,30.0,30.0,25.0,20.0,21.666666666666668,20.0,4.166666666666667,3.042857142857143,43.333333333333336,37.857142857142854,25.0,24.285714285714285,11.0,5.0,5.476190476190482,0.15151515151515152,12.76595744680851,0.12916666666666668
5.0,9.0,25.0,17.0,20.0,20.0,90.0,90.0,3.0,4.4,7.0,5.6,0.1,0.97,6.0,3.5,1,0.2,0,0.0,0,0.0,0,0.2,1,0.2,3,0.6,50,36.8,2019,11,6,2,310,1,0,-0.5000000000000004,0.8660254037844384,20.0,13.0,0,3.05,5.9,1.2,50.0,0,2019-11-06,,,,,,,,,,,,0,,150.0,120.0,50,25.0,37.7,0.23076923076923078,25.0,20.0,20.0,6.0,2.5,4.0,50.0,39.0,41.0,20.0,30.0,25.0,23.333333333333332,20.714285714285715,4.833333333333333,3.542857142857143,46.333333333333336,40.0,23.333333333333332,23.571428571428573,0.0,0.0,6.333333333333336,0.15151515151515152,12.76595744680851,0.12916666666666668
5.0,9.0,20.0,14.0,30.0,30.0,180.0,150.0,3.0,4.5,6.0,5.5,0.1,0.9625,4.0,3.25,0,0.0,0,0.0,0,0.0,0,0.1666666666666666,0,0.0,0,0.0,35,24.166666666666668,2019,11,7,3,311,1,0,-0.5000000000000004,0.8660254037844384,15.0,11.5,1,2.05,3.9,0.0,35.0,0,2019-11-07,,,,,,,,,,,,0,,80.0,120.0,35,0.0,26.0,0.19047619047619047,25.0,25.0,20.0,6.0,6.0,2.5,50.0,50.0,39.0,20.0,20.0,30.0,23.333333333333332,21.428571428571427,5.333333333333333,3.757142857142857,45.0,40.0,23.333333333333332,24.285714285714285,-15.0,-5.0,5.0,0.15151515151515152,12.76595744680851,0.12916666666666668
10.0,10.0,15.0,15.0,25.0,25.0,180.0,120.0,3.0,4.333333333333333,6.0,5.666666666666667,0.1,0.8666666666666667,4.0,1.9333333333333331,0,0.0,0,0.0,0,0.0,0,0.3333333333333333,0,0.0,0,0.0,40,36.66666666666666,2019,11,8,4,312,1,0,-0.5000000000000004,0.8660254037844384,5.0,12.5,0,2.05,3.9,0.0,40.0,0,2019-11-08,,,,,,,,,,,,0,,60.0,100.0,40,0.0,24.5,0.25,20.0,25.0,25.0,4.0,6.0,6.0,35.0,50.0,50.0,30.0,20.0,20.0,20.0,20.714285714285715,4.666666666666667,4.142857142857143,41.666666666666664,40.714285714285715,25.0,24.285714285714285,5.0,-5.0,0.952380952380949,0.15151515151515152,12.76595744680851,0.12916666666666668
5.0,5.833333333333333,15.0,11.666666666666666,20.0,17.5,180.0,108.0,3.0,4.0,6.0,5.2,0.1,0.5700000000000001,4.0,2.8,0,0.0,0,0.0,0,0.0,0,0.3333333333333333,0,0.0,0,0.0,35,24.166666666666668,2019,11,9,5,313,1,1,-0.5000000000000004,0.8660254037844384,10.0,8.75,0,2.05,3.9,0.0,35.0,0,2019-11-09,,,,,,,,,,,,0,,60.0,80.0,35,0.0,24.5,0.25,15.0,20.0,25.0,4.0,4.0,6.0,40.0,35.0,50.0,25.0,30.0,20.0,16.666666666666668,20.0,4.0,4.357142857142857,36.666666666666664,41.42857142857143,25.0,24.285714285714285,-5.0,0.0,-4.761904761904766,0.15151515151515152,12.76595744680851,0.12916666666666668
5.0,7.5,15.0,12.5,20.0,18.33333333333333,90.0,90.0,3.0,4.0,5.0,5.0,0.1,0.6166666666666667,2.5,2.5,0,0.0,0,0.0,0,0.0,0,0.4,1,0.2,0,0.0,25,18.0,2019,11,10,6,314,1,1,-0.5000000000000004,0.8660254037844384,10.0,10.0,0,1.3,2.4,0.0,25.0,0,2019-11-10,,,,,,,,,,,,0,,37.5,50.0,25,0.0,17.0,0.15625,15.0,15.0,20.0,4.0,4.0,4.0,35.0,40.0,35.0,20.0,25.0,30.0,15.0,19.285714285714285,3.5,4.142857142857143,33.333333333333336,39.142857142857146,21.666666666666668,23.571428571428573,-10.0,0.0,-5.80952380952381,0.15151515151515152,12.76595744680851,0.12916666666666668
5.0,8.75,20.0,14.0,25.0,22.5,135.0,135.0,3.0,4.0,6.0,5.2,0.1,0.5700000000000001,4.0,2.8,0,0.0,0,0.0,0,0.0,0,0.3333333333333333,1,0.1666666666666666,0,0.0,25,17.5,2019,11,12,1,316,1,0,-0.5000000000000004,0.8660254037844384,15.0,11.375,0,2.05,3.9,0.0,25.0,0,2019-11-12,,,,,,,,,,,,0,,80.0,100.0,25,0.0,26.0,0.19047619047619047,15.0,15.0,15.0,2.5,4.0,4.0,25.0,35.0,40.0,20.0,20.0,25.0,16.666666666666668,19.285714285714285,3.5,4.357142857142857,28.333333333333332,37.142857142857146,21.666666666666668,22.857142857142858,0.0,5.0,-8.809523809523814,0.15151515151515152,12.76595744680851,0.12916666666666668
5.0,8.75,20.0,13.75,30.0,26.666666666666668,90.0,90.0,3.0,3.5,6.0,6.0,0.1,0.3,4.0,4.0,1,0.3333333333333333,1,0.3333333333333333,0,0.0,0,0.0,0,0.0,4,1.3333333333333333,40,21.5,2019,11,14,3,318,1,0,-0.5000000000000004,0.8660254037844384,15.0,11.25,1,2.05,3.9,2.6666666666666665,40.0,0,2019-11-14,,,,,,,,,,,,0,,80.0,120.0,40,20.0,26.2,0.19047619047619047,20.0,15.0,15.0,4.0,2.5,4.0,25.0,25.0,35.0,25.0,20.0,20.0,18.333333333333332,18.571428571428573,3.5,4.071428571428571,30.0,35.714285714285715,25.0,24.285714285714285,15.0,0.0,-5.714285714285715,0.15151515151515152,12.76595744680851,0.12916666666666668
10.0,12.5,20.0,17.5,30.0,30.0,180.0,180.0,3.0,3.5,6.0,6.0,0.1,0.3,1.0,0.75,0,0.0,0,0.0,0,0.0,0,0.0,0,0.0,0,0.0,50,47.5,2019,11,15,4,319,1,0,-0.5000000000000004,0.8660254037844384,10.0,15.0,1,0.55,0.9,0.0,50.0,0,2019-11-15,,,,,,,,,,,,0,,20.0,30.0,50,0.0,11.0,0.047619047619047616,20.0,20.0,15.0,4.0,4.0,2.5,40.0,25.0,25.0,30.0,25.0,20.0,20.0,17.857142857142858,3.0,3.357142857142857,38.333333333333336,35.714285714285715,28.333333333333332,25.714285714285715,10.0,0.0,2.6190476190476204,0.15151515151515152,12.76595744680851,0.12916666666666668
10.0,13.75,20.0,18.75,30.0,27.5,90.0,90.0,3.0,4.333333333333333,7.0,6.0,0.1,0.8666666666666667,6.0,4.166666666666667,1,0.25,1,0.25,0,0.0,0,0.0,0,0.0,4,1.0,57,43.0,2019,11,16,5,320,1,1,-0.5000000000000004,0.8660254037844384,10.0,16.25,1,3.05,5.9,2.5,57.0,0,2019-11-16,,,,,,,,,,,,0,,120.0,180.0,57,20.0,36.2,0.2857142857142857,20.0,20.0,20.0,1.0,4.0,4.0,50.0,40.0,25.0,30.0,30.0,25.0,20.0,17.857142857142858,3.6666666666666665,3.642857142857143,49.0,38.857142857142854,30.0,25.714285714285715,7.0,0.0,10.142857142857146,0.15151515151515152,12.76595744680851,0.12916666666666668
5.0,10.0,25.0,15.833333333333334,30.0,20.0,90.0,90.0,3.0,4.333333333333333,6.0,5.333333333333333,0.1,0.8083333333333332,4.0,3.0,0,0.0,0,0.0,0,0.0,0,0.0,0,0.0,0,0.0,50,35.0,2019,11,17,6,321,1,1,-0.5000000000000004,0.8660254037844384,20.0,12.916666666666668,1,2.05,3.9,0.0,50.0,0,2019-11-17,,,,,,,,,,,,0,,100.0,120.0,50,0.0,27.5,0.15384615384615385,20.0,20.0,20.0,6.0,1.0,4.0,57.0,50.0,40.0,30.0,30.0,30.0,21.666666666666668,19.285714285714285,3.6666666666666665,3.642857142857143,52.333333333333336,40.285714285714285,30.0,26.428571428571427,-7.0,5.0,12.047619047619051,0.15151515151515152,12.76595744680851,0.12916666666666668
5.0,8.333333333333334,20.0,14.166666666666666,25.0,21.25,135.0,97.5,3.0,3.8333333333333335,5.0,4.666666666666667,0.1,0.4333333333333333,2.5,1.95,0,0.0,0,0.0,0,0.0,0,0.1666666666666666,1,0.1666666666666666,0,0.0,40,28.33333333333333,2019,11,21,3,325,1,0,-0.5000000000000004,0.8660254037844384,15.0,11.25,0,1.3,2.4,0.0,40.0,0,2019-11-21,,,,,,,,,,,,0,,50.0,62.5,40,0.0,18.5,0.11904761904761904,25.0,20.0,20.0,4.0,6.0,1.0,50.0,57.0,50.0,30.0,30.0,30.0,21.666666666666668,20.0,4.166666666666667,3.4285714285714284,49.0,41.0,28.333333333333332,27.142857142857142,-10.0,-5.0,8.0,0.15151515151515152,12.76595744680851,0.12916666666666668
5.0,6.666666666666667,20.0,11.666666666666666,20.0,18.33333333333333,180.0,108.0,3.0,3.8333333333333335,5.0,4.666666666666667,0.1,0.4333333333333333,2.5,2.1666666666666665,0,0.0,0,0.0,0,0.0,0,0.3333333333333333,1,0.1666666666666666,0,0.0,35,25.0,2019,11,25,0,329,1,0,-0.5000000000000004,0.8660254037844384,15.0,9.166666666666666,0,1.3,2.4,0.0,35.0,1,2019-11-25,,,,,,,,,,,,0,,50.0,50.0,35,0.0,18.5,0.11904761904761904,20.0,25.0,20.0,2.5,4.0,6.0,40.0,50.0,57.0,25.0,30.0,30.0,21.666666666666668,20.714285714285715,3.0,3.4285714285714284,41.666666666666664,42.42857142857143,25.0,27.142857142857142,-5.0,0.0,-0.7619047619047663,0.15151515151515152,12.76595744680851,0.12916666666666668
5.0,7.0,20.0,12.0,25.0,16.25,180.0,90.0,3.0,4.25,6.0,5.5,0.1,0.775,4.0,3.25,0,0.0,0,0.0,0,0.0,0,0.2,1,0.2,0,0.0,45,26.0,2019,11,26,1,330,1,0,-0.5000000000000004,0.8660254037844384,15.0,9.5,0,2.05,3.9,0.0,45.0,0,2019-11-26,,,,,,,,,,,,0,,80.0,100.0,45,0.0,26.0,0.19047619047619047,20.0,20.0,25.0,2.5,2.5,4.0,35.0,40.0,50.0,20.0,25.0,30.0,20.0,20.714285714285715,3.0,3.4285714285714284,40.0,45.285714285714285,23.333333333333332,27.142857142857142,10.0,0.0,-5.285714285714285,0.15151515151515152,12.76595744680851,0.12916666666666668
5.0,8.75,20.0,14.0,25.0,22.5,135.0,135.0,4.0,4.5,6.0,5.5,0.5,0.875,4.0,3.25,1,0.2,0,0.0,0,0.0,0,0.2,1,0.2,2,0.4,26,10.2,2019,11,28,3,332,1,0,-0.5000000000000004,0.8660254037844384,15.0,11.375,0,2.25,3.5,1.2,26.0,0,2019-11-28,,,,,,,,,,,,0,,80.0,100.0,26,20.0,26.2,0.19047619047619047,20.0,20.0,20.0,4.0,2.5,2.5,45.0,35.0,40.0,25.0,20.0,25.0,20.0,20.714285714285715,3.5,3.4285714285714284,35.333333333333336,43.285714285714285,23.333333333333332,26.428571428571427,-19.0,0.0,-7.952380952380949,0.15151515151515152,12.76595744680851,0.12916666666666668
5.0,8.333333333333334,25.0,14.166666666666666,20.0,18.33333333333333,90.0,90.0,3.0,4.166666666666667,6.0,5.0,0.1,0.6833333333333332,4.0,2.6666666666666665,1,0.3333333333333333,0,0.0,0,0.0,0,0.3333333333333333,0,0.0,1,0.3333333333333333,45,30.166666666666668,2019,11,29,4,333,1,0,-0.5000000000000004,0.8660254037844384,20.0,11.25,0,2.05,3.9,1.3333333333333333,45.0,0,2019-11-29,,,,,,,,,,,,0,,100.0,80.0,45,25.0,27.7,0.15384615384615385,20.0,20.0,20.0,4.0,4.0,2.5,26.0,45.0,35.0,25.0,25.0,20.0,21.666666666666668,21.428571428571427,4.0,3.857142857142857,38.666666666666664,42.57142857142857,23.333333333333332,25.0,19.0,5.0,-3.904761904761905,0.15151515151515152,12.76595744680851,0.12916666666666668
5.0,6.0,15.0,11.0,25.0,18.33333333333333,90.0,90.0,3.0,4.0,6.0,5.5,0.1,0.5875,4.0,3.25,1,0.2,0,0.0,0,0.0,0,0.2,0,0.0,1,0.2,30,25.6,2019,11,30,5,334,1,1,-0.5000000000000004,0.8660254037844384,10.0,8.5,0,2.05,3.9,1.2,30.0,1,2019-11-30,,,,,,,,,,,,0,,60.0,100.0,30,15.0,24.7,0.25,25.0,20.0,20.0,4.0,4.0,4.0,45.0,26.0,45.0,20.0,25.0,25.0,20.0,20.714285714285715,4.0,3.5714285714285716,33.666666666666664,38.714285714285715,23.333333333333332,24.285714285714285,-15.0,-10.0,-5.047619047619051,0.15151515151515152,12.76595744680851,0.12916666666666668
5.0,8.0,20.0,15.0,25.0,25.0,90.0,72.0,4.0,4.333333333333333,5.0,5.0,0.5,0.75,2.5,2.5,1,0.4,0,0.0,0,0.0,0,0.4,1,0.2,2,0.6,38,25.8,2019,12,2,0,336,1,0,-2.4492935982947064e-16,1.0,15.0,11.5,0,1.5,2.0,1.4,38.0,0,2019-12-02,,,,,,,,,,,,0,,50.0,62.5,38,20.0,18.7,0.11904761904761904,15.0,25.0,20.0,4.0,4.0,4.0,30.0,45.0,26.0,25.0,20.0,25.0,20.0,20.0,3.5,3.357142857142857,37.666666666666664,37.0,23.333333333333332,23.571428571428573,8.0,5.0,0.6666666666666643,0.15151515151515152,12.857142857142856,0.12916666666666668
5.0,9.285714285714286,20.0,15.0,30.0,25.0,90.0,90.0,4.0,4.857142857142857,6.0,5.714285714285714,0.5,1.1428571428571428,4.0,3.571428571428572,1,0.2222222222222222,0,0.0,0,0.0,0,0.3333333333333333,1,0.1111111111111111,3,0.6666666666666666,50,30.33333333333333,2019,12,3,1,337,1,0,-2.4492935982947064e-16,1.0,15.0,12.142857142857142,1,2.25,3.5,1.2222222222222223,50.0,0,2019-12-03,,,,,,,,,,,,0,,80.0,120.0,50,20.0,26.2,0.19047619047619047,20.0,15.0,25.0,2.5,4.0,4.0,38.0,30.0,45.0,25.0,25.0,20.0,18.333333333333332,20.0,3.5,3.5714285714285716,39.333333333333336,38.42857142857143,26.666666666666668,24.285714285714285,12.0,0.0,0.9047619047619051,0.15151515151515152,12.857142857142856,0.12916666666666668
5.0,9.0,20.0,16.0,25.0,25.0,90.0,90.0,5.0,5.0,6.0,5.6,1.25,1.25,4.0,3.4,0,0.0,0,0.0,0,0.0,0,0.2857142857142857,1,0.4285714285714285,0,0.0,45,26.428571428571427,2019,12,4,2,338,1,0,-2.4492935982947064e-16,1.0,15.0,12.5,0,2.625,2.75,0.0,45.0,0,2019-12-04,,,,,,,,,,,,0,,80.0,100.0,45,0.0,26.0,0.19047619047619047,20.0,20.0,15.0,4.0,2.5,4.0,50.0,38.0,30.0,30.0,25.0,25.0,20.0,20.0,3.5,3.7857142857142856,44.333333333333336,39.857142857142854,26.666666666666668,25.0,-5.0,0.0,4.476190476190482,0.15151515151515152,12.857142857142856,0.12916666666666668
5.0,11.25,20.0,16.25,30.0,27.5,90.0,90.0,4.0,4.75,7.0,6.25,0.5,1.1875,6.0,4.5,1,0.2,0,0.0,0,0.0,0,0.8,1,0.4,1,0.2,55,33.6,2019,12,5,3,339,1,0,-2.4492935982947064e-16,1.0,15.0,13.75,1,3.25,5.5,1.2,55.0,0,2019-12-05,,,,,,,,,,,,0,,120.0,180.0,55,20.0,36.2,0.2857142857142857,20.0,20.0,20.0,4.0,4.0,2.5,45.0,50.0,38.0,25.0,30.0,25.0,20.0,20.0,4.666666666666667,4.071428571428571,50.0,41.285714285714285,28.333333333333332,25.714285714285715,10.0,0.0,8.714285714285715,0.15151515151515152,12.857142857142856,0.12916666666666668
5.0,10.0,25.0,18.33333333333333,30.0,27.5,90.0,90.0,4.0,4.75,6.0,5.5,0.5,1.1875,4.0,3.25,1,0.4,0,0.0,0,0.0,0,0.2,1,0.2,2,0.6,55,30.8,2019,12,6,4,340,1,0,-2.4492935982947064e-16,1.0,20.0,14.166666666666666,1,2.25,3.5,1.4,55.0,0,2019-12-06,,,,,,,,,,,,0,,100.0,120.0,55,25.0,27.7,0.15384615384615385,20.0,20.0,20.0,6.0,4.0,4.0,55.0,45.0,50.0,30.0,25.0,30.0,21.666666666666668,20.714285714285715,4.666666666666667,4.071428571428571,51.666666666666664,45.42857142857143,28.333333333333332,26.428571428571427,0.0,5.0,6.238095238095234,0.15151515151515152,12.857142857142856,0.12916666666666668
5.0,8.75,20.0,13.75,20.0,18.33333333333333,90.0,90.0,5.0,5.0,7.0,6.4,1.25,1.25,6.0,4.8,1,0.4,0,0.0,0,0.0,0,0.4,1,0.2,2,0.6,43,35.8,2019,12,7,5,341,1,1,-2.4492935982947064e-16,1.0,15.0,11.25,0,3.625,4.75,1.4,43.0,0,2019-12-07,,,,,,,,,,,,0,,120.0,120.0,43,20.0,36.2,0.2857142857142857,25.0,20.0,20.0,4.0,6.0,4.0,55.0,55.0,45.0,30.0,30.0,25.0,21.666666666666668,20.0,5.333333333333333,4.357142857142857,51.0,45.142857142857146,26.666666666666668,26.428571428571427,-12.0,-5.0,5.857142857142854,0.15151515151515152,12.857142857142856,0.12916666666666668
5.0,7.0,20.0,13.0,25.0,20.0,180.0,135.0,4.0,4.833333333333333,8.0,5.666666666666667,0.5,1.2083333333333333,9.0,3.6666666666666665,1,0.3333333333333333,0,0.0,0,0.0,0,0.3333333333333333,0,0.0,1,0.3333333333333333,40,31.83333333333333,2019,12,8,6,342,1,1,-2.4492935982947064e-16,1.0,15.0,10.0,0,4.75,8.5,1.3333333333333333,40.0,0,2019-12-08,,,,,,,,,,,,0,,180.0,225.0,40,20.0,51.2,0.42857142857142855,20.0,25.0,20.0,6.0,4.0,6.0,43.0,55.0,55.0,20.0,30.0,30.0,21.666666666666668,20.714285714285715,6.333333333333333,5.071428571428571,46.0,46.57142857142857,25.0,26.428571428571427,-3.0,0.0,-0.5714285714285694,0.15151515151515152,12.857142857142856,0.12916666666666668
5.0,12.5,25.0,17.5,30.0,23.33333333333333,90.0,67.5,4.0,4.333333333333333,6.0,5.666666666666667,0.5,0.75,4.0,3.5,1,0.4,0,0.0,0,0.0,0,0.0,0,0.0,2,0.6,55,27.8,2019,12,9,0,343,1,0,-2.4492935982947064e-16,1.0,20.0,15.0,1,2.25,3.5,1.4,55.0,0,2019-12-09,,,,,,,,,,,,0,,100.0,120.0,55,25.0,27.7,0.15384615384615385,20.0,20.0,25.0,9.0,6.0,4.0,40.0,43.0,55.0,25.0,20.0,30.0,21.666666666666668,21.428571428571427,6.333333333333333,5.285714285714286,46.0,49.0,25.0,27.142857142857142,15.0,5.0,-3.0,0.15151515151515152,12.857142857142856,0.12916666666666668
5.0,10.0,25.0,16.25,30.0,25.0,90.0,90.0,4.0,4.25,6.0,5.5,0.5,0.6875,4.0,3.25,1,0.4,1,0.2,0,0.0,0,0.0,0,0.0,4,1.2,47,35.6,2019,12,10,1,344,1,0,-2.4492935982947064e-16,1.0,20.0,13.125,1,2.25,3.5,2.6,47.0,0,2019-12-10,,,,,,,,,,,,0,,100.0,120.0,47,25.0,27.7,0.15384615384615385,25.0,20.0,20.0,4.0,9.0,6.0,55.0,40.0,43.0,30.0,25.0,20.0,23.333333333333332,22.142857142857142,5.666666666666667,5.285714285714286,47.333333333333336,48.57142857142857,28.333333333333332,27.142857142857142,-8.0,0.0,-1.2380952380952337,0.15151515151515152,12.857142857142856,0.12916666666666668
5.0,8.75,20.0,14.0,25.0,22.5,135.0,135.0,4.0,4.333333333333333,6.0,5.333333333333333,0.5,0.75,4.0,3.0,1,0.6,1,0.2,0,0.0,0,0.0,0,0.0,4,1.4,28,17.2,2019,12,11,2,345,1,0,-2.4492935982947064e-16,1.0,15.0,11.375,0,2.25,3.5,2.8000000000000003,28.0,0,2019-12-11,,,,,,,,,,,,0,,80.0,100.0,28,20.0,26.2,0.19047619047619047,25.0,25.0,20.0,4.0,4.0,9.0,47.0,55.0,40.0,30.0,30.0,25.0,23.333333333333332,22.142857142857142,4.0,5.285714285714286,43.333333333333336,46.142857142857146,28.333333333333332,27.142857142857142,-19.0,-5.0,-2.80952380952381,0.15151515151515152,12.857142857142856,0.12916666666666668
5.0,9.0,25.0,15.0,30.0,28.33333333333333,90.0,90.0,4.0,4.5,6.0,5.75,0.5,0.875,4.0,3.625,0,0.0,0,0.0,0,0.0,0,0.0,1,0.2,0,0.0,55,34.0,2019,12,12,3,346,1,0,-2.4492935982947064e-16,1.0,20.0,12.0,1,2.25,3.5,0.0,55.0,0,2019-12-12,,,,,,,,,,,,0,,100.0,120.0,55,0.0,27.5,0.15384615384615385,20.0,25.0,25.0,4.0,4.0,4.0,28.0,47.0,55.0,25.0,30.0,30.0,23.333333333333332,22.857142857142858,4.0,5.0,43.333333333333336,46.142857142857146,28.333333333333332,27.142857142857142,27.0,5.0,-2.80952380952381,0.15151515151515152,12.857142857142856,0.12916666666666668
5.0,5.0,10.0,10.0,25.0,22.5,315.0,146.25,4.0,4.25,6.0,5.25,0.5,0.6875,2.3,1.4,0,0.0,0,0.0,0,0.0,0,0.25,1,0.25,0,0.0,35,27.5,2019,12,13,4,347,1,0,-2.4492935982947064e-16,1.0,5.0,7.5,0,1.4,1.7999999999999998,0.0,35.0,0,2019-12-13,,,,,,,,,,,,0,,23.0,57.49999999999999,35,0.0,14.5,0.20909090909090908,25.0,20.0,25.0,4.0,4.0,4.0,55.0,28.0,47.0,30.0,25.0,30.0,18.333333333333332,20.714285714285715,3.4333333333333336,4.757142857142857,39.333333333333336,43.285714285714285,26.666666666666668,26.428571428571427,-20.0,-15.0,-3.952380952380949,0.15151515151515152,12.857142857142856,0.12916666666666668
5.0,5.0,15.0,10.833333333333334,15.0,15.0,180.0,135.0,3.0,4.0,6.0,5.333333333333333,0.1,0.5583333333333333,4.0,3.0,0,0.0,0,0.0,0,0.0,0,0.0,1,0.1666666666666666,0,0.0,35,27.5,2019,12,15,6,349,1,1,-2.4492935982947064e-16,1.0,10.0,7.916666666666667,0,2.05,3.9,0.0,35.0,0,2019-12-15,,,,,,,,,,,,0,,60.0,60.0,35,0.0,24.5,0.25,10.0,25.0,20.0,2.3,4.0,4.0,35.0,55.0,28.0,25.0,30.0,25.0,16.666666666666668,20.0,3.4333333333333336,4.4714285714285715,41.666666666666664,42.142857142857146,23.333333333333332,25.714285714285715,0.0,5.0,-0.4761904761904816,0.15151515151515152,12.857142857142856,0.12916666666666668
5.0,8.75,20.0,14.0,25.0,22.5,135.0,135.0,4.0,4.4,6.0,5.4,0.5,0.8,4.0,3.1,0,0.0,0,0.0,0,0.0,0,0.0,0,0.0,0,0.0,25,18.33333333333333,2019,12,16,0,350,1,0,-2.4492935982947064e-16,1.0,15.0,11.375,0,2.25,3.5,0.0,25.0,0,2019-12-16,,,,,,,,,,,,0,,80.0,100.0,25,0.0,26.0,0.19047619047619047,15.0,10.0,25.0,4.0,2.3,4.0,35.0,35.0,55.0,15.0,25.0,30.0,15.0,20.0,3.4333333333333336,3.757142857142857,31.666666666666668,40.0,21.666666666666668,25.714285714285715,-10.0,5.0,-8.333333333333332,0.15151515151515152,12.857142857142856,0.12916666666666668
5.0,7.5,20.0,12.5,25.0,18.0,90.0,90.0,3.0,4.5,6.0,4.75,0.1,0.9625,4.0,2.375,0,0.0,0,0.0,0,0.0,0,0.1666666666666666,1,0.1666666666666666,0,0.0,35,20.83333333333333,2019,12,17,1,351,1,0,-2.4492935982947064e-16,1.0,15.0,10.0,0,2.05,3.9,0.0,35.0,0,2019-12-17,,,,,,,,,,,,0,,80.0,100.0,35,0.0,26.0,0.19047619047619047,20.0,15.0,10.0,4.0,4.0,2.3,25.0,35.0,35.0,25.0,15.0,25.0,18.333333333333332,19.285714285714285,4.0,3.757142857142857,31.666666666666668,37.142857142857146,21.666666666666668,25.0,10.0,0.0,-5.476190476190478,0.15151515151515152,12.857142857142856,0.12916666666666668
5.0,8.75,20.0,11.25,25.0,18.33333333333333,180.0,112.5,3.0,4.0,6.0,5.25,0.1,0.5875,2.0,1.125,0,0.0,0,0.0,0,0.0,0,0.25,1,0.25,0,0.0,45,28.75,2019,12,18,2,352,1,0,-2.4492935982947064e-16,1.0,15.0,10.0,0,1.05,1.9,0.0,45.0,0,2019-12-18,,,,,,,,,,,,0,,40.0,50.0,45,0.0,16.0,0.09523809523809523,20.0,20.0,15.0,4.0,4.0,4.0,35.0,25.0,35.0,25.0,25.0,15.0,20.0,18.571428571428573,3.3333333333333335,3.4714285714285715,35.0,36.857142857142854,25.0,24.285714285714285,10.0,0.0,-1.857142857142854,0.15151515151515152,12.857142857142856,0.12916666666666668
5.0,7.5,20.0,13.75,15.0,15.0,180.0,112.5,3.0,4.25,6.0,4.75,0.1,0.775,3.0,1.65,0,0.0,0,0.0,0,0.0,0,0.25,1,0.5,0,0.0,35,27.5,2019,12,19,3,353,1,0,-2.4492935982947064e-16,1.0,15.0,10.625,0,1.55,2.9,0.0,35.0,0,2019-12-19,,,,,,,,,,,,0,,60.0,45.0,35,0.0,21.0,0.14285714285714285,20.0,20.0,20.0,2.0,4.0,4.0,45.0,35.0,25.0,25.0,25.0,25.0,20.0,18.571428571428573,3.0,3.3285714285714287,38.333333333333336,37.857142857142854,21.666666666666668,22.857142857142858,-10.0,0.0,0.4761904761904816,0.15151515151515152,12.857142857142856,0.12916666666666668
5.0,11.666666666666666,25.0,16.666666666666668,20.0,20.0,180.0,90.0,3.0,4.285714285714286,6.0,5.428571428571429,0.1,0.7642857142857142,4.0,2.742857142857143,1,0.1428571428571428,0,0.0,0,0.0,0,0.1428571428571428,1,0.1428571428571428,1,0.1428571428571428,45,32.57142857142857,2019,12,20,4,354,1,0,-2.4492935982947064e-16,1.0,20.0,14.166666666666668,0,2.05,3.9,1.1428571428571428,45.0,0,2019-12-20,,,,,,,,,,,,0,,100.0,80.0,45,25.0,27.7,0.15384615384615385,20.0,20.0,20.0,3.0,2.0,4.0,35.0,45.0,35.0,15.0,25.0,25.0,21.666666666666668,18.571428571428573,3.0,3.3285714285714287,41.666666666666664,36.42857142857143,20.0,21.428571428571427,10.0,5.0,5.238095238095234,0.15151515151515152,12.857142857142856,0.12916666666666668
10.0,11.25,20.0,16.25,25.0,22.5,90.0,90.0,3.0,4.0,6.0,5.333333333333333,0.1,0.5583333333333333,4.0,3.0,1,0.5,0,0.0,0,0.0,0,0.3333333333333333,1,0.3333333333333333,1,0.5,45,32.333333333333336,2019,12,21,5,355,1,1,-2.4492935982947064e-16,1.0,10.0,13.75,0,2.05,3.9,1.5,45.0,0,2019-12-21,,,,,,,,,,,,0,,80.0,100.0,45,20.0,26.2,0.19047619047619047,25.0,20.0,20.0,4.0,3.0,2.0,45.0,35.0,45.0,20.0,15.0,25.0,21.666666666666668,20.0,3.6666666666666665,3.5714285714285716,41.666666666666664,37.857142857142854,20.0,21.428571428571427,0.0,-5.0,3.80952380952381,0.15151515151515152,12.857142857142856,0.12916666666666668
5.0,10.0,20.0,15.0,25.0,25.0,180.0,108.0,3.0,4.0,6.0,5.6,0.1,0.5700000000000001,4.0,2.7,1,0.2,0,0.0,0,0.0,0,0.4,1,0.4,1,0.2,45,34.6,2019,12,22,6,356,1,1,-2.4492935982947064e-16,1.0,15.0,12.5,0,2.05,3.9,1.2,45.0,0,2019-12-22,,,,,,,,,,,,0,,80.0,100.0,45,20.0,26.2,0.19047619047619047,20.0,25.0,20.0,4.0,4.0,3.0,45.0,45.0,35.0,25.0,20.0,15.0,21.666666666666668,20.714285714285715,4.0,3.5714285714285716,45.0,39.285714285714285,23.333333333333332,22.857142857142858,0.0,0.0,5.714285714285715,0.15151515151515152,12.857142857142856,0.12916666666666668
5.0,9.0,20.0,14.0,25.0,17.5,90.0,72.0,3.0,4.0,6.0,5.5,0.1,0.5875,4.0,3.25,1,0.2,1,0.2,0,0.0,0,0.2,1,0.4,7,1.4,35,32.0,2019,12,24,1,358,1,0,-2.4492935982947064e-16,1.0,15.0,11.5,0,2.05,3.9,2.4000000000000004,35.0,0,2019-12-24,,,,,,,,,,,,0,,80.0,100.0,35,20.0,26.2,0.19047619047619047,20.0,20.0,25.0,4.0,4.0,4.0,45.0,45.0,45.0,25.0,25.0,20.0,20.0,20.714285714285715,4.0,3.5714285714285716,41.666666666666664,40.714285714285715,25.0,22.857142857142858,-10.0,0.0,0.952380952380949,0.15151515151515152,12.857142857142856,0.12916666666666668
5.0,9.0,20.0,15.0,30.0,26.25,180.0,81.0,4.0,4.7,6.0,5.6,0.5,1.025,4.0,3.4,1,0.5,1,0.1,0,0.0,0,0.2,1,0.3,4,1.5,59,40.5,2019,12,26,3,360,1,0,-2.4492935982947064e-16,1.0,15.0,12.0,1,2.25,3.5,2.6,59.0,0,2019-12-26,,,,,,,,,,,,0,,80.0,120.0,59,20.0,26.2,0.19047619047619047,20.0,20.0,20.0,4.0,4.0,4.0,35.0,45.0,45.0,25.0,25.0,25.0,20.0,20.714285714285715,4.0,3.5714285714285716,46.333333333333336,44.142857142857146,26.666666666666668,23.571428571428573,24.0,0.0,2.19047619047619,0.15151515151515152,12.857142857142856,0.12916666666666668
5.0,6.428571428571429,20.0,12.142857142857142,30.0,21.25,90.0,90.0,4.0,4.428571428571429,6.0,5.285714285714286,0.5,0.8214285714285714,4.0,2.9285714285714284,1,0.4285714285714285,1,0.4285714285714285,0,0.0,0,0.1428571428571428,0,0.0,4,1.7142857142857142,50,35.142857142857146,2019,12,27,4,361,1,0,-2.4492935982947064e-16,1.0,15.0,9.285714285714285,1,2.25,3.5,2.857142857142857,50.0,0,2019-12-27,,,,,,,,,,,,0,,80.0,120.0,50,20.0,26.2,0.19047619047619047,20.0,20.0,20.0,4.0,4.0,4.0,59.0,35.0,45.0,30.0,25.0,25.0,20.0,20.714285714285715,4.0,3.857142857142857,48.0,44.857142857142854,28.333333333333332,24.285714285714285,-9.0,0.0,3.142857142857146,0.15151515151515152,12.857142857142856,0.12916666666666668
5.0,8.0,20.0,14.0,25.0,21.25,180.0,126.0,4.0,4.4,6.0,5.6,0.5,0.8,4.0,1.92,0,0.0,0,0.0,0,0.0,0,0.2,0,0.0,0,0.0,45,34.0,2019,12,28,5,362,1,1,-2.4492935982947064e-16,1.0,15.0,11.0,0,2.25,3.5,0.0,45.0,0,2019-12-28,,,,,,,,,,,,0,,80.0,100.0,45,0.0,26.0,0.19047619047619047,20.0,20.0,20.0,4.0,4.0,4.0,50.0,59.0,35.0,30.0,30.0,25.0,20.0,20.714285714285715,4.0,4.0,51.333333333333336,46.285714285714285,28.333333333333332,25.714285714285715,-5.0,0.0,5.047619047619051,0.15151515151515152,12.857142857142856,0.12916666666666668
5.0,7.5,25.0,15.833333333333334,30.0,23.75,180.0,108.0,4.0,4.333333333333333,6.0,5.333333333333333,0.5,0.75,4.0,3.0,0,0.0,0,0.0,0,0.0,0,0.1666666666666666,1,0.1666666666666666,0,0.0,50,35.0,2019,12,29,6,363,1,1,-2.4492935982947064e-16,1.0,20.0,11.666666666666668,1,2.25,3.5,0.0,50.0,0,2019-12-29,,,,,,,,,,,,0,,100.0,120.0,50,0.0,27.5,0.15384615384615385,20.0,20.0,20.0,4.0,4.0,4.0,45.0,50.0,59.0,25.0,30.0,30.0,21.666666666666668,20.714285714285715,4.0,4.0,48.333333333333336,47.0,28.333333333333332,27.142857142857142,5.0,5.0,1.3333333333333357,0.15151515151515152,12.857142857142856,0.12916666666666668
5.0,6.0,15.0,13.0,30.0,22.5,180.0,171.0,4.0,4.4,6.0,5.4,0.5,0.8,2.5,1.58,0,0.0,0,0.0,0,0.0,0,0.0,1,0.2,0,0.0,45,33.0,2019,12,30,0,364,1,0,-2.4492935982947064e-16,1.0,10.0,9.5,1,1.5,2.0,0.0,45.0,0,2019-12-30,,,,,,,,,,,,0,,37.5,75.0,45,0.0,17.0,0.15625,25.0,20.0,20.0,4.0,4.0,4.0,50.0,45.0,50.0,30.0,25.0,30.0,20.0,20.0,3.5,3.7857142857142856,46.666666666666664,47.0,28.333333333333332,27.857142857142858,-5.0,-10.0,-0.3333333333333357,0.15151515151515152,12.857142857142856,0.12916666666666668
5.0,8.0,20.0,13.0,25.0,20.0,90.0,90.0,3.0,4.0,6.0,5.2,0.1,0.5700000000000001,4.0,2.8,0,0.0,0,0.0,0,0.0,0,0.2,1,0.2,0,0.0,45,30.0,2020,1,2,3,2,1,0,0.4999999999999999,0.8660254037844387,15.0,10.5,0,2.05,3.9,0.0,45.0,0,2020-01-02,,,,,,,,,,,,0,,80.0,100.0,45,0.0,26.0,0.19047619047619047,15.0,25.0,20.0,2.5,4.0,4.0,45.0,50.0,45.0,30.0,30.0,25.0,20.0,20.0,3.5,3.7857142857142856,46.666666666666664,47.0,28.333333333333332,27.857142857142858,0.0,5.0,-0.3333333333333357,0.15151515151515152,9.25925925925926,0.12916666666666668
5.0,9.166666666666666,20.0,14.166666666666666,30.0,24.0,90.0,90.0,3.0,4.0,6.0,5.333333333333333,0.1,0.5583333333333333,4.0,3.0,1,0.3333333333333333,0,0.0,0,0.0,0,0.0,0,0.0,2,0.5,50,35.666666666666664,2020,1,3,4,3,1,0,0.4999999999999999,0.8660254037844387,15.0,11.666666666666666,1,2.05,3.9,1.3333333333333333,50.0,0,2020-01-03,,,,,,,,,,,,0,,80.0,120.0,50,20.0,26.2,0.19047619047619047,20.0,15.0,25.0,4.0,2.5,4.0,45.0,45.0,50.0,25.0,30.0,30.0,18.333333333333332,20.0,3.5,3.7857142857142856,46.666666666666664,49.142857142857146,28.333333333333332,28.571428571428573,5.0,0.0,-2.4761904761904816,0.15151515151515152,9.25925925925926,0.12916666666666668
5.0,8.75,20.0,13.75,28.0,22.0,90.0,90.0,3.0,4.0,6.0,5.285714285714286,0.1,0.55,4.0,2.9285714285714284,1,0.2857142857142857,0,0.0,0,0.0,0,0.0,0,0.0,2,0.5714285714285714,45,28.857142857142858,2020,1,4,5,4,1,1,0.4999999999999999,0.8660254037844387,15.0,11.25,0,2.05,3.9,1.2857142857142856,45.0,1,2020-01-04,,,,,,,,,,,,0,,80.0,112.0,45,20.0,26.2,0.19047619047619047,20.0,20.0,15.0,4.0,4.0,2.5,50.0,45.0,45.0,30.0,25.0,30.0,20.0,20.0,4.0,3.7857142857142856,46.666666666666664,47.142857142857146,27.666666666666668,28.285714285714285,-5.0,0.0,-0.4761904761904816,0.15151515151515152,9.25925925925926,0.12916666666666668
5.0,8.0,20.0,13.0,25.0,22.5,90.0,60.0,3.0,3.8333333333333335,5.0,5.0,0.1,0.4333333333333333,2.5,2.5,1,0.1666666666666666,0,0.0,0,0.0,0,0.1666666666666666,0,0.0,2,0.3333333333333333,35,27.666666666666668,2020,1,6,0,6,1,0,0.4999999999999999,0.8660254037844387,15.0,10.5,0,1.3,2.4,1.1666666666666667,35.0,0,2020-01-06,,,,,,,,,,,,0,,50.0,62.5,35,20.0,18.7,0.11904761904761904,20.0,20.0,20.0,4.0,4.0,4.0,45.0,50.0,45.0,28.0,30.0,25.0,20.0,20.0,3.5,3.5714285714285716,43.333333333333336,45.0,27.666666666666668,27.571428571428573,-10.0,0.0,-1.6666666666666643,0.15151515151515152,9.25925925925926,0.12916666666666668
5.0,9.0,25.0,15.0,25.0,22.5,180.0,180.0,3.0,4.142857142857143,6.0,5.142857142857143,0.1,0.6571428571428571,4.0,2.7142857142857144,1,0.2857142857142857,0,0.0,0,0.0,0,0.1428571428571428,0,0.0,2,0.5714285714285714,40,29.571428571428573,2020,1,7,1,7,1,0,0.4999999999999999,0.8660254037844387,20.0,12.0,0,2.05,3.9,1.2857142857142856,40.0,0,2020-01-07,,,,,,,,,,,,0,,100.0,100.0,40,25.0,27.7,0.15384615384615385,20.0,20.0,20.0,2.5,4.0,4.0,35.0,45.0,50.0,25.0,28.0,30.0,21.666666666666668,20.714285714285715,3.5,3.5714285714285716,40.0,44.285714285714285,26.0,27.571428571428573,5.0,5.0,-4.285714285714285,0.15151515151515152,9.25925925925926,0.12916666666666668
5.0,9.0,25.0,16.0,25.0,18.33333333333333,180.0,108.0,3.0,3.6666666666666665,6.0,5.333333333333333,0.1,0.3666666666666667,4.0,3.0,1,0.3333333333333333,0,0.0,0,0.0,0,0.1666666666666666,0,0.0,2,0.6666666666666666,40,22.83333333333333,2020,1,8,2,8,1,0,0.4999999999999999,0.8660254037844387,20.0,12.5,0,2.05,3.9,1.3333333333333333,40.0,0,2020-01-08,,,,,,,,,,,,0,,100.0,100.0,40,25.0,27.7,0.15384615384615385,25.0,20.0,20.0,4.0,2.5,4.0,40.0,35.0,45.0,25.0,25.0,28.0,23.333333333333332,20.714285714285715,3.5,3.5714285714285716,38.333333333333336,42.857142857142854,25.0,26.857142857142858,0.0,0.0,-4.523809523809518,0.15151515151515152,9.25925925925926,0.12916666666666668
5.0,7.0,15.0,12.0,15.0,15.0,180.0,135.0,3.0,4.0,6.0,5.333333333333333,0.1,0.5583333333333333,4.0,3.0,0,0.0,0,0.0,0,0.0,0,0.0,1,0.1666666666666666,0,0.0,30,27.5,2020,1,9,3,9,1,0,0.4999999999999999,0.8660254037844387,10.0,9.5,0,2.05,3.9,0.0,30.0,0,2020-01-09,,,,,,,,,,,,0,,60.0,60.0,30,0.0,24.5,0.25,25.0,25.0,20.0,4.0,4.0,2.5,40.0,40.0,35.0,25.0,25.0,25.0,21.666666666666668,20.714285714285715,4.0,3.7857142857142856,36.666666666666664,40.714285714285715,21.666666666666668,24.714285714285715,-10.0,-10.0,-4.047619047619051,0.15151515151515152,9.25925925925926,0.12916666666666668
5.0,6.666666666666667,15.0,11.666666666666666,25.0,20.0,90.0,90.0,3.0,4.0,6.0,5.333333333333333,0.1,0.6166666666666667,4.0,3.0,0,0.0,0,0.0,0,0.0,0,0.1666666666666666,1,0.1666666666666666,0,0.0,35,18.33333333333333,2020,1,10,4,10,1,0,0.4999999999999999,0.8660254037844387,10.0,9.166666666666666,0,2.05,3.9,0.0,35.0,0,2020-01-10,,,,,,,,,,,,0,,60.0,100.0,35,0.0,24.5,0.25,15.0,25.0,25.0,4.0,4.0,4.0,30.0,40.0,40.0,15.0,25.0,25.0,18.333333333333332,20.0,4.0,3.7857142857142856,35.0,39.285714285714285,21.666666666666668,24.714285714285715,5.0,0.0,-4.285714285714285,0.15151515151515152,9.25925925925926,0.12916666666666668
5.0,6.0,15.0,11.0,20.0,20.0,90.0,67.5,4.0,4.0,5.0,5.0,0.5,0.5,2.5,2.5,0,0.0,0,0.0,0,0.0,0,0.2,1,0.2,0,0.0,30,18.0,2020,1,11,5,11,1,1,0.4999999999999999,0.8660254037844387,10.0,8.5,0,1.5,2.0,0.0,30.0,0,2020-01-11,,,,,,,,,,,,0,,37.5,50.0,30,0.0,17.0,0.15625,15.0,15.0,25.0,4.0,4.0,4.0,35.0,30.0,40.0,25.0,15.0,25.0,15.0,19.285714285714285,3.5,3.5714285714285716,31.666666666666668,36.42857142857143,20.0,23.285714285714285,-5.0,0.0,-4.761904761904763,0.15151515151515152,9.25925925925926,0.12916666666666668
5.0,9.166666666666666,25.0,16.666666666666668,30.0,27.5,180.0,108.0,3.0,4.2,7.0,5.8,0.1,0.82,6.0,3.3,0,0.0,0,0.0,0,0.0,0,0.5,0,0.0,0,0.0,60,34.166666666666664,2020,1,12,6,12,1,1,0.4999999999999999,0.8660254037844387,20.0,12.916666666666668,1,3.05,5.9,0.0,60.0,0,2020-01-12,,,,,,,,,,,,0,,150.0,180.0,60,0.0,37.5,0.23076923076923078,15.0,15.0,15.0,2.5,4.0,4.0,30.0,35.0,30.0,20.0,25.0,15.0,18.333333333333332,20.0,4.166666666666667,3.857142857142857,41.666666666666664,38.57142857142857,25.0,23.571428571428573,30.0,10.0,3.095238095238095,0.15151515151515152,9.25925925925926,0.12916666666666668
5.0,5.0,10.0,10.0,25.0,17.5,90.0,90.0,3.0,4.0,6.0,5.2,0.1,0.5700000000000001,4.0,2.8,1,0.3333333333333333,1,0.3333333333333333,0,0.0,0,0.6666666666666666,1,0.6666666666666666,4,1.3333333333333333,37,26.5,2020,1,14,1,14,1,0,0.4999999999999999,0.8660254037844387,5.0,7.5,0,2.05,3.9,2.6666666666666665,37.0,0,2020-01-14,,,,,,,,,,,,0,,40.0,100.0,37,10.0,23.2,0.36363636363636365,25.0,15.0,15.0,6.0,2.5,4.0,60.0,30.0,35.0,30.0,20.0,25.0,16.666666666666668,18.571428571428573,4.166666666666667,4.071428571428571,42.333333333333336,38.857142857142854,25.0,23.571428571428573,-23.0,-15.0,3.4761904761904816,0.15151515151515152,9.25925925925926,0.12916666666666668
5.0,5.0,10.0,10.0,20.0,18.33333333333333,90.0,90.0,4.0,4.0,5.0,5.0,0.5,0.5,2.5,2.5,1,0.3333333333333333,1,0.3333333333333333,0,0.0,0,0.0,0,0.0,4,1.3333333333333333,37,21.5,2020,1,15,2,15,1,0,0.4999999999999999,0.8660254037844387,5.0,7.5,0,1.5,2.0,2.6666666666666665,37.0,0,2020-01-15,,,,,,,,,,,,0,,25.0,50.0,37,10.0,15.7,0.22727272727272727,10.0,25.0,15.0,4.0,6.0,2.5,37.0,60.0,30.0,25.0,30.0,20.0,15.0,16.428571428571427,4.166666666666667,3.857142857142857,44.666666666666664,38.42857142857143,25.0,22.857142857142858,0.0,0.0,6.238095238095234,0.15151515151515152,9.25925925925926,0.12916666666666668
5.0,7.0,20.0,13.0,15.0,15.0,90.0,90.0,4.0,4.0,5.0,5.0,0.5,0.5,2.5,2.5,1,0.4,1,0.4,0,0.0,0,0.0,0,0.0,4,1.6,37,28.8,2020,1,17,4,17,1,0,0.4999999999999999,0.8660254037844387,15.0,10.0,0,1.5,2.0,2.8,37.0,0,2020-01-17,,,,,,,,,,,,0,,50.0,37.5,37,20.0,18.7,0.11904761904761904,10.0,10.0,25.0,2.5,4.0,6.0,37.0,37.0,60.0,20.0,25.0,30.0,13.333333333333334,15.714285714285714,3.0,3.642857142857143,37.0,38.0,20.0,21.428571428571427,0.0,10.0,-1.0,0.15151515151515152,9.25925925925926,0.12916666666666668
5.0,9.285714285714286,15.0,14.285714285714286,20.0,20.0,90.0,90.0,4.0,4.166666666666667,6.0,5.333333333333333,0.5,0.625,4.0,3.0,1,0.5714285714285714,1,0.5714285714285714,0,0.0,0,0.0,0,0.0,4,2.2857142857142856,42,34.714285714285715,2020,1,18,5,18,1,1,0.4999999999999999,0.8660254037844387,10.0,11.785714285714286,0,2.25,3.5,3.1428571428571423,42.0,0,2020-01-18,,,,,,,,,,,,0,,60.0,80.0,42,15.0,24.7,0.25,20.0,10.0,10.0,2.5,2.5,4.0,37.0,37.0,37.0,15.0,20.0,25.0,15.0,15.714285714285714,3.0,3.642857142857143,38.666666666666664,39.714285714285715,18.333333333333332,22.142857142857142,5.0,-5.0,-1.047619047619051,0.15151515151515152,9.25925925925926,0.12916666666666668
10.0,13.0,25.0,21.0,30.0,26.25,180.0,112.5,4.0,4.75,6.0,6.0,0.5,1.0625,4.0,4.0,1,0.2,1,0.2,0,0.0,0,0.0,1,0.4,4,0.8,57,43.4,2020,1,20,0,20,1,0,0.4999999999999999,0.8660254037844387,15.0,17.0,1,2.25,3.5,2.4000000000000004,57.0,1,2020-01-20,,,,,,,,,,,,0,,100.0,120.0,57,25.0,27.7,0.15384615384615385,15.0,20.0,10.0,4.0,2.5,2.5,42.0,37.0,37.0,20.0,15.0,20.0,20.0,17.142857142857142,3.5,3.642857142857143,45.333333333333336,42.857142857142854,21.666666666666668,22.857142857142858,15.0,10.0,2.4761904761904816,0.15151515151515152,9.25925925925926,0.12916666666666668
10.0,12.5,25.0,18.33333333333333,30.0,25.0,90.0,90.0,5.0,5.166666666666667,7.0,6.166666666666667,1.25,1.4583333333333333,6.0,4.333333333333333,1,0.5,1,0.5,0,0.0,0,0.0,1,0.3333333333333333,4,2.0,67,49.333333333333336,2020,1,22,2,22,1,0,0.4999999999999999,0.8660254037844387,15.0,15.416666666666666,1,3.625,4.75,3.0,67.0,0,2020-01-22,,,,,,,,,,,,0,,150.0,180.0,67,25.0,37.7,0.23076923076923078,25.0,15.0,20.0,4.0,4.0,2.5,57.0,42.0,37.0,30.0,20.0,15.0,21.666666666666668,18.571428571428573,4.666666666666667,4.142857142857143,55.333333333333336,48.142857142857146,26.666666666666668,24.285714285714285,10.0,0.0,7.19047619047619,0.15151515151515152,9.25925925925926,0.12916666666666668
10.0,14.375,25.0,21.25,35.0,27.5,90.0,90.0,5.0,5.142857142857143,7.0,6.142857142857143,1.25,1.4285714285714286,6.0,4.285714285714286,1,0.5,1,0.5,0,0.0,0,0.0,1,0.375,4,2.0,67,52.25,2020,1,23,3,23,1,0,0.4999999999999999,0.8660254037844387,15.0,17.8125,1,3.625,4.75,3.0,67.0,0,2020-01-23,,,,,,,,,,,,0,,150.0,210.0,67,25.0,37.7,0.23076923076923078,25.0,25.0,15.0,6.0,4.0,4.0,67.0,57.0,42.0,30.0,30.0,20.0,25.0,18.571428571428573,5.333333333333333,4.142857142857143,63.666666666666664,49.142857142857146,31.666666666666668,25.0,0.0,0.0,14.523809523809518,0.15151515151515152,9.25925925925926,0.12916666666666668
10.0,14.285714285714286,25.0,21.428571428571427,30.0,27.0,90.0,90.0,4.0,4.833333333333333,7.0,5.666666666666667,0.5,1.125,6.0,3.583333333333333,1,0.2857142857142857,1,0.1428571428571428,0,0.0,0,0.1428571428571428,1,0.4285714285714285,4,0.8571428571428571,72,44.0,2020,1,24,4,24,1,0,0.4999999999999999,0.8660254037844387,15.0,17.857142857142858,1,3.25,5.5,2.4285714285714284,72.0,0,2020-01-24,,,,,,,,,,,,0,,150.0,180.0,72,25.0,37.7,0.23076923076923078,25.0,25.0,25.0,6.0,6.0,4.0,67.0,67.0,57.0,35.0,30.0,30.0,25.0,20.714285714285715,6.0,4.428571428571429,68.66666666666667,54.142857142857146,31.666666666666668,25.714285714285715,5.0,0.0,14.523809523809526,0.15151515151515152,9.25925925925926,0.12916666666666668
5.0,9.166666666666666,25.0,15.0,30.0,21.25,90.0,75.0,4.0,4.6,6.0,5.6,0.5,0.95,4.0,3.4,0,0.0,0,0.0,0,0.0,0,0.0,1,0.8333333333333334,0,0.0,55,30.83333333333333,2020,1,25,5,25,1,1,0.4999999999999999,0.8660254037844387,20.0,12.083333333333332,1,2.25,3.5,0.0,55.0,0,2020-01-25,,,,,,,,,,,,0,,100.0,120.0,55,0.0,27.5,0.15384615384615385,25.0,25.0,25.0,6.0,6.0,6.0,72.0,67.0,67.0,30.0,35.0,30.0,25.0,22.857142857142858,5.333333333333333,4.642857142857143,64.66666666666667,56.714285714285715,31.666666666666668,27.142857142857142,-17.0,0.0,7.952380952380956,0.15151515151515152,9.25925925925926,0.12916666666666668
5.0,6.0,15.0,11.0,20.0,16.25,90.0,72.0,3.0,4.25,6.0,5.25,0.1,0.775,4.0,2.875,0,0.0,0,0.0,0,0.0,0,0.0,1,0.3333333333333333,0,0.0,30,19.166666666666668,2020,1,26,6,26,1,1,0.4999999999999999,0.8660254037844387,10.0,8.5,0,2.05,3.9,0.0,30.0,0,2020-01-26,,,,,,,,,,,,0,,60.0,80.0,30,0.0,24.5,0.25,25.0,25.0,25.0,4.0,6.0,6.0,55.0,72.0,67.0,30.0,30.0,35.0,21.666666666666668,22.142857142857142,4.666666666666667,4.857142857142857,52.333333333333336,55.714285714285715,26.666666666666668,27.857142857142858,-25.0,-10.0,-3.3809523809523796,0.15151515151515152,9.25925925925926,0.12916666666666668
5.0,6.666666666666667,15.0,12.5,25.0,19.0,90.0,72.0,3.0,4.4,6.0,5.2,0.1,0.8699999999999999,4.0,2.8,0,0.0,0,0.0,0,0.0,0,0.0,1,0.3333333333333333,0,0.0,30,25.83333333333333,2020,1,27,0,27,1,0,0.4999999999999999,0.8660254037844387,10.0,9.583333333333334,0,2.05,3.9,0.0,30.0,0,2020-01-27,,,,,,,,,,,,0,,60.0,100.0,30,0.0,24.5,0.25,15.0,25.0,25.0,4.0,4.0,6.0,30.0,55.0,72.0,20.0,30.0,30.0,18.333333333333332,22.142857142857142,4.0,4.857142857142857,38.333333333333336,54.0,25.0,28.571428571428573,0.0,0.0,-15.666666666666664,0.15151515151515152,9.25925925925926,0.12916666666666668
5.0,6.428571428571429,15.0,11.428571428571429,20.0,20.0,90.0,90.0,3.0,4.142857142857143,6.0,5.285714285714286,0.1,0.6571428571428571,4.0,2.9285714285714284,0,0.0,0,0.0,0,0.0,0,0.2857142857142857,1,0.7142857142857143,0,0.0,35,27.857142857142858,2020,1,29,2,29,1,0,0.4999999999999999,0.8660254037844387,10.0,8.928571428571429,0,2.05,3.9,0.0,35.0,0,2020-01-29,,,,,,,,,,,,0,,60.0,80.0,35,0.0,24.5,0.25,15.0,15.0,25.0,4.0,4.0,4.0,30.0,30.0,55.0,25.0,20.0,30.0,15.0,20.714285714285715,4.0,4.857142857142857,31.666666666666668,50.857142857142854,21.666666666666668,27.142857142857142,5.0,0.0,-19.190476190476186,0.15151515151515152,9.25925925925926,0.12916666666666668
5.0,8.571428571428571,25.0,15.0,30.0,30.0,90.0,90.0,3.0,4.25,6.0,5.25,0.1,0.775,4.0,2.875,0,0.0,0,0.0,0,0.0,0,0.2857142857142857,1,0.7142857142857143,0,0.0,35,23.571428571428573,2020,1,30,3,30,1,0,0.4999999999999999,0.8660254037844387,20.0,11.785714285714285,1,2.05,3.9,0.0,35.0,0,2020-01-30,,,,,,,,,,,,0,,100.0,120.0,35,0.0,27.5,0.15384615384615385,15.0,15.0,15.0,4.0,4.0,4.0,35.0,30.0,30.0,20.0,25.0,20.0,18.333333333333332,20.714285714285715,4.0,4.571428571428571,33.333333333333336,46.285714285714285,25.0,27.142857142857142,0.0,10.0,-12.952380952380949,0.15151515151515152,9.25925925925926,0.12916666666666668
5.0,9.166666666666666,25.0,16.666666666666668,30.0,22.0,90.0,90.0,3.0,4.6,6.0,5.6,0.1,1.02,4.0,3.4,0,0.0,0,0.0,0,0.0,0,0.1666666666666666,1,0.1666666666666666,0,0.0,55,33.333333333333336,2020,1,31,4,31,1,0,0.4999999999999999,0.8660254037844387,20.0,12.916666666666668,1,2.05,3.9,0.0,55.0,0,2020-01-31,,,,,,,,,,,,0,,100.0,120.0,55,0.0,27.5,0.15384615384615385,25.0,15.0,15.0,4.0,4.0,4.0,35.0,35.0,30.0,30.0,20.0,25.0,21.666666666666668,20.714285714285715,4.0,4.285714285714286,41.666666666666664,44.57142857142857,26.666666666666668,26.428571428571427,20.0,0.0,-2.904761904761905,0.15151515151515152,9.25925925925926,0.12916666666666668
5.0,10.0,20.0,15.0,25.0,23.0,90.0,90.0,3.0,4.5,6.0,5.5,0.1,0.9333333333333332,4.0,3.25,1,0.3333333333333333,0,0.0,0,0.0,0,0.0,0,0.0,1,0.3333333333333333,45,35.166666666666664,2020,2,1,5,32,1,1,0.8660254037844386,0.5000000000000001,15.0,12.5,0,2.05,3.9,1.3333333333333333,45.0,0,2020-02-01,,,,,,,,,,,,0,,80.0,100.0,45,20.0,26.2,0.19047619047619047,25.0,25.0,15.0,4.0,4.0,4.0,55.0,35.0,35.0,30.0,30.0,20.0,23.333333333333332,20.0,4.0,4.0,45.0,40.714285714285715,28.333333333333332,25.714285714285715,-10.0,-5.0,4.285714285714285,0.15151515151515152,15.384615384615385,0.12916666666666668
5.0,8.333333333333334,20.0,15.0,30.0,25.0,90.0,90.0,3.0,4.0,6.0,5.166666666666667,0.1,0.5583333333333333,4.0,2.75,1,0.3333333333333333,0,0.0,0,0.0,0,0.1666666666666666,0,0.0,1,0.3333333333333333,45,35.166666666666664,2020,2,2,6,33,1,1,0.8660254037844386,0.5000000000000001,15.0,11.666666666666668,1,2.05,3.9,1.3333333333333333,45.0,0,2020-02-02,,,,,,,,,,,,0,,80.0,120.0,45,20.0,26.2,0.19047619047619047,20.0,25.0,25.0,4.0,4.0,4.0,45.0,55.0,35.0,25.0,30.0,30.0,21.666666666666668,19.285714285714285,4.0,4.0,48.333333333333336,39.285714285714285,28.333333333333332,25.714285714285715,0.0,0.0,9.047619047619051,0.15151515151515152,15.384615384615385,0.12916666666666668
5.0,9.166666666666666,20.0,16.666666666666668,30.0,26.0,180.0,105.0,3.0,3.6666666666666665,5.0,5.0,0.1,0.3666666666666667,2.5,2.5,1,0.3333333333333333,0,0.0,0,0.0,0,0.1666666666666666,0,0.0,1,0.3333333333333333,35,27.666666666666668,2020,2,3,0,34,1,0,0.8660254037844386,0.5000000000000001,15.0,12.916666666666668,1,1.3,2.4,1.3333333333333333,35.0,0,2020-02-03,,,,,,,,,,,,0,,50.0,75.0,35,20.0,18.7,0.11904761904761904,20.0,20.0,25.0,4.0,4.0,4.0,45.0,45.0,55.0,30.0,25.0,30.0,20.0,20.0,3.5,3.7857142857142856,41.666666666666664,40.0,28.333333333333332,27.142857142857142,-10.0,0.0,1.6666666666666643,0.15151515151515152,15.384615384615385,0.12916666666666668
5.0,9.0,20.0,15.0,25.0,22.5,90.0,90.0,3.0,4.0,6.0,5.166666666666667,0.1,0.5583333333333333,4.0,2.75,1,0.3333333333333333,0,0.0,0,0.0,0,0.1666666666666666,0,0.0,1,0.3333333333333333,40,31.83333333333333,2020,2,4,1,35,1,0,0.8660254037844386,0.5000000000000001,15.0,12.0,0,2.05,3.9,1.3333333333333333,40.0,0,2020-02-04,,,,,,,,,,,,0,,80.0,100.0,40,20.0,26.2,0.19047619047619047,20.0,20.0,20.0,2.5,4.0,4.0,35.0,45.0,45.0,30.0,30.0,25.0,20.0,20.714285714285715,3.5,3.7857142857142856,40.0,41.42857142857143,28.333333333333332,27.142857142857142,5.0,0.0,-1.4285714285714306,0.15151515151515152,15.384615384615385,0.12916666666666668
5.0,9.0,20.0,14.0,30.0,26.666666666666668,90.0,60.0,3.0,4.0,6.0,5.5,0.1,0.5875,4.0,3.25,0,0.0,0,0.0,0,0.0,0,0.3333333333333333,0,0.0,0,0.0,40,25.83333333333333,2020,2,5,2,36,1,0,0.8660254037844386,0.5000000000000001,15.0,11.5,1,2.05,3.9,0.0,40.0,0,2020-02-05,,,,,,,,,,,,0,,80.0,120.0,40,0.0,26.0,0.19047619047619047,20.0,20.0,20.0,4.0,2.5,4.0,40.0,35.0,45.0,25.0,30.0,30.0,20.0,21.428571428571427,3.5,3.7857142857142856,38.333333333333336,42.142857142857146,28.333333333333332,28.571428571428573,0.0,0.0,-3.80952380952381,0.15151515151515152,15.384615384615385,0.12916666666666668
5.0,7.5,15.0,12.5,20.0,18.75,90.0,75.0,3.0,3.333333333333333,6.0,5.333333333333333,0.1,0.2333333333333333,4.0,3.0,1,0.3333333333333333,0,0.0,0,0.0,0,0.1666666666666666,0,0.0,2,0.6666666666666666,35,20.33333333333333,2020,2,7,4,38,1,0,0.8660254037844386,0.5000000000000001,10.0,10.0,0,2.05,3.9,1.3333333333333333,35.0,0,2020-02-07,,,,,,,,,,,,0,,60.0,80.0,35,15.0,24.7,0.25,20.0,20.0,20.0,4.0,4.0,2.5,40.0,40.0,35.0,30.0,25.0,30.0,18.333333333333332,20.0,4.0,3.7857142857142856,38.333333333333336,42.142857142857146,25.0,27.142857142857142,-5.0,-5.0,-3.80952380952381,0.15151515151515152,15.384615384615385,0.12916666666666668
5.0,8.333333333333334,15.0,13.333333333333334,25.0,21.25,180.0,108.0,3.0,3.5,6.0,5.25,0.1,0.3,4.0,2.75,1,0.1666666666666666,0,0.0,0,0.0,0,0.1666666666666666,0,0.0,2,0.3333333333333333,40,24.33333333333333,2020,2,8,5,39,1,1,0.8660254037844386,0.5000000000000001,10.0,10.833333333333334,0,2.05,3.9,1.1666666666666667,40.0,0,2020-02-08,,,,,,,,,,,,0,,60.0,100.0,40,15.0,24.7,0.25,15.0,20.0,20.0,4.0,4.0,4.0,35.0,40.0,40.0,20.0,30.0,25.0,16.666666666666668,18.571428571428573,4.0,3.7857142857142856,38.333333333333336,40.0,25.0,26.428571428571427,5.0,0.0,-1.6666666666666643,0.15151515151515152,15.384615384615385,0.12916666666666668
5.0,6.666666666666667,20.0,13.333333333333334,30.0,25.0,180.0,135.0,3.0,3.8333333333333335,6.0,5.333333333333333,0.1,0.4916666666666667,4.0,3.0,1,0.3333333333333333,0,0.0,0,0.0,0,0.3333333333333333,0,0.0,1,0.3333333333333333,40,32.666666666666664,2020,2,9,6,40,1,1,0.8660254037844386,0.5000000000000001,15.0,10.0,1,2.05,3.9,1.3333333333333333,40.0,0,2020-02-09,,,,,,,,,,,,0,,80.0,120.0,40,20.0,26.2,0.19047619047619047,15.0,15.0,20.0,4.0,4.0,4.0,40.0,35.0,40.0,25.0,20.0,30.0,16.666666666666668,18.571428571428573,4.0,3.7857142857142856,38.333333333333336,39.285714285714285,25.0,27.142857142857142,0.0,5.0,-0.952380952380949,0.15151515151515152,15.384615384615385,0.12916666666666668
5.0,10.0,25.0,16.428571428571427,30.0,23.33333333333333,90.0,60.0,3.0,4.571428571428571,6.0,5.714285714285714,0.1,0.9785714285714284,4.0,3.571428571428572,1,0.4285714285714285,0,0.0,0,0.0,0,0.1428571428571428,1,0.1428571428571428,3,0.7142857142857143,55,38.57142857142857,2020,2,12,2,43,1,0,0.8660254037844386,0.5000000000000001,20.0,13.214285714285714,1,2.05,3.9,1.4285714285714286,55.0,0,2020-02-12,,,,,,,,,,,,0,,100.0,120.0,55,25.0,27.7,0.15384615384615385,20.0,15.0,15.0,4.0,4.0,4.0,40.0,40.0,35.0,30.0,25.0,20.0,20.0,19.285714285714285,4.0,3.7857142857142856,45.0,40.714285714285715,28.333333333333332,27.142857142857142,15.0,5.0,4.285714285714285,0.15151515151515152,15.384615384615385,0.12916666666666668
5.0,10.0,20.0,15.0,28.0,22.666666666666668,90.0,90.0,3.0,4.5,6.0,5.5,0.1,0.9333333333333332,4.0,3.25,1,0.3333333333333333,1,0.1666666666666666,0,0.0,0,0.3333333333333333,1,0.1666666666666666,4,0.8333333333333334,57,35.833333333333336,2020,2,13,3,44,1,0,0.8660254037844386,0.5000000000000001,15.0,12.5,0,2.05,3.9,2.5,57.0,0,2020-02-13,,,,,,,,,,,,0,,80.0,112.0,57,20.0,26.2,0.19047619047619047,25.0,20.0,15.0,4.0,4.0,4.0,55.0,40.0,40.0,30.0,30.0,25.0,21.666666666666668,19.285714285714285,4.0,4.0,50.666666666666664,43.857142857142854,29.333333333333332,26.857142857142858,2.0,-5.0,6.80952380952381,0.15151515151515152,15.384615384615385,0.12916666666666668
5.0,9.166666666666666,20.0,14.166666666666666,25.0,20.0,225.0,117.0,3.0,4.2,6.0,5.4,0.1,0.72,4.0,3.1,1,0.125,1,0.125,0,0.0,0,0.125,1,0.125,4,0.5,57,23.375,2020,2,14,4,45,1,0,0.8660254037844386,0.5000000000000001,15.0,11.666666666666666,0,2.05,3.9,2.25,57.0,0,2020-02-14,,,,,,,,,,,,0,,80.0,100.0,57,20.0,26.2,0.19047619047619047,20.0,25.0,20.0,4.0,4.0,4.0,57.0,55.0,40.0,28.0,30.0,30.0,21.666666666666668,19.285714285714285,4.0,4.0,56.333333333333336,46.285714285714285,27.666666666666668,26.857142857142858,0.0,0.0,10.047619047619051,0.15151515151515152,15.384615384615385,0.12916666666666668
5.0,10.0,20.0,15.833333333333334,30.0,23.75,90.0,90.0,3.0,4.2,6.0,5.4,0.1,0.72,4.0,3.1,1,0.125,1,0.125,0,0.0,0,0.125,0,0.0,4,0.5,62,25.875,2020,2,15,5,46,1,1,0.8660254037844386,0.5000000000000001,15.0,12.916666666666668,1,2.05,3.9,2.25,62.0,0,2020-02-15,,,,,,,,,,,,0,,80.0,120.0,62,20.0,26.2,0.19047619047619047,20.0,20.0,25.0,4.0,4.0,4.0,57.0,57.0,55.0,25.0,28.0,30.0,20.0,19.285714285714285,4.0,4.0,58.666666666666664,49.42857142857143,27.666666666666668,26.857142857142858,5.0,0.0,9.238095238095234,0.15151515151515152,15.384615384615385,0.12916666666666668
5.0,7.142857142857143,20.0,12.142857142857142,25.0,20.0,90.0,90.0,3.0,4.166666666666667,6.0,5.333333333333333,0.1,0.6833333333333332,4.0,3.0,1,0.1428571428571428,1,0.1428571428571428,0,0.0,0,0.1428571428571428,0,0.0,4,0.5714285714285714,45,28.142857142857142,2020,2,16,6,47,1,1,0.8660254037844386,0.5000000000000001,15.0,9.642857142857142,0,2.05,3.9,2.2857142857142856,45.0,0,2020-02-16,,,,,,,,,,,,0,,80.0,100.0,45,20.0,26.2,0.19047619047619047,20.0,20.0,20.0,4.0,4.0,4.0,62.0,57.0,57.0,30.0,25.0,28.0,20.0,20.0,4.0,4.0,54.666666666666664,50.857142857142854,26.666666666666668,27.571428571428573,-17.0,0.0,3.80952380952381,0.15151515151515152,15.384615384615385,0.12916666666666668
5.0,8.333333333333334,20.0,15.0,25.0,25.0,180.0,135.0,3.0,3.8333333333333335,6.0,5.333333333333333,0.1,0.4916666666666667,4.0,3.0,1,0.5,1,0.5,0,0.0,0,0.3333333333333333,0,0.0,4,2.0,52,40.16666666666666,2020,2,17,0,48,1,0,0.8660254037844386,0.5000000000000001,15.0,11.666666666666668,0,2.05,3.9,3.0,52.0,1,2020-02-17,,,,,,,,,,,,0,,80.0,100.0,52,20.0,26.2,0.19047619047619047,20.0,20.0,20.0,4.0,4.0,4.0,45.0,62.0,57.0,25.0,30.0,25.0,20.0,20.714285714285715,4.0,4.0,53.0,52.57142857142857,26.666666666666668,27.571428571428573,7.0,0.0,0.4285714285714306,0.15151515151515152,15.384615384615385,0.12916666666666668
5.0,9.285714285714286,15.0,14.285714285714286,25.0,23.33333333333333,135.0,96.42857142857144,3.0,3.75,6.0,5.25,0.1,0.4,4.0,2.75,1,0.2857142857142857,1,0.1428571428571428,0,0.0,0,0.0,0,0.0,4,0.8571428571428571,42,26.857142857142858,2020,2,19,2,50,1,0,0.8660254037844386,0.5000000000000001,10.0,11.785714285714286,0,2.05,3.9,2.4285714285714284,42.0,0,2020-02-19,,,,,,,,,,,,0,,60.0,100.0,42,15.0,24.7,0.25,20.0,20.0,20.0,4.0,4.0,4.0,52.0,45.0,62.0,25.0,25.0,30.0,18.333333333333332,20.0,4.0,4.0,46.333333333333336,52.857142857142854,25.0,26.857142857142858,-10.0,-5.0,-6.523809523809518,0.15151515151515152,15.384615384615385,0.12916666666666668
5.0,8.75,20.0,14.0,30.0,22.5,270.0,120.0,3.0,4.333333333333333,6.0,5.166666666666667,0.1,0.8083333333333332,4.0,2.75,1,0.5,1,0.1666666666666666,0,0.0,0,0.3333333333333333,1,0.1666666666666666,4,1.0,35,26.33333333333333,2020,11,16,0,321,1,0,-0.5000000000000004,0.8660254037844384,15.0,11.375,1,2.05,3.9,2.6666666666666665,35.0,0,2020-11-16,,,,,,,,,,,,0,,80.0,120.0,35,20.0,26.2,0.19047619047619047,15.0,20.0,20.0,4.0,4.0,4.0,42.0,52.0,45.0,25.0,25.0,25.0,18.333333333333332,19.285714285714285,4.0,4.0,43.0,50.0,26.666666666666668,26.857142857142858,-7.0,5.0,-7.0,0.15151515151515152,12.76595744680851,0.12916666666666668
5.0,8.75,20.0,14.0,25.0,17.5,270.0,157.5,3.0,4.166666666666667,5.0,5.0,0.1,0.6833333333333332,2.5,2.25,1,0.3333333333333333,1,0.1666666666666666,0,0.0,0,0.6666666666666666,1,0.3333333333333333,4,0.8333333333333334,32,23.33333333333333,2020,11,18,2,323,1,0,-0.5000000000000004,0.8660254037844384,15.0,11.375,0,1.3,2.4,2.5,32.0,0,2020-11-18,,,,,,,,,,,,0,,50.0,62.5,32,20.0,18.7,0.11904761904761904,20.0,15.0,20.0,4.0,4.0,4.0,35.0,42.0,52.0,30.0,25.0,25.0,18.333333333333332,19.285714285714285,3.5,3.7857142857142856,36.333333333333336,46.42857142857143,26.666666666666668,26.428571428571427,-3.0,0.0,-10.095238095238095,0.15151515151515152,12.76595744680851,0.12916666666666668
5.0,8.75,20.0,14.0,25.0,21.0,270.0,180.0,3.0,4.0,6.0,5.333333333333333,0.1,0.5583333333333333,4.0,3.0,1,0.6666666666666666,0,0.0,0,0.0,0,0.5,1,0.5,1,0.6666666666666666,33,25.33333333333333,2020,11,20,4,325,1,0,-0.5000000000000004,0.8660254037844384,15.0,11.375,0,2.05,3.9,1.6666666666666663,33.0,0,2020-11-20,,,,,,,,,,,,0,,80.0,100.0,33,20.0,26.2,0.19047619047619047,20.0,20.0,15.0,2.5,4.0,4.0,32.0,35.0,42.0,25.0,30.0,25.0,20.0,19.285714285714285,3.5,3.7857142857142856,33.333333333333336,43.0,26.666666666666668,26.428571428571427,1.0,0.0,-9.666666666666664,0.15151515151515152,12.76595744680851,0.12916666666666668
5.0,8.75,20.0,14.0,30.0,21.25,270.0,127.5,3.0,3.8333333333333335,6.0,5.166666666666667,0.1,0.4916666666666667,4.0,2.75,1,0.3333333333333333,0,0.0,0,0.0,0,0.6666666666666666,1,0.6666666666666666,1,0.3333333333333333,35,23.5,2020,11,23,0,328,1,0,-0.5000000000000004,0.8660254037844384,15.0,11.375,1,2.05,3.9,1.3333333333333333,35.0,0,2020-11-23,,,,,,,,,,,,0,,80.0,120.0,35,20.0,26.2,0.19047619047619047,20.0,20.0,20.0,4.0,2.5,4.0,33.0,32.0,35.0,25.0,25.0,30.0,20.0,19.285714285714285,3.5,3.7857142857142856,33.333333333333336,39.142857142857146,26.666666666666668,26.428571428571427,2.0,0.0,-5.80952380952381,0.15151515151515152,12.76595744680851,0.12916666666666668
5.0,8.75,20.0,14.0,25.0,21.666666666666668,270.0,142.5,3.0,3.8333333333333335,6.0,5.166666666666667,0.1,0.4916666666666667,4.0,2.75,1,0.5,0,0.0,0,0.0,0,0.3333333333333333,1,0.3333333333333333,1,0.5,28,24.0,2020,11,24,1,329,1,0,-0.5000000000000004,0.8660254037844384,15.0,11.375,0,2.05,3.9,1.5,28.0,0,2020-11-24,,,,,,,,,,,,0,,80.0,100.0,28,20.0,26.2,0.19047619047619047,20.0,20.0,20.0,4.0,4.0,2.5,35.0,33.0,32.0,30.0,25.0,25.0,20.0,19.285714285714285,4.0,3.7857142857142856,32.0,36.714285714285715,26.666666666666668,26.428571428571427,-7.0,0.0,-4.714285714285715,0.15151515151515152,12.76595744680851,0.12916666666666668
5.0,8.75,20.0,14.0,25.0,20.0,270.0,142.5,3.0,3.8333333333333335,6.0,5.166666666666667,0.1,0.4916666666666667,4.0,2.75,1,0.5,0,0.0,0,0.0,0,0.3333333333333333,1,0.1666666666666666,1,0.5,25,23.166666666666668,2020,11,25,2,330,1,0,-0.5000000000000004,0.8660254037844384,15.0,11.375,0,2.05,3.9,1.5,25.0,0,2020-11-25,,,,,,,,,,,,0,,80.0,100.0,25,20.0,26.2,0.19047619047619047,20.0,20.0,20.0,4.0,4.0,4.0,28.0,35.0,33.0,25.0,30.0,25.0,20.0,19.285714285714285,4.0,3.7857142857142856,29.333333333333332,32.857142857142854,26.666666666666668,26.428571428571427,-3.0,0.0,-3.523809523809522,0.15151515151515152,12.76595744680851,0.12916666666666668
5.0,8.75,20.0,14.0,25.0,21.0,180.0,127.5,3.0,4.333333333333333,6.0,5.166666666666667,0.1,0.8083333333333332,4.0,2.75,1,0.5,0,0.0,0,0.0,0,0.3333333333333333,1,0.1666666666666666,1,0.5,30,24.0,2020,11,26,3,331,1,0,-0.5000000000000004,0.8660254037844384,15.0,11.375,0,2.05,3.9,1.5,30.0,0,2020-11-26,,,,,,,,,,,,0,,80.0,100.0,30,20.0,26.2,0.19047619047619047,20.0,20.0,20.0,4.0,4.0,4.0,25.0,28.0,35.0,25.0,25.0,30.0,20.0,20.0,4.0,3.7857142857142856,27.666666666666668,31.142857142857142,25.0,26.428571428571427,5.0,0.0,-3.4761904761904745,0.15151515151515152,12.76595744680851,0.12916666666666668
5.0,8.75,20.0,14.0,30.0,22.5,180.0,150.0,3.0,4.333333333333333,6.0,5.333333333333333,0.1,0.8083333333333332,4.0,3.0,1,0.5,0,0.0,0,0.0,0,0.3333333333333333,1,0.3333333333333333,2,0.6666666666666666,35,27.0,2020,11,27,4,332,1,0,-0.5000000000000004,0.8660254037844384,15.0,11.375,1,2.05,3.9,1.5,35.0,0,2020-11-27,,,,,,,,,,,,0,,80.0,120.0,35,20.0,26.2,0.19047619047619047,20.0,20.0,20.0,4.0,4.0,4.0,30.0,25.0,28.0,25.0,25.0,25.0,20.0,20.0,4.0,3.7857142857142856,30.0,31.142857142857142,26.666666666666668,26.428571428571427,5.0,0.0,-1.1428571428571423,0.15151515151515152,12.76595744680851,0.12916666666666668
5.0,8.75,20.0,14.0,30.0,24.0,270.0,135.0,3.0,4.333333333333333,6.0,5.5,0.1,0.8083333333333332,4.0,3.25,1,0.3333333333333333,0,0.0,0,0.0,0,0.5,1,0.5,1,0.3333333333333333,35,26.83333333333333,2020,11,28,5,333,1,1,-0.5000000000000004,0.8660254037844384,15.0,11.375,1,2.05,3.9,1.3333333333333333,35.0,0,2020-11-28,,,,,,,,,,,,0,,80.0,120.0,35,20.0,26.2,0.19047619047619047,20.0,20.0,20.0,4.0,4.0,4.0,35.0,30.0,25.0,30.0,25.0,25.0,20.0,20.0,4.0,4.0,33.333333333333336,31.571428571428573,28.333333333333332,27.142857142857142,0.0,0.0,1.7619047619047628,0.15151515151515152,12.76595744680851,0.12916666666666668
5.0,8.75,20.0,14.0,25.0,20.0,315.0,150.0,3.0,4.333333333333333,6.0,5.333333333333333,0.1,0.8083333333333332,4.0,3.0,1,0.3333333333333333,1,0.1666666666666666,0,0.0,0,0.5,1,0.3333333333333333,4,0.8333333333333334,32,25.0,2020,11,29,6,334,1,1,-0.5000000000000004,0.8660254037844384,15.0,11.375,0,2.05,3.9,2.5,32.0,0,2020-11-29,,,,,,,,,,,,0,,80.0,100.0,32,20.0,26.2,0.19047619047619047,20.0,20.0,20.0,4.0,4.0,4.0,35.0,35.0,30.0,30.0,30.0,25.0,20.0,20.0,4.0,4.0,34.0,31.428571428571427,28.333333333333332,27.142857142857142,-3.0,0.0,2.571428571428573,0.15151515151515152,12.76595744680851,0.12916666666666668
5.0,8.75,20.0,14.0,25.0,20.0,270.0,157.5,3.0,4.333333333333333,5.0,5.0,0.1,0.8083333333333332,2.5,2.5,1,0.6666666666666666,1,0.3333333333333333,0,0.0,0,0.3333333333333333,1,0.1666666666666666,4,1.6666666666666667,37,25.83333333333333,2020,11,30,0,335,1,0,-0.5000000000000004,0.8660254037844384,15.0,11.375,0,1.3,2.4,3.0,37.0,0,2020-11-30,,,,,,,,,,,,0,,50.0,62.5,37,20.0,18.7,0.11904761904761904,20.0,20.0,20.0,4.0,4.0,4.0,32.0,35.0,35.0,25.0,30.0,30.0,20.0,20.0,3.5,3.7857142857142856,34.666666666666664,31.714285714285715,26.666666666666668,26.428571428571427,5.0,0.0,2.952380952380949,0.15151515151515152,12.76595744680851,0.12916666666666668
5.0,8.75,20.0,14.0,25.0,18.33333333333333,270.0,120.0,3.0,4.333333333333333,5.0,5.0,0.1,0.8083333333333332,2.5,2.5,1,0.3333333333333333,1,0.1666666666666666,0,0.0,0,0.5,1,0.1666666666666666,4,0.8333333333333334,32,23.33333333333333,2020,12,1,1,336,1,0,-2.4492935982947064e-16,1.0,15.0,11.375,0,1.3,2.4,2.5,32.0,0,2020-12-01,,,,,,,,,,,,0,,50.0,62.5,32,20.0,18.7,0.11904761904761904,20.0,20.0,20.0,2.5,4.0,4.0,37.0,32.0,35.0,25.0,25.0,30.0,20.0,20.0,3.0,3.5714285714285716,33.666666666666664,32.285714285714285,25.0,26.428571428571427,-5.0,0.0,1.3809523809523796,0.15151515151515152,12.857142857142856,0.12916666666666668
5.0,8.75,20.0,14.0,20.0,18.33333333333333,315.0,127.5,3.0,4.5,5.0,5.0,0.1,0.9333333333333332,2.5,2.5,1,0.5,1,0.3333333333333333,0,0.0,0,0.3333333333333333,1,0.3333333333333333,4,1.6666666666666667,32,25.0,2020,12,2,2,337,1,0,-2.4492935982947064e-16,1.0,15.0,11.375,0,1.3,2.4,2.833333333333333,32.0,0,2020-12-02,,,,,,,,,,,,0,,50.0,50.0,32,20.0,18.7,0.11904761904761904,20.0,20.0,20.0,2.5,2.5,4.0,32.0,37.0,32.0,25.0,25.0,25.0,20.0,20.0,2.5,3.357142857142857,33.666666666666664,33.285714285714285,23.333333333333332,25.714285714285715,0.0,0.0,0.3809523809523796,0.15151515151515152,12.857142857142856,0.12916666666666668
5.0,8.75,20.0,14.0,25.0,22.5,90.0,90.0,4.0,4.0,5.0,5.0,0.5,0.5,2.5,2.5,1,1.0,0,0.0,0,0.0,1,1.0,1,1.0,2,2.0,26,26.0,2020,12,3,3,338,1,0,-2.4492935982947064e-16,1.0,15.0,11.375,0,1.5,2.0,2.0,26.0,0,2020-12-03,,,,,,,,,,,,0,,50.0,62.5,26,20.0,18.7,0.11904761904761904,20.0,20.0,20.0,2.5,2.5,2.5,32.0,32.0,37.0,20.0,25.0,25.0,20.0,20.0,2.5,3.142857142857143,30.0,32.714285714285715,23.333333333333332,25.714285714285715,-6.0,0.0,-2.7142857142857153,0.15151515151515152,12.857142857142856,0.12916666666666668
5.0,8.75,20.0,14.0,15.0,15.0,135.0,135.0,4.0,4.0,5.0,5.0,0.5,0.5,2.5,2.5,0,0.0,0,0.0,0,0.0,0,0.0,1,1.0,0,0.0,20,20.0,2020,12,4,4,339,1,0,-2.4492935982947064e-16,1.0,15.0,11.375,0,1.5,2.0,0.0,20.0,0,2020-12-04,,,,,,,,,,,,0,,50.0,37.5,20,0.0,18.5,0.11904761904761904,20.0,20.0,20.0,2.5,2.5,2.5,26.0,32.0,32.0,25.0,20.0,25.0,20.0,20.0,2.5,2.9285714285714284,26.0,30.571428571428573,20.0,23.571428571428573,-6.0,0.0,-4.571428571428573,0.15151515151515152,12.857142857142856,0.12916666666666668
5.0,8.75,20.0,14.0,25.0,18.0,180.0,122.14285714285714,3.0,4.285714285714286,6.0,5.285714285714286,0.1,0.7642857142857142,4.0,2.9285714285714284,1,0.4285714285714285,1,0.2857142857142857,0,0.0,0,0.5714285714285714,1,0.4285714285714285,4,1.2857142857142858,32,26.0,2020,12,5,5,340,1,1,-2.4492935982947064e-16,1.0,15.0,11.375,0,2.05,3.9,2.7142857142857144,32.0,0,2020-12-05,,,,,,,,,,,,0,,80.0,100.0,32,20.0,26.2,0.19047619047619047,20.0,20.0,20.0,2.5,2.5,2.5,20.0,26.0,32.0,15.0,25.0,20.0,20.0,20.0,3.0,2.9285714285714284,26.0,30.142857142857142,21.666666666666668,22.857142857142858,12.0,0.0,-4.142857142857142,0.15151515151515152,12.857142857142856,0.12916666666666668
5.0,8.75,20.0,14.0,25.0,22.5,270.0,160.71428571428572,3.0,4.428571428571429,6.0,5.285714285714286,0.1,0.8714285714285713,4.0,2.9285714285714284,1,0.4285714285714285,1,0.1428571428571428,0,0.0,0,0.2857142857142857,1,0.5714285714285714,4,0.8571428571428571,32,24.714285714285715,2020,12,6,6,341,1,1,-2.4492935982947064e-16,1.0,15.0,11.375,0,2.05,3.9,2.571428571428572,32.0,1,2020-12-06,,,,,,,,,,,,0,,80.0,100.0,32,20.0,26.2,0.19047619047619047,20.0,20.0,20.0,4.0,2.5,2.5,32.0,20.0,26.0,25.0,15.0,25.0,20.0,20.0,3.5,2.9285714285714284,28.0,30.142857142857142,21.666666666666668,22.857142857142858,0.0,0.0,-2.1428571428571423,0.15151515151515152,12.857142857142856,0.12916666666666668
5.0,8.75,20.0,14.0,30.0,20.0,225.0,154.28571428571428,3.0,4.571428571428571,6.0,5.571428571428571,0.1,1.05,4.0,3.357142857142857,1,0.4285714285714285,1,0.4285714285714285,0,0.0,0,0.2857142857142857,1,0.2857142857142857,4,1.7142857142857142,42,30.142857142857142,2020,12,8,1,343,1,0,-2.4492935982947064e-16,1.0,15.0,11.375,1,2.05,3.9,2.857142857142857,42.0,0,2020-12-08,,,,,,,,,,,,0,,80.0,120.0,42,20.0,26.2,0.19047619047619047,20.0,20.0,20.0,4.0,4.0,2.5,32.0,32.0,20.0,25.0,25.0,15.0,20.0,20.0,4.0,3.142857142857143,35.333333333333336,30.857142857142858,26.666666666666668,23.571428571428573,10.0,0.0,4.476190476190478,0.15151515151515152,12.857142857142856,0.12916666666666668
5.0,8.75,20.0,14.0,30.0,21.666666666666668,315.0,141.42857142857142,4.0,4.714285714285714,6.0,5.428571428571429,0.5,1.1071428571428572,4.0,3.142857142857143,1,0.7142857142857143,1,0.2857142857142857,0,0.0,0,0.2857142857142857,1,0.1428571428571428,4,1.7142857142857142,35,28.714285714285715,2020,12,9,2,344,1,0,-2.4492935982947064e-16,1.0,15.0,11.375,1,2.25,3.5,3.0,35.0,1,2020-12-09,,,,,,,,,,,,0,,80.0,120.0,35,20.0,26.2,0.19047619047619047,20.0,20.0,20.0,4.0,4.0,4.0,42.0,32.0,32.0,30.0,25.0,25.0,20.0,20.0,4.0,3.357142857142857,36.333333333333336,31.285714285714285,28.333333333333332,24.285714285714285,-7.0,0.0,5.047619047619051,0.15151515151515152,12.857142857142856,0.12916666666666668
5.0,8.75,20.0,14.0,30.0,23.75,180.0,109.28571428571428,3.0,4.571428571428571,6.0,5.285714285714286,0.1,0.9785714285714284,4.0,2.7285714285714286,1,0.8571428571428571,0,0.0,0,0.0,0,0.2857142857142857,1,0.2857142857142857,1,0.8571428571428571,35,26.142857142857142,2020,12,11,4,346,1,0,-2.4492935982947064e-16,1.0,15.0,11.375,1,2.05,3.9,1.8571428571428568,35.0,0,2020-12-11,,,,,,,,,,,,0,,80.0,120.0,35,20.0,26.2,0.19047619047619047,20.0,20.0,20.0,4.0,4.0,4.0,35.0,42.0,32.0,30.0,30.0,25.0,20.0,20.0,4.0,3.5714285714285716,37.333333333333336,31.714285714285715,30.0,25.714285714285715,0.0,0.0,5.61904761904762,0.15151515151515152,12.857142857142856,0.12916666666666668
5.0,8.75,20.0,14.0,25.0,19.0,180.0,109.28571428571428,3.0,4.428571428571429,6.0,5.142857142857143,0.1,0.8714285714285713,4.0,2.5,1,0.7142857142857143,1,0.2857142857142857,0,0.0,0,0.2857142857142857,1,0.2857142857142857,4,2.0,32,27.428571428571427,2020,12,14,0,349,1,0,-2.4492935982947064e-16,1.0,15.0,11.375,0,2.05,3.9,3.0,32.0,0,2020-12-14,,,,,,,,,,,,0,,80.0,100.0,32,20.0,26.2,0.19047619047619047,20.0,20.0,20.0,4.0,4.0,4.0,35.0,35.0,42.0,30.0,30.0,30.0,20.0,20.0,4.0,3.7857142857142856,34.0,32.57142857142857,28.333333333333332,25.714285714285715,-3.0,0.0,1.4285714285714306,0.15151515151515152,12.857142857142856,0.12916666666666668
5.0,8.75,20.0,14.0,20.0,20.0,180.0,115.71428571428572,3.0,4.285714285714286,6.0,5.142857142857143,0.1,0.7642857142857142,4.0,2.5,1,0.7142857142857143,1,0.1428571428571428,0,0.0,0,0.2857142857142857,1,0.1428571428571428,4,1.5714285714285714,32,25.428571428571427,2020,12,15,1,350,1,0,-2.4492935982947064e-16,1.0,15.0,11.375,0,2.05,3.9,2.857142857142857,32.0,1,2020-12-15,,,,,,,,,,,,0,,80.0,80.0,32,20.0,26.2,0.19047619047619047,20.0,20.0,20.0,4.0,4.0,4.0,32.0,35.0,35.0,25.0,30.0,30.0,20.0,20.0,4.0,4.0,33.0,34.285714285714285,25.0,26.428571428571427,0.0,0.0,-1.2857142857142847,0.15151515151515152,12.857142857142856,0.12916666666666668
5.0,8.75,20.0,14.0,20.0,17.5,225.0,135.0,3.0,4.428571428571429,5.0,5.0,0.1,0.8714285714285713,2.5,2.2857142857142856,1,0.5714285714285714,0,0.0,0,0.0,0,0.2857142857142857,0,0.0,1,0.5714285714285714,23,21.714285714285715,2020,12,16,2,351,1,0,-2.4492935982947064e-16,1.0,15.0,11.375,0,1.3,2.4,1.5714285714285714,23.0,0,2020-12-16,,,,,,,,,,,,0,,50.0,50.0,23,20.0,18.7,0.11904761904761904,20.0,20.0,20.0,4.0,4.0,4.0,32.0,32.0,35.0,20.0,25.0,30.0,20.0,20.0,3.5,3.7857142857142856,29.0,33.0,21.666666666666668,25.714285714285715,-9.0,0.0,-4.0,0.15151515151515152,12.857142857142856,0.12916666666666668
5.0,8.75,20.0,14.0,25.0,20.0,270.0,154.28571428571428,3.0,4.428571428571429,5.0,5.0,0.1,0.8714285714285713,2.5,2.5,1,0.7142857142857143,1,0.2857142857142857,0,0.0,0,0.2857142857142857,0,0.0,4,1.8571428571428568,32,26.285714285714285,2020,12,17,3,352,1,0,-2.4492935982947064e-16,1.0,15.0,11.375,0,1.3,2.4,3.0,32.0,0,2020-12-17,,,,,,,,,,,,0,,50.0,62.5,32,20.0,18.7,0.11904761904761904,20.0,20.0,20.0,2.5,4.0,4.0,23.0,32.0,32.0,20.0,20.0,25.0,20.0,20.0,3.0,3.5714285714285716,29.0,33.0,21.666666666666668,25.714285714285715,9.0,0.0,-4.0,0.15151515151515152,12.857142857142856,0.12916666666666668
5.0,8.75,20.0,14.0,20.0,18.33333333333333,270.0,128.57142857142858,3.0,4.428571428571429,5.0,5.0,0.1,0.8714285714285713,2.5,2.5,1,0.7142857142857143,1,0.2857142857142857,0,0.0,0,0.2857142857142857,1,0.2857142857142857,4,1.7142857142857142,32,25.142857142857142,2020,12,18,4,353,1,0,-2.4492935982947064e-16,1.0,15.0,11.375,0,1.3,2.4,3.0,32.0,0,2020-12-18,,,,,,,,,,,,0,,50.0,50.0,32,20.0,18.7,0.11904761904761904,20.0,20.0,20.0,2.5,2.5,4.0,32.0,23.0,32.0,25.0,20.0,20.0,20.0,20.0,2.5,3.357142857142857,29.0,31.571428571428573,21.666666666666668,24.285714285714285,0.0,0.0,-2.571428571428573,0.15151515151515152,12.857142857142856,0.12916666666666668
5.0,8.75,20.0,14.0,20.0,16.666666666666668,270.0,128.57142857142858,4.0,4.714285714285714,6.0,5.285714285714286,0.5,1.0357142857142858,4.0,2.9285714285714284,1,0.7142857142857143,1,0.2857142857142857,0,0.0,0,0.0,1,0.1428571428571428,4,1.5714285714285714,32,26.142857142857142,2020,12,19,5,354,1,1,-2.4492935982947064e-16,1.0,15.0,11.375,0,2.25,3.5,3.0,32.0,0,2020-12-19,,,,,,,,,,,,0,,80.0,80.0,32,20.0,26.2,0.19047619047619047,20.0,20.0,20.0,2.5,2.5,2.5,32.0,32.0,23.0,20.0,25.0,20.0,20.0,20.0,3.0,3.357142857142857,32.0,31.142857142857142,21.666666666666668,22.857142857142858,0.0,0.0,0.8571428571428577,0.15151515151515152,12.857142857142856,0.12916666666666668
5.0,8.75,20.0,14.0,20.0,17.5,180.0,102.85714285714286,4.0,4.714285714285714,6.0,5.285714285714286,0.5,1.0357142857142858,4.0,2.9285714285714284,1,0.7142857142857143,1,0.5714285714285714,0,0.0,0,0.0,1,0.2857142857142857,4,2.4285714285714284,32,28.714285714285715,2020,12,20,6,355,1,1,-2.4492935982947064e-16,1.0,15.0,11.375,0,2.25,3.5,3.2857142857142856,32.0,0,2020-12-20,,,,,,,,,,,,0,,80.0,80.0,32,20.0,26.2,0.19047619047619047,20.0,20.0,20.0,4.0,2.5,2.5,32.0,32.0,32.0,20.0,20.0,25.0,20.0,20.0,3.5,3.357142857142857,32.0,30.714285714285715,20.0,21.428571428571427,0.0,0.0,1.2857142857142847,0.15151515151515152,12.857142857142856,0.12916666666666668
5.0,8.75,20.0,14.0,20.0,18.75,270.0,135.0,3.0,4.285714285714286,6.0,5.142857142857143,0.1,0.7642857142857142,4.0,2.7142857142857144,1,0.7142857142857143,1,0.2857142857142857,0,0.0,0,0.0,1,0.2857142857142857,4,1.5714285714285714,32,25.428571428571427,2020,12,21,0,356,1,0,-2.4492935982947064e-16,1.0,15.0,11.375,0,2.05,3.9,3.0,32.0,0,2020-12-21,,,,,,,,,,,,0,,80.0,80.0,32,20.0,26.2,0.19047619047619047,20.0,20.0,20.0,4.0,4.0,2.5,32.0,32.0,32.0,20.0,20.0,20.0,20.0,20.0,4.0,3.357142857142857,32.0,30.714285714285715,20.0,20.714285714285715,0.0,0.0,1.2857142857142847,0.15151515151515152,12.857142857142856,0.12916666666666668
5.0,8.75,20.0,14.0,25.0,19.0,270.0,167.14285714285714,3.0,4.428571428571429,6.0,5.142857142857143,0.1,0.8714285714285713,4.0,2.7142857142857144,1,0.7142857142857143,1,0.1428571428571428,0,0.0,0,0.4285714285714285,1,0.1428571428571428,4,1.1428571428571428,33,24.857142857142858,2020,12,24,3,359,1,0,-2.4492935982947064e-16,1.0,15.0,11.375,0,2.05,3.9,2.857142857142857,33.0,1,2020-12-24,,,,,,,,,,,,0,,80.0,100.0,33,20.0,26.2,0.19047619047619047,20.0,20.0,20.0,4.0,4.0,4.0,32.0,32.0,32.0,20.0,20.0,20.0,20.0,20.0,4.0,3.357142857142857,32.333333333333336,30.857142857142858,21.666666666666668,21.428571428571427,1.0,0.0,1.476190476190478,0.15151515151515152,12.857142857142856,0.12916666666666668
5.0,8.75,20.0,14.0,20.0,20.0,270.0,147.85714285714286,4.0,4.714285714285714,6.0,5.428571428571429,0.5,1.0357142857142858,4.0,3.142857142857143,1,0.7142857142857143,1,0.2857142857142857,0,0.0,0,0.2857142857142857,1,0.1428571428571428,4,1.8571428571428568,32,27.714285714285715,2020,12,27,6,362,1,1,-2.4492935982947064e-16,1.0,15.0,11.375,0,2.25,3.5,3.0,32.0,0,2020-12-27,,,,,,,,,,,,0,,80.0,80.0,32,20.0,26.2,0.19047619047619047,20.0,20.0,20.0,4.0,4.0,4.0,33.0,32.0,32.0,25.0,20.0,20.0,20.0,20.0,4.0,3.5714285714285716,32.333333333333336,32.142857142857146,21.666666666666668,21.428571428571427,-1.0,0.0,0.1904761904761898,0.15151515151515152,12.857142857142856,0.12916666666666668
5.0,8.75,20.0,14.0,20.0,16.666666666666668,180.0,108.0,4.0,4.8,6.0,5.2,0.5,1.1,4.0,2.8,1,0.6,1,0.6,0,0.0,0,0.4,1,0.2,6,2.8,38,29.4,2020,12,28,0,363,1,0,-2.4492935982947064e-16,1.0,15.0,11.375,0,2.25,3.5,3.2,38.0,0,2020-12-28,,,,,,,,,,,,0,,80.0,80.0,38,20.0,26.2,0.19047619047619047,20.0,20.0,20.0,4.0,4.0,4.0,32.0,33.0,32.0,20.0,25.0,20.0,20.0,20.0,4.0,3.7857142857142856,34.333333333333336,33.0,21.666666666666668,20.714285714285715,6.0,0.0,1.3333333333333357,0.15151515151515152,12.857142857142856,0.12916666666666668
5.0,8.75,20.0,14.0,33.0,22.0,180.0,112.5,4.0,4.5,6.0,5.166666666666667,0.5,0.875,4.0,2.75,1,0.6666666666666666,1,0.3333333333333333,0,0.0,0,0.3333333333333333,1,0.3333333333333333,4,1.8333333333333333,35,28.0,2020,12,30,2,365,1,0,-2.4492935982947064e-16,1.0,15.0,11.375,1,2.25,3.5,3.0,35.0,1,2020-12-30,,,,,,,,,,,,0,,80.0,132.0,35,20.0,26.2,0.19047619047619047,20.0,20.0,20.0,4.0,4.0,4.0,38.0,32.0,33.0,20.0,20.0,25.0,20.0,20.0,4.0,4.0,35.0,33.42857142857143,24.333333333333332,22.571428571428573,-3.0,0.0,1.5714285714285694,0.15151515151515152,12.857142857142856,0.12916666666666668
5.0,8.75,20.0,14.0,33.0,22.6,180.0,112.5,4.0,4.5,6.0,5.166666666666667,0.5,0.875,4.0,2.75,1,0.6666666666666666,1,0.1666666666666666,0,0.0,0,0.3333333333333333,1,0.3333333333333333,4,1.3333333333333333,35,27.33333333333333,2020,12,31,3,366,1,0,-2.4492935982947064e-16,1.0,15.0,11.375,1,2.25,3.5,2.833333333333333,35.0,1,2020-12-31,,,,,,,,,,,,0,,80.0,132.0,35,20.0,26.2,0.19047619047619047,20.0,20.0,20.0,4.0,4.0,4.0,35.0,38.0,32.0,33.0,20.0,20.0,20.0,20.0,4.0,4.0,36.0,33.857142857142854,28.666666666666668,24.428571428571427,0.0,0.0,2.142857142857146,0.15151515151515152,12.857142857142856,0.12916666666666668
5.0,8.75,20.0,14.0,25.0,25.0,135.0,135.0,5.0,5.0,5.0,5.0,1.25,1.25,2.5,2.5,1,1.0,1,1.0,0,0.0,0,0.0,0,0.0,4,4.0,37,37.0,2021,1,2,5,2,1,1,0.4999999999999999,0.8660254037844387,15.0,11.375,0,1.875,1.25,4.0,37.0,0,2021-01-02,,,,,,,,,,,,0,,50.0,62.5,37,20.0,18.7,0.11904761904761904,20.0,20.0,20.0,4.0,4.0,4.0,35.0,35.0,38.0,33.0,33.0,20.0,20.0,20.0,3.5,3.7857142857142856,35.666666666666664,34.57142857142857,30.333333333333332,25.142857142857142,2.0,0.0,1.095238095238095,0.15151515151515152,9.25925925925926,0.12916666666666668
5.0,8.75,20.0,14.0,25.0,22.5,135.0,135.0,5.0,5.0,5.0,5.0,1.25,1.25,2.5,2.5,1,1.0,0,0.0,0,0.0,0,0.0,0,0.0,2,2.0,26,26.0,2021,1,4,0,4,1,0,0.4999999999999999,0.8660254037844387,15.0,11.375,0,1.875,1.25,2.0,26.0,0,2021-01-04,,,,,,,,,,,,0,,50.0,62.5,26,20.0,18.7,0.11904761904761904,20.0,20.0,20.0,2.5,4.0,4.0,37.0,35.0,35.0,25.0,33.0,33.0,20.0,20.0,3.0,3.5714285714285716,32.666666666666664,33.714285714285715,27.666666666666668,25.857142857142858,-11.0,0.0,-1.047619047619051,0.15151515151515152,9.25925925925926,0.12916666666666668
5.0,8.75,20.0,14.0,25.0,22.5,180.0,180.0,5.0,5.0,5.0,5.0,1.25,1.25,2.5,2.5,1,1.0,0,0.0,0,0.0,0,0.0,0,0.0,1,1.0,23,23.0,2021,1,12,1,12,1,0,0.4999999999999999,0.8660254037844387,15.0,11.375,0,1.875,1.25,2.0,23.0,0,2021-01-12,,,,,,,,,,,,0,,50.0,62.5,23,20.0,18.7,0.11904761904761904,20.0,20.0,20.0,2.5,2.5,4.0,26.0,37.0,35.0,25.0,25.0,33.0,20.0,20.0,2.5,3.357142857142857,28.666666666666668,32.285714285714285,25.0,25.857142857142858,-3.0,0.0,-3.619047619047617,0.15151515151515152,9.25925925925926,0.12916666666666668
5.0,8.75,20.0,14.0,25.0,22.5,90.0,90.0,4.0,4.714285714285714,6.0,5.0,0.5,1.0357142857142858,2.75,2.5,1,1.0,0,0.0,0,0.0,0,0.0,0,0.0,1,1.0,3,3.0,2021,1,13,2,13,1,0,0.4999999999999999,0.8660254037844387,15.0,11.375,0,1.625,2.25,2.0,3.0,0,2021-01-13,,,,,,,,,,,,0,,55.0,68.75,3,20.0,19.95,0.13095238095238096,20.0,20.0,20.0,2.5,2.5,2.5,23.0,26.0,37.0,25.0,25.0,25.0,20.0,20.0,2.5833333333333335,3.1785714285714284,17.333333333333332,28.142857142857142,25.0,26.571428571428573,-20.0,0.0,-10.80952380952381,0.15151515151515152,9.25925925925926,0.12916666666666668
5.0,8.75,20.0,14.0,25.0,22.5,180.0,180.0,4.0,4.714285714285714,6.0,5.0,0.5,1.0357142857142858,2.75,2.5,1,1.0,0,0.0,0,0.0,0,0.0,0,0.0,1,1.0,3,3.0,2021,1,15,4,15,1,0,0.4999999999999999,0.8660254037844387,15.0,11.375,0,1.625,2.25,2.0,3.0,0,2021-01-15,,,,,,,,,,,,0,,55.0,68.75,3,20.0,19.95,0.13095238095238096,20.0,20.0,20.0,2.75,2.5,2.5,3.0,23.0,26.0,25.0,25.0,25.0,20.0,20.0,2.6666666666666665,3.0,9.666666666666666,23.142857142857142,25.0,27.285714285714285,0.0,0.0,-13.476190476190476,0.15151515151515152,9.25925925925926,0.12916666666666668
5.0,8.75,20.0,14.0,25.0,22.5,180.0,180.0,4.0,4.714285714285714,6.0,5.0,0.5,1.0357142857142858,2.75,2.5,1,1.0,0,0.0,0,0.0,0,0.0,0,0.0,1,1.0,3,3.0,2021,1,16,5,16,1,1,0.4999999999999999,0.8660254037844387,15.0,11.375,0,1.625,2.25,2.0,3.0,0,2021-01-16,,,,,,,,,,,,0,,55.0,68.75,3,20.0,19.95,0.13095238095238096,20.0,20.0,20.0,2.75,2.75,2.5,3.0,3.0,23.0,25.0,25.0,25.0,20.0,20.0,2.75,2.8214285714285716,3.0,18.571428571428573,25.0,26.142857142857142,0.0,0.0,-15.571428571428573,0.15151515151515152,9.25925925925926,0.12916666666666668
5.0,8.75,20.0,14.0,25.0,22.5,180.0,180.0,4.0,4.714285714285714,6.0,5.0,0.5,1.0357142857142858,2.75,2.5,1,1.0,0,0.0,0,0.0,0,0.0,0,0.0,3,3.0,9,9.0,2021,1,17,6,17,1,1,0.4999999999999999,0.8660254037844387,15.0,11.375,0,1.625,2.25,2.0,9.0,0,2021-01-17,,,,,,,,,,,,0,,55.0,68.75,9,20.0,19.95,0.13095238095238096,20.0,20.0,20.0,2.75,2.75,2.75,3.0,3.0,3.0,25.0,25.0,25.0,20.0,20.0,2.75,2.642857142857143,5.0,14.857142857142858,25.0,25.0,6.0,0.0,-9.857142857142858,0.15151515151515152,9.25925925925926,0.12916666666666668
5.0,8.75,20.0,14.0,40.0,40.0,270.0,270.0,4.0,4.714285714285714,6.0,5.0,0.5,1.0357142857142858,2.75,2.5,1,1.0,0,0.0,0,0.0,0,0.0,0,0.0,1,1.0,18,18.0,2021,1,18,0,18,1,0,0.4999999999999999,0.8660254037844387,15.0,11.375,1,1.625,2.25,2.0,18.0,0,2021-01-18,,,,,,,,,,,,0,,55.0,110.0,18,20.0,19.95,0.13095238095238096,20.0,20.0,20.0,2.75,2.75,2.75,9.0,3.0,3.0,25.0,25.0,25.0,20.0,20.0,2.75,2.6785714285714284,10.0,12.142857142857142,30.0,27.142857142857142,9.0,0.0,-2.1428571428571423,0.15151515151515152,9.25925925925926,0.12916666666666668
5.0,8.75,20.0,14.0,25.0,22.5,0.0,0.0,4.0,4.714285714285714,6.0,5.0,0.5,1.0357142857142858,2.75,2.5,1,1.0,0,0.0,0,0.0,0,0.0,0,0.0,1,1.0,3,3.0,2021,1,20,2,20,1,0,0.4999999999999999,0.8660254037844387,15.0,11.375,0,1.625,2.25,2.0,3.0,0,2021-01-20,,,,,,,,,,,,0,,55.0,68.75,3,20.0,19.95,0.13095238095238096,20.0,20.0,20.0,2.75,2.75,2.75,18.0,9.0,3.0,40.0,25.0,25.0,20.0,20.0,2.75,2.7142857142857144,10.0,8.857142857142858,30.0,27.142857142857142,-15.0,0.0,1.1428571428571423,0.15151515151515152,9.25925925925926,0.12916666666666668
5.0,8.75,20.0,14.0,25.0,22.5,0.0,0.0,4.0,4.714285714285714,6.0,5.0,0.5,1.0357142857142858,2.75,2.5,1,1.0,0,0.0,0,0.0,0,0.0,0,0.0,1,1.0,3,3.0,2021,1,21,3,21,1,0,0.4999999999999999,0.8660254037844387,15.0,11.375,0,1.625,2.25,2.0,3.0,0,2021-01-21,,,,,,,,,,,,0,,55.0,68.75,3,20.0,19.95,0.13095238095238096,20.0,20.0,20.0,2.75,2.75,2.75,3.0,18.0,9.0,25.0,40.0,25.0,20.0,20.0,2.75,2.75,8.0,6.0,30.0,27.142857142857142,0.0,0.0,2.0,0.15151515151515152,9.25925925925926,0.12916666666666668
5.0,8.75,20.0,14.0,15.0,15.0,135.0,135.0,4.0,4.714285714285714,6.0,5.0,0.5,1.0357142857142858,2.75,2.5,1,1.0,1,1.0,0,0.0,0,0.0,0,0.0,4,4.0,12,12.0,2021,1,22,4,22,1,0,0.4999999999999999,0.8660254037844387,15.0,11.375,0,1.625,2.25,4.0,12.0,0,2021-01-22,,,,,,,,,,,,0,,55.0,41.25,12,20.0,19.95,0.13095238095238096,20.0,20.0,20.0,2.75,2.75,2.75,3.0,3.0,18.0,25.0,25.0,40.0,20.0,20.0,2.75,2.75,6.0,7.285714285714286,21.666666666666668,25.714285714285715,9.0,0.0,-1.2857142857142856,0.15151515151515152,9.25925925925926,0.12916666666666668
5.0,8.75,20.0,14.0,25.0,22.5,90.0,90.0,4.0,4.714285714285714,6.0,5.0,0.5,1.0357142857142858,2.75,2.5,1,1.0,0,0.0,0,0.0,0,0.0,1,1.0,1,1.0,3,3.0,2021,1,23,5,23,1,1,0.4999999999999999,0.8660254037844387,15.0,11.375,0,1.625,2.25,2.0,3.0,1,2021-01-23,,,,,,,,,,,,0,,55.0,68.75,3,20.0,19.95,0.13095238095238096,20.0,20.0,20.0,2.75,2.75,2.75,12.0,3.0,3.0,15.0,25.0,25.0,20.0,20.0,2.75,2.75,6.0,7.285714285714286,21.666666666666668,25.714285714285715,-9.0,0.0,-1.2857142857142856,0.15151515151515152,9.25925925925926,0.12916666666666668
5.0,8.75,20.0,14.0,25.0,22.5,90.0,90.0,4.0,4.0,5.0,5.0,0.5,0.5,2.5,2.5,1,1.0,0,0.0,0,0.0,0,0.0,0,0.0,2,2.0,26,26.0,2021,2,8,0,39,1,0,0.8660254037844386,0.5000000000000001,15.0,11.375,0,1.5,2.0,2.0,26.0,0,2021-02-08,,,,,,,,,,,,0,,50.0,62.5,26,20.0,18.7,0.11904761904761904,20.0,20.0,20.0,2.75,2.75,2.75,3.0,12.0,3.0,25.0,15.0,25.0,20.0,20.0,2.6666666666666665,2.7142857142857144,13.666666666666666,10.571428571428571,21.666666666666668,25.714285714285715,23.0,0.0,3.095238095238095,0.15151515151515152,15.384615384615385,0.12916666666666668
5.0,8.75,20.0,14.0,25.0,22.5,90.0,90.0,4.0,4.714285714285714,6.0,5.0,0.5,1.0357142857142858,2.75,2.5,1,1.0,1,1.0,0,0.0,0,0.0,0,0.0,4,4.0,12,12.0,2021,2,9,1,40,1,0,0.8660254037844386,0.5000000000000001,15.0,11.375,0,1.625,2.25,4.0,12.0,0,2021-02-09,,,,,,,,,,,,0,,55.0,68.75,12,20.0,19.95,0.13095238095238096,20.0,20.0,20.0,2.5,2.75,2.75,26.0,3.0,12.0,25.0,25.0,15.0,20.0,20.0,2.6666666666666665,2.7142857142857144,13.666666666666666,11.0,25.0,25.714285714285715,-14.0,0.0,2.666666666666666,0.15151515151515152,15.384615384615385,0.12916666666666668
5.0,8.75,20.0,14.0,25.0,22.5,180.0,180.0,4.0,4.714285714285714,6.0,5.0,0.5,1.0357142857142858,2.75,2.5,1,1.0,0,0.0,0,0.0,0,0.0,0,0.0,1,1.0,3,3.0,2021,2,11,3,42,1,0,0.8660254037844386,0.5000000000000001,15.0,11.375,0,1.625,2.25,2.0,3.0,0,2021-02-11,,,,,,,,,,,,0,,55.0,68.75,3,20.0,19.95,0.13095238095238096,20.0,20.0,20.0,2.75,2.5,2.75,12.0,26.0,3.0,25.0,25.0,25.0,20.0,20.0,2.6666666666666665,2.7142857142857144,13.666666666666666,8.857142857142858,25.0,23.571428571428573,-9.0,0.0,4.809523809523808,0.15151515151515152,15.384615384615385,0.12916666666666668
5.0,8.75,20.0,14.0,15.0,15.0,135.0,135.0,4.0,4.714285714285714,6.0,5.0,0.5,1.0357142857142858,2.75,2.5,0,0.0,0,0.0,0,0.0,0,0.0,1,1.0,0,0.0,0,0.0,2021,2,12,4,43,1,0,0.8660254037844386,0.5000000000000001,15.0,11.375,0,1.625,2.25,0.0,0.0,0,2021-02-12,,,,,,,,,,,,0,,55.0,41.25,0,0.0,19.75,0.13095238095238096,20.0,20.0,20.0,2.75,2.75,2.5,3.0,12.0,26.0,25.0,25.0,25.0,20.0,20.0,2.75,2.7142857142857144,5.0,8.428571428571429,21.666666666666668,22.142857142857142,-3.0,0.0,-3.428571428571429,0.15151515151515152,15.384615384615385,0.12916666666666668
5.0,8.75,20.0,14.0,25.0,22.5,180.0,180.0,5.0,5.0,5.0,5.0,1.25,1.25,2.5,2.5,1,1.0,0,0.0,0,0.0,0,0.0,0,0.0,2,2.0,26,26.0,2021,2,13,5,44,1,1,0.8660254037844386,0.5000000000000001,15.0,11.375,0,1.875,1.25,2.0,26.0,0,2021-02-13,,,,,,,,,,,,0,,50.0,62.5,26,20.0,18.7,0.11904761904761904,20.0,20.0,20.0,2.75,2.75,2.75,0.0,3.0,12.0,15.0,25.0,25.0,20.0,20.0,2.6666666666666665,2.6785714285714284,9.666666666666666,11.714285714285714,21.666666666666668,22.142857142857142,26.0,0.0,-2.0476190476190474,0.15151515151515152,15.384615384615385,0.12916666666666668
5.0,8.75,20.0,14.0,25.0,22.5,180.0,180.0,5.0,5.0,5.0,5.0,1.25,1.25,2.5,2.5,1,1.0,0,0.0,0,0.0,0,0.0,0,0.0,1,1.0,23,23.0,2021,2,14,6,45,1,1,0.8660254037844386,0.5000000000000001,15.0,11.375,0,1.875,1.25,2.0,23.0,0,2021-02-14,,,,,,,,,,,,0,,50.0,62.5,23,20.0,18.7,0.11904761904761904,20.0,20.0,20.0,2.5,2.75,2.75,26.0,0.0,3.0,25.0,15.0,25.0,20.0,20.0,2.5833333333333335,2.642857142857143,16.333333333333332,13.285714285714286,21.666666666666668,23.571428571428573,-3.0,0.0,3.0476190476190457,0.15151515151515152,15.384615384615385,0.12916666666666668
5.0,8.75,20.0,14.0,25.0,22.5,90.0,90.0,5.0,5.0,5.0,5.0,1.25,1.25,2.5,2.5,1,1.0,0,0.0,0,0.0,0,0.0,0,0.0,1,1.0,23,23.0,2021,2,15,0,46,1,0,0.8660254037844386,0.5000000000000001,15.0,11.375,0,1.875,1.25,2.0,23.0,0,2021-02-15,,,,,,,,,,,,0,,50.0,62.5,23,20.0,18.7,0.11904761904761904,20.0,20.0,20.0,2.5,2.5,2.75,23.0,26.0,0.0,25.0,25.0,15.0,20.0,20.0,2.5,2.607142857142857,24.0,16.142857142857142,25.0,23.571428571428573,0.0,0.0,7.857142857142858,0.15151515151515152,15.384615384615385,0.12916666666666668
5.0,8.75,20.0,14.0,25.0,22.5,90.0,90.0,4.0,4.714285714285714,6.0,5.0,0.5,1.0357142857142858,2.75,2.5,0,0.0,0,0.0,0,0.0,0,0.0,1,1.0,0,0.0,0,0.0,2021,2,16,1,47,1,0,0.8660254037844386,0.5000000000000001,15.0,11.375,0,1.625,2.25,0.0,0.0,0,2021-02-16,,,,,,,,,,,,0,,55.0,68.75,0,0.0,19.75,0.13095238095238096,20.0,20.0,20.0,2.5,2.5,2.5,23.0,23.0,26.0,25.0,25.0,25.0,20.0,20.0,2.5833333333333335,2.642857142857143,15.333333333333334,12.428571428571429,25.0,23.571428571428573,-23.0,0.0,2.904761904761905,0.15151515151515152,15.384615384615385,0.12916666666666668
5.0,8.75,20.0,14.0,25.0,22.5,90.0,90.0,4.0,4.714285714285714,6.0,5.0,0.5,1.0357142857142858,2.75,2.5,1,1.0,0,0.0,0,0.0,0,0.0,0,0.0,1,1.0,3,3.0,2021,2,17,2,48,1,0,0.8660254037844386,0.5000000000000001,15.0,11.375,0,1.625,2.25,2.0,3.0,0,2021-02-17,,,,,,,,,,,,0,,55.0,68.75,3,20.0,19.95,0.13095238095238096,20.0,20.0,20.0,2.75,2.5,2.5,0.0,23.0,23.0,25.0,25.0,25.0,20.0,20.0,2.6666666666666665,2.642857142857143,8.666666666666666,11.142857142857142,25.0,23.571428571428573,3.0,0.0,-2.4761904761904763,0.15151515151515152,15.384615384615385,0.12916666666666668
5.0,8.75,20.0,14.0,25.0,22.5,90.0,90.0,4.0,4.714285714285714,6.0,5.0,0.5,1.0357142857142858,2.75,2.5,1,1.0,0,0.0,0,0.0,0,0.0,0,0.0,1,1.0,3,3.0,2021,2,18,3,49,1,0,0.8660254037844386,0.5000000000000001,15.0,11.375,0,1.625,2.25,2.0,3.0,1,2021-02-18,,,,,,,,,,,,0,,55.0,68.75,3,20.0,19.95,0.13095238095238096,20.0,20.0,20.0,2.75,2.75,2.5,3.0,0.0,23.0,25.0,25.0,25.0,20.0,20.0,2.75,2.642857142857143,2.0,11.142857142857142,25.0,23.571428571428573,0.0,0.0,-9.142857142857142,0.15151515151515152,15.384615384615385,0.12916666666666668
5.0,8.75,20.0,14.0,20.0,20.0,135.0,135.0,5.0,5.0,5.0,5.0,1.25,1.25,2.5,2.5,0,0.0,0,0.0,0,0.0,0,0.0,0,0.0,0,0.0,20,20.0,2021,6,4,4,155,0,0,1.2246467991473532e-16,-1.0,15.0,11.375,0,1.875,1.25,0.0,20.0,1,2021-06-04,,,,,,,,,,,,0,,50.0,50.0,0,0.0,18.5,0.11904761904761904,20.0,20.0,20.0,2.75,2.75,2.75,3.0,3.0,0.0,25.0,25.0,25.0,20.0,20.0,2.6666666666666665,2.607142857142857,8.666666666666666,14.0,23.333333333333332,24.285714285714285,17.0,0.0,-5.333333333333334,0.15151515151515152,10.714285714285714,0.1858974358974359
5.0,8.75,20.0,14.0,25.0,22.5,180.0,180.0,4.0,4.714285714285714,6.0,5.0,0.5,1.0357142857142858,2.75,2.5,0,0.0,0,0.0,0,0.0,1,1.0,0,0.0,0,0.0,0,0.0,2021,6,9,2,160,0,0,1.2246467991473532e-16,-1.0,15.0,11.375,0,1.625,2.25,0.0,0.0,0,2021-06-09,,,,,,,,,,,,0,,55.0,68.75,0,0.0,19.75,0.13095238095238096,20.0,20.0,20.0,2.5,2.75,2.75,20.0,3.0,3.0,20.0,25.0,25.0,20.0,20.0,2.6666666666666665,2.642857142857143,7.666666666666667,10.285714285714286,23.333333333333332,24.285714285714285,-20.0,0.0,-2.6190476190476195,0.15151515151515152,10.714285714285714,0.1858974358974359
5.0,8.75,20.0,14.0,25.0,22.5,180.0,180.0,4.0,4.714285714285714,6.0,5.0,0.5,1.0357142857142858,2.75,2.5,1,1.0,0,0.0,0,0.0,1,1.0,0,0.0,2,2.0,6,6.0,2021,6,10,3,161,0,0,1.2246467991473532e-16,-1.0,15.0,11.375,0,1.625,2.25,2.0,6.0,0,2021-06-10,,,,,,,,,,,,0,,55.0,68.75,0,20.0,19.95,0.13095238095238096,20.0,20.0,20.0,2.75,2.5,2.75,0.0,20.0,3.0,25.0,20.0,25.0,20.0,20.0,2.6666666666666665,2.6785714285714284,8.666666666666666,7.857142857142857,23.333333333333332,24.285714285714285,6.0,0.0,0.8095238095238093,0.15151515151515152,10.714285714285714,0.1858974358974359
5.0,8.75,20.0,14.0,25.0,22.5,180.0,180.0,4.0,4.714285714285714,6.0,5.0,0.5,1.0357142857142858,2.75,2.5,1,1.0,0,0.0,0,0.0,1,1.0,0,0.0,1,1.0,3,3.0,2021,6,11,4,162,0,0,1.2246467991473532e-16,-1.0,15.0,11.375,0,1.625,2.25,2.0,3.0,0,2021-06-11,,,,,,,,,,,,0,,55.0,68.75,0,20.0,19.95,0.13095238095238096,20.0,20.0,20.0,2.75,2.75,2.5,6.0,0.0,20.0,25.0,25.0,20.0,20.0,20.0,2.75,2.7142857142857144,3.0,5.0,25.0,24.285714285714285,-3.0,0.0,-2.0,0.15151515151515152,10.714285714285714,0.1858974358974359
5.0,8.75,20.0,14.0,25.0,22.5,180.0,180.0,4.0,4.714285714285714,6.0,5.0,0.5,1.0357142857142858,2.75,2.5,1,1.0,0,0.0,0,0.0,0,0.0,0,0.0,2,2.0,6,6.0,2021,6,12,5,163,0,1,1.2246467991473532e-16,-1.0,15.0,11.375,0,1.625,2.25,2.0,6.0,0,2021-06-12,,,,,,,,,,,,0,,55.0,68.75,0,20.0,19.95,0.13095238095238096,20.0,20.0,20.0,2.75,2.75,2.75,3.0,6.0,0.0,25.0,25.0,25.0,20.0,20.0,2.75,2.7142857142857144,5.0,5.857142857142857,25.0,24.285714285714285,3.0,0.0,-0.8571428571428568,0.15151515151515152,10.714285714285714,0.1858974358974359
5.0,8.75,20.0,14.0,15.0,15.0,135.0,135.0,5.0,5.0,5.0,5.0,1.25,1.25,2.5,2.5,1,1.0,0,0.0,0,0.0,0,0.0,1,1.0,2,2.0,26,26.0,2021,6,13,6,164,0,1,1.2246467991473532e-16,-1.0,15.0,11.375,0,1.875,1.25,2.0,26.0,0,2021-06-13,,,,,,,,,,,,0,,50.0,37.5,0,20.0,18.7,0.11904761904761904,20.0,20.0,20.0,2.75,2.75,2.75,6.0,3.0,6.0,25.0,25.0,25.0,20.0,20.0,2.6666666666666665,2.6785714285714284,11.666666666666666,9.142857142857142,21.666666666666668,22.857142857142858,20.0,0.0,2.5238095238095237,0.15151515151515152,10.714285714285714,0.1858974358974359
5.0,8.75,20.0,14.0,25.0,22.5,180.0,180.0,5.0,5.0,5.0,5.0,1.25,1.25,2.5,2.5,1,1.0,0,0.0,0,0.0,0,0.0,1,1.0,2,2.0,26,26.0,2021,6,18,4,169,0,0,1.2246467991473532e-16,-1.0,15.0,11.375,0,1.875,1.25,2.0,26.0,0,2021-06-18,,,,,,,,,,,,0,,50.0,62.5,0,20.0,18.7,0.11904761904761904,20.0,20.0,20.0,2.5,2.75,2.75,26.0,6.0,3.0,15.0,25.0,25.0,20.0,20.0,2.5833333333333335,2.642857142857143,19.333333333333332,12.428571428571429,21.666666666666668,22.857142857142858,0.0,0.0,6.904761904761903,0.15151515151515152,10.714285714285714,0.1858974358974359
5.0,8.75,20.0,14.0,25.0,22.5,180.0,180.0,4.0,4.714285714285714,6.0,5.0,0.5,1.0357142857142858,2.75,2.5,1,1.0,0,0.0,0,0.0,0,0.0,0,0.0,2,2.0,6,6.0,2021,6,19,5,170,0,1,1.2246467991473532e-16,-1.0,15.0,11.375,0,1.625,2.25,2.0,6.0,0,2021-06-19,,,,,,,,,,,,0,,55.0,68.75,0,20.0,19.95,0.13095238095238096,20.0,20.0,20.0,2.5,2.5,2.75,26.0,26.0,6.0,25.0,15.0,25.0,20.0,20.0,2.5833333333333335,2.6785714285714284,19.333333333333332,10.428571428571429,21.666666666666668,23.571428571428573,-20.0,0.0,8.904761904761903,0.15151515151515152,10.714285714285714,0.1858974358974359
5.0,8.75,20.0,14.0,25.0,22.5,180.0,180.0,4.0,4.714285714285714,6.0,5.0,0.5,1.0357142857142858,2.75,2.5,1,1.0,0,0.0,0,0.0,0,0.0,1,1.0,2,2.0,6,6.0,2021,6,20,6,171,0,1,1.2246467991473532e-16,-1.0,15.0,11.375,0,1.625,2.25,2.0,6.0,0,2021-06-20,,,,,,,,,,,,0,,55.0,68.75,0,20.0,19.95,0.13095238095238096,20.0,20.0,20.0,2.75,2.5,2.5,6.0,26.0,26.0,25.0,25.0,15.0,20.0,20.0,2.6666666666666665,2.6785714285714284,12.666666666666666,11.285714285714286,25.0,23.571428571428573,0.0,0.0,1.3809523809523796,0.15151515151515152,10.714285714285714,0.1858974358974359
5.0,8.75,20.0,14.0,25.0,22.5,180.0,180.0,4.0,4.714285714285714,6.0,5.0,0.5,1.0357142857142858,2.75,2.5,1,1.0,0,0.0,0,0.0,0,0.0,0,0.0,2,2.0,6,6.0,2021,6,21,0,172,0,0,1.2246467991473532e-16,-1.0,15.0,11.375,0,1.625,2.25,2.0,6.0,0,2021-06-21,,,,,,,,,,,,0,,55.0,68.75,0,20.0,19.95,0.13095238095238096,20.0,20.0,20.0,2.75,2.75,2.5,6.0,6.0,26.0,25.0,25.0,25.0,20.0,20.0,2.75,2.6785714285714284,6.0,11.285714285714286,25.0,23.571428571428573,0.0,0.0,-5.2857142857142865,0.15151515151515152,10.714285714285714,0.1858974358974359
5.0,8.75,20.0,14.0,25.0,22.5,180.0,180.0,5.0,5.0,6.0,6.0,1.25,1.25,4.0,4.0,1,1.0,0,0.0,0,0.0,0,0.0,1,1.0,2,2.0,31,31.0,2021,6,23,2,174,0,0,1.2246467991473532e-16,-1.0,15.0,11.375,0,2.625,2.75,2.0,31.0,0,2021-06-23,,,,,,,,,,,,0,,80.0,100.0,0,20.0,26.2,0.19047619047619047,20.0,20.0,20.0,2.75,2.75,2.75,6.0,6.0,6.0,25.0,25.0,25.0,20.0,20.0,3.1666666666666665,2.857142857142857,14.333333333333334,15.285714285714286,25.0,23.571428571428573,25.0,0.0,-0.9523809523809526,0.15151515151515152,10.714285714285714,0.1858974358974359
5.0,8.75,20.0,14.0,25.0,22.5,180.0,180.0,5.0,5.0,5.0,5.0,1.25,1.25,2.5,2.5,1,1.0,0,0.0,0,0.0,0,0.0,1,1.0,2,2.0,26,26.0,2021,6,24,3,175,0,0,1.2246467991473532e-16,-1.0,15.0,11.375,0,1.875,1.25,2.0,26.0,1,2021-06-24,,,,,,,,,,,,0,,50.0,62.5,0,20.0,18.7,0.11904761904761904,20.0,20.0,20.0,4.0,2.75,2.75,31.0,6.0,6.0,25.0,25.0,25.0,20.0,20.0,3.0833333333333335,2.8214285714285716,21.0,18.142857142857142,25.0,23.571428571428573,-5.0,0.0,2.8571428571428577,0.15151515151515152,10.714285714285714,0.1858974358974359
5.0,8.75,20.0,14.0,25.0,22.5,180.0,180.0,4.0,4.714285714285714,6.0,5.0,0.5,1.0357142857142858,2.75,2.5,1,1.0,0,0.0,0,0.0,0,0.0,0,0.0,1,1.0,3,3.0,2021,6,25,4,176,0,0,1.2246467991473532e-16,-1.0,15.0,11.375,0,1.625,2.25,2.0,3.0,0,2021-06-25,,,,,,,,,,,,0,,55.0,68.75,0,20.0,19.95,0.13095238095238096,20.0,20.0,20.0,2.5,4.0,2.75,26.0,31.0,6.0,25.0,25.0,25.0,20.0,20.0,3.0833333333333335,2.857142857142857,20.0,14.857142857142858,25.0,25.0,-23.0,0.0,5.142857142857142,0.15151515151515152,10.714285714285714,0.1858974358974359
5.0,8.75,20.0,14.0,30.0,30.0,135.0,135.0,4.0,4.714285714285714,6.0,5.0,0.5,1.0357142857142858,2.75,2.5,1,1.0,0,0.0,0,0.0,0,0.0,1,1.0,1,1.0,13,13.0,2021,6,28,0,179,0,0,1.2246467991473532e-16,-1.0,15.0,11.375,1,1.625,2.25,2.0,13.0,0,2021-06-28,,,,,,,,,,,,0,,55.0,82.5,0,20.0,19.95,0.13095238095238096,20.0,20.0,20.0,2.75,2.5,4.0,3.0,26.0,31.0,25.0,25.0,25.0,20.0,20.0,2.6666666666666665,2.892857142857143,14.0,13.0,26.666666666666668,25.714285714285715,10.0,0.0,1.0,0.15151515151515152,10.714285714285714,0.1858974358974359
5.0,8.75,20.0,14.0,25.0,25.0,135.0,135.0,5.0,5.0,6.0,6.0,1.25,1.25,4.0,4.0,1,1.0,0,0.0,0,0.0,0,0.0,1,1.0,2,2.0,36,36.0,2021,6,30,2,181,0,0,1.2246467991473532e-16,-1.0,15.0,11.375,0,2.625,2.75,2.0,36.0,0,2021-06-30,,,,,,,,,,,,0,,80.0,100.0,0,20.0,26.2,0.19047619047619047,20.0,20.0,20.0,2.75,2.75,2.5,13.0,3.0,26.0,30.0,25.0,25.0,20.0,20.0,3.1666666666666665,3.0714285714285716,17.333333333333332,17.285714285714285,26.666666666666668,25.714285714285715,23.0,0.0,0.04761904761904745,0.15151515151515152,10.714285714285714,0.1858974358974359
5.0,8.75,20.0,14.0,25.0,25.0,135.0,135.0,5.0,5.0,5.0,5.0,1.25,1.25,2.4,2.4,0,0.0,0,0.0,0,0.0,1,1.0,1,1.0,0,0.0,25,25.0,2021,7,6,1,187,0,0,-0.4999999999999997,-0.8660254037844388,15.0,11.375,0,1.825,1.15,0.0,25.0,0,2021-07-06,,,,,,,,,,,,0,,48.0,60.0,0,0.0,18.0,0.11428571428571428,20.0,20.0,20.0,4.0,2.75,2.75,36.0,13.0,3.0,25.0,30.0,25.0,20.0,20.0,3.0500000000000003,3.0214285714285714,24.666666666666668,20.0,26.666666666666668,25.714285714285715,-11.0,0.0,4.666666666666668,0.15151515151515152,20.833333333333336,0.1858974358974359
5.0,8.75,20.0,14.0,25.0,25.0,135.0,135.0,5.0,5.0,5.0,5.0,1.25,1.25,2.4,2.4,0,0.0,0,0.0,0,0.0,1,1.0,1,1.0,0,0.0,25,25.0,2021,7,7,2,188,0,0,-0.4999999999999997,-0.8660254037844388,15.0,11.375,0,1.825,1.15,0.0,25.0,0,2021-07-07,,,,,,,,,,,,0,,48.0,60.0,0,0.0,18.0,0.11428571428571428,20.0,20.0,20.0,2.4,4.0,2.75,25.0,36.0,13.0,25.0,25.0,30.0,20.0,20.0,2.9333333333333336,2.971428571428571,28.666666666666668,22.714285714285715,25.0,25.714285714285715,0.0,0.0,5.9523809523809526,0.15151515151515152,20.833333333333336,0.1858974358974359
5.0,8.75,20.0,14.0,25.0,25.0,135.0,135.0,5.0,5.0,5.0,5.0,1.25,1.25,2.4,2.4,0,0.0,0,0.0,0,0.0,1,1.0,1,1.0,0,0.0,25,25.0,2021,7,8,3,189,0,0,-0.4999999999999997,-0.8660254037844388,15.0,11.375,0,1.825,1.15,0.0,25.0,0,2021-07-08,,,,,,,,,,,,0,,48.0,60.0,0,0.0,18.0,0.11428571428571428,20.0,20.0,20.0,2.4,2.4,4.0,25.0,25.0,36.0,25.0,25.0,25.0,20.0,20.0,2.4,2.742857142857143,25.0,21.857142857142858,25.0,25.714285714285715,0.0,0.0,3.1428571428571423,0.15151515151515152,20.833333333333336,0.1858974358974359
5.0,8.75,20.0,14.0,25.0,22.5,135.0,135.0,6.0,6.0,6.0,6.0,2.5,2.5,4.0,4.0,1,1.0,0,0.0,0,0.0,0,0.0,0,0.0,2,2.0,31,31.0,2021,7,9,4,190,0,0,-0.4999999999999997,-0.8660254037844388,15.0,11.375,0,3.25,1.5,2.0,31.0,0,2021-07-09,,,,,,,,,,,,0,,80.0,100.0,0,20.0,26.2,0.19047619047619047,20.0,20.0,20.0,2.4,2.4,2.4,25.0,25.0,25.0,25.0,25.0,25.0,20.0,20.0,2.933333333333333,2.957142857142857,27.0,22.571428571428573,25.0,25.714285714285715,6.0,0.0,4.428571428571427,0.15151515151515152,20.833333333333336,0.1858974358974359
5.0,8.75,20.0,14.0,30.0,30.0,135.0,135.0,6.0,6.0,6.0,6.0,2.5,2.5,4.0,4.0,1,1.0,0,0.0,0,0.0,0,0.0,1,1.0,2,2.0,41,41.0,2021,7,13,1,194,0,0,-0.4999999999999997,-0.8660254037844388,15.0,11.375,1,3.25,1.5,2.0,41.0,0,2021-07-13,,,,,,,,,,,,0,,80.0,120.0,0,20.0,26.2,0.19047619047619047,20.0,20.0,20.0,4.0,2.4,2.4,31.0,25.0,25.0,25.0,25.0,25.0,20.0,20.0,3.4666666666666663,3.1357142857142857,32.333333333333336,28.0,26.666666666666668,26.428571428571427,10.0,0.0,4.333333333333336,0.15151515151515152,20.833333333333336,0.1858974358974359
5.0,8.75,20.0,14.0,25.0,25.0,135.0,135.0,6.0,6.0,6.0,6.0,2.5,2.5,4.0,4.0,1,1.0,0,0.0,0,0.0,0,0.0,1,1.0,2,2.0,36,36.0,2021,7,14,2,195,0,0,-0.4999999999999997,-0.8660254037844388,15.0,11.375,0,3.25,1.5,2.0,36.0,1,2021-07-14,,,,,,,,,,,,0,,80.0,100.0,0,20.0,26.2,0.19047619047619047,20.0,20.0,20.0,4.0,4.0,2.4,41.0,31.0,25.0,30.0,25.0,25.0,20.0,20.0,4.0,3.314285714285714,36.0,31.285714285714285,26.666666666666668,25.714285714285715,-5.0,0.0,4.714285714285715,0.15151515151515152,20.833333333333336,0.1858974358974359
5.0,8.75,20.0,14.0,30.0,30.0,135.0,135.0,4.0,4.714285714285714,6.0,5.0,0.5,1.0357142857142858,2.75,2.5,1,1.0,0,0.0,0,0.0,0,0.0,0,0.0,2,2.0,16,16.0,2021,7,16,4,197,0,0,-0.4999999999999997,-0.8660254037844388,15.0,11.375,1,1.625,2.25,2.0,16.0,0,2021-07-16,,,,,,,,,,,,0,,55.0,82.5,0,20.0,19.95,0.13095238095238096,20.0,20.0,20.0,4.0,4.0,4.0,36.0,41.0,31.0,25.0,30.0,25.0,20.0,20.0,3.5833333333333335,3.1357142857142857,31.0,28.428571428571427,28.333333333333332,26.428571428571427,-20.0,0.0,2.571428571428573,0.15151515151515152,20.833333333333336,0.1858974358974359
5.0,8.75,20.0,14.0,25.0,22.5,180.0,180.0,4.0,4.714285714285714,6.0,5.0,0.5,1.0357142857142858,2.75,2.5,1,1.0,0,0.0,0,0.0,0,0.0,0,0.0,1,1.0,3,3.0,2021,7,17,5,198,0,1,-0.4999999999999997,-0.8660254037844388,15.0,11.375,0,1.625,2.25,2.0,3.0,0,2021-07-17,,,,,,,,,,,,0,,55.0,68.75,0,20.0,19.95,0.13095238095238096,20.0,20.0,20.0,2.75,4.0,4.0,16.0,36.0,41.0,30.0,25.0,30.0,20.0,20.0,3.1666666666666665,3.185714285714286,18.333333333333332,25.285714285714285,26.666666666666668,26.428571428571427,-13.0,0.0,-6.9523809523809526,0.15151515151515152,20.833333333333336,0.1858974358974359
5.0,8.75,20.0,14.0,25.0,25.0,135.0,135.0,4.0,4.714285714285714,6.0,5.0,0.5,1.0357142857142858,2.75,2.5,1,1.0,0,0.0,0,0.0,0,0.0,0,0.0,2,2.0,11,11.0,2021,7,22,3,203,0,0,-0.4999999999999997,-0.8660254037844388,15.0,11.375,0,1.625,2.25,2.0,11.0,0,2021-07-22,,,,,,,,,,,,0,,55.0,68.75,0,20.0,19.95,0.13095238095238096,20.0,20.0,20.0,2.75,2.75,4.0,3.0,16.0,36.0,25.0,30.0,25.0,20.0,20.0,2.75,3.2357142857142853,10.0,23.285714285714285,26.666666666666668,26.428571428571427,8.0,0.0,-13.285714285714285,0.15151515151515152,20.833333333333336,0.1858974358974359
5.0,8.75,20.0,14.0,28.0,28.0,135.0,135.0,4.0,4.714285714285714,6.0,5.0,0.5,1.0357142857142858,2.75,2.5,1,1.0,0,0.0,0,0.0,0,0.0,0,0.0,2,2.0,11,11.0,2021,7,23,4,204,0,0,-0.4999999999999997,-0.8660254037844388,15.0,11.375,0,1.625,2.25,2.0,11.0,0,2021-07-23,,,,,,,,,,,,0,,55.0,77.0,0,20.0,19.95,0.13095238095238096,20.0,20.0,20.0,2.75,2.75,2.75,11.0,3.0,16.0,25.0,25.0,30.0,20.0,20.0,2.75,3.2857142857142856,8.333333333333334,21.285714285714285,26.0,26.857142857142858,0.0,0.0,-12.95238095238095,0.15151515151515152,20.833333333333336,0.1858974358974359
5.0,8.75,20.0,14.0,28.0,28.0,135.0,135.0,4.0,4.714285714285714,6.0,5.0,0.5,1.0357142857142858,2.75,2.5,1,1.0,0,0.0,0,0.0,0,0.0,0,0.0,2,2.0,11,11.0,2021,7,24,5,205,0,1,-0.4999999999999997,-0.8660254037844388,15.0,11.375,0,1.625,2.25,2.0,11.0,0,2021-07-24,,,,,,,,,,,,0,,55.0,77.0,0,20.0,19.95,0.13095238095238096,20.0,20.0,20.0,2.75,2.75,2.75,11.0,11.0,3.0,28.0,25.0,25.0,20.0,20.0,2.75,3.107142857142857,11.0,18.428571428571427,27.0,27.285714285714285,0.0,0.0,-7.428571428571427,0.15151515151515152,20.833333333333336,0.1858974358974359
5.0,8.75,20.0,14.0,35.0,35.0,135.0,135.0,4.0,4.714285714285714,6.0,5.0,0.5,1.0357142857142858,2.75,2.5,1,1.0,0,0.0,0,0.0,0,0.0,0,0.0,1,1.0,18,18.0,2021,7,25,6,206,0,1,-0.4999999999999997,-0.8660254037844388,15.0,11.375,1,1.625,2.25,2.0,18.0,0,2021-07-25,,,,,,,,,,,,0,,55.0,96.25,0,20.0,19.95,0.13095238095238096,20.0,20.0,20.0,2.75,2.75,2.75,11.0,11.0,11.0,28.0,28.0,25.0,20.0,20.0,2.75,2.9285714285714284,13.333333333333334,15.142857142857142,30.333333333333332,28.0,7.0,0.0,-1.8095238095238084,0.15151515151515152,20.833333333333336,0.1858974358974359
5.0,8.75,20.0,14.0,25.0,22.5,180.0,180.0,5.0,5.0,6.0,6.0,1.25,1.25,4.0,4.0,1,1.0,0,0.0,0,0.0,0,0.0,1,1.0,2,2.0,31,31.0,2021,8,1,6,213,0,1,-0.8660254037844384,-0.5000000000000004,15.0,11.375,0,2.625,2.75,2.0,31.0,1,2021-08-01,,,,,,,,,,,,0,,80.0,100.0,0,20.0,26.2,0.19047619047619047,20.0,20.0,20.0,2.75,2.75,2.75,18.0,11.0,11.0,35.0,28.0,28.0,20.0,20.0,3.1666666666666665,2.9285714285714284,20.0,14.428571428571429,29.333333333333332,28.0,13.0,0.0,5.571428571428571,0.15151515151515152,20.0,0.1858974358974359
5.0,8.75,20.0,14.0,25.0,22.5,180.0,180.0,5.0,5.0,5.0,5.0,1.25,1.25,2.5,2.5,1,1.0,0,0.0,0,0.0,1,1.0,1,1.0,2,2.0,26,26.0,2021,8,2,0,214,0,0,-0.8660254037844384,-0.5000000000000004,15.0,11.375,0,1.875,1.25,2.0,26.0,0,2021-08-02,,,,,,,,,,,,0,,50.0,62.5,0,20.0,18.7,0.11904761904761904,20.0,20.0,20.0,4.0,2.75,2.75,31.0,18.0,11.0,25.0,35.0,28.0,20.0,20.0,3.0833333333333335,2.892857142857143,25.0,15.857142857142858,28.333333333333332,27.285714285714285,-5.0,0.0,9.142857142857142,0.15151515151515152,20.0,0.1858974358974359
5.0,8.75,20.0,14.0,25.0,22.5,180.0,180.0,5.0,5.0,5.0,5.0,1.25,1.25,2.5,2.5,1,1.0,0,0.0,0,0.0,1,1.0,1,1.0,2,2.0,26,26.0,2021,8,3,1,215,0,0,-0.8660254037844384,-0.5000000000000004,15.0,11.375,0,1.875,1.25,2.0,26.0,0,2021-08-03,,,,,,,,,,,,0,,50.0,62.5,0,20.0,18.7,0.11904761904761904,20.0,20.0,20.0,2.5,4.0,2.75,26.0,31.0,18.0,25.0,25.0,35.0,20.0,20.0,3.0,2.857142857142857,27.666666666666668,19.142857142857142,25.0,27.285714285714285,0.0,0.0,8.523809523809526,0.15151515151515152,20.0,0.1858974358974359
5.0,8.75,20.0,14.0,25.0,22.5,180.0,180.0,5.0,5.0,5.0,5.0,1.25,1.25,2.5,2.5,1,1.0,0,0.0,0,0.0,0,0.0,0,0.0,2,2.0,26,26.0,2021,8,6,4,218,0,0,-0.8660254037844384,-0.5000000000000004,15.0,11.375,0,1.875,1.25,2.0,26.0,0,2021-08-06,,,,,,,,,,,,0,,50.0,62.5,0,20.0,18.7,0.11904761904761904,20.0,20.0,20.0,2.5,2.5,4.0,26.0,26.0,31.0,25.0,25.0,25.0,20.0,20.0,2.5,2.8214285714285716,26.0,21.285714285714285,25.0,27.285714285714285,0.0,0.0,4.714285714285715,0.15151515151515152,20.0,0.1858974358974359
5.0,8.75,20.0,14.0,25.0,25.0,135.0,135.0,5.0,5.0,5.0,5.0,1.25,1.25,2.5,2.5,1,1.0,0,0.0,0,0.0,0,0.0,1,1.0,2,2.0,31,31.0,2021,8,7,5,219,0,1,-0.8660254037844384,-0.5000000000000004,15.0,11.375,0,1.875,1.25,2.0,31.0,0,2021-08-07,,,,,,,,,,,,0,,50.0,62.5,0,20.0,18.7,0.11904761904761904,20.0,20.0,20.0,2.5,2.5,2.5,26.0,26.0,26.0,25.0,25.0,25.0,20.0,20.0,2.5,2.7857142857142856,27.666666666666668,24.142857142857142,25.0,26.857142857142858,5.0,0.0,3.5238095238095255,0.15151515151515152,20.0,0.1858974358974359
5.0,8.75,20.0,14.0,25.0,25.0,135.0,135.0,4.0,4.714285714285714,6.0,5.0,0.5,1.0357142857142858,2.75,2.5,0,0.0,0,0.0,0,0.0,0,0.0,1,1.0,0,0.0,5,5.0,2021,8,9,0,221,0,0,-0.8660254037844384,-0.5000000000000004,15.0,11.375,0,1.625,2.25,0.0,5.0,0,2021-08-09,,,,,,,,,,,,0,,55.0,68.75,0,0.0,19.75,0.13095238095238096,20.0,20.0,20.0,2.5,2.5,2.5,31.0,26.0,26.0,25.0,25.0,25.0,20.0,20.0,2.5833333333333335,2.7857142857142856,20.666666666666668,23.285714285714285,25.0,26.428571428571427,-26.0,0.0,-2.619047619047617,0.15151515151515152,20.0,0.1858974358974359
5.0,8.75,20.0,14.0,25.0,25.0,135.0,135.0,5.0,5.0,5.0,5.0,1.25,1.25,2.5,2.5,1,1.0,0,0.0,0,0.0,0,0.0,1,1.0,2,2.0,31,31.0,2021,8,10,1,222,0,0,-0.8660254037844384,-0.5000000000000004,15.0,11.375,0,1.875,1.25,2.0,31.0,0,2021-08-10,,,,,,,,,,,,0,,50.0,62.5,0,20.0,18.7,0.11904761904761904,20.0,20.0,20.0,2.75,2.5,2.5,5.0,31.0,26.0,25.0,25.0,25.0,20.0,20.0,2.5833333333333335,2.75,22.333333333333332,25.142857142857142,25.0,25.0,26.0,0.0,-2.80952380952381,0.15151515151515152,20.0,0.1858974358974359
5.0,8.75,20.0,14.0,25.0,22.5,180.0,180.0,5.0,5.0,5.0,5.0,1.25,1.25,2.5,2.5,1,1.0,0,0.0,0,0.0,0,0.0,1,1.0,2,2.0,26,26.0,2021,8,11,2,223,0,0,-0.8660254037844384,-0.5000000000000004,15.0,11.375,0,1.875,1.25,2.0,26.0,0,2021-08-11,,,,,,,,,,,,0,,50.0,62.5,0,20.0,18.7,0.11904761904761904,20.0,20.0,20.0,2.5,2.75,2.5,31.0,5.0,31.0,25.0,25.0,25.0,20.0,20.0,2.5833333333333335,2.5357142857142856,20.666666666666668,24.428571428571427,25.0,25.0,-5.0,0.0,-3.761904761904759,0.15151515151515152,20.0,0.1858974358974359
5.0,8.75,20.0,14.0,25.0,22.5,180.0,180.0,5.0,5.0,5.0,5.0,1.25,1.25,2.5,2.5,1,1.0,0,0.0,0,0.0,0,0.0,1,1.0,2,2.0,26,26.0,2021,8,12,3,224,0,0,-0.8660254037844384,-0.5000000000000004,15.0,11.375,0,1.875,1.25,2.0,26.0,0,2021-08-12,,,,,,,,,,,,0,,50.0,62.5,0,20.0,18.7,0.11904761904761904,20.0,20.0,20.0,2.5,2.5,2.75,26.0,31.0,5.0,25.0,25.0,25.0,20.0,20.0,2.5,2.5357142857142856,27.666666666666668,24.428571428571427,25.0,25.0,0.0,0.0,3.238095238095241,0.15151515151515152,20.0,0.1858974358974359
5.0,8.75,20.0,14.0,25.0,25.0,135.0,135.0,5.0,5.0,5.0,5.0,1.25,1.25,2.5,2.5,1,1.0,0,0.0,0,0.0,0,0.0,0,0.0,2,2.0,31,31.0,2021,8,13,4,225,0,0,-0.8660254037844384,-0.5000000000000004,15.0,11.375,0,1.875,1.25,2.0,31.0,0,2021-08-13,,,,,,,,,,,,0,,50.0,62.5,0,20.0,18.7,0.11904761904761904,20.0,20.0,20.0,2.5,2.5,2.5,26.0,26.0,31.0,25.0,25.0,25.0,20.0,20.0,2.5,2.5357142857142856,27.666666666666668,25.142857142857142,25.0,25.0,5.0,0.0,2.5238095238095255,0.15151515151515152,20.0,0.1858974358974359
5.0,8.75,20.0,14.0,30.0,30.0,135.0,135.0,5.0,5.0,5.0,5.0,1.25,1.25,2.5,2.5,1,1.0,0,0.0,0,0.0,0,0.0,0,0.0,2,2.0,36,36.0,2021,8,14,5,226,0,1,-0.8660254037844384,-0.5000000000000004,15.0,11.375,1,1.875,1.25,2.0,36.0,1,2021-08-14,,,,,,,,,,,,0,,50.0,75.0,0,20.0,18.7,0.11904761904761904,20.0,20.0,20.0,2.5,2.5,2.5,31.0,26.0,26.0,25.0,25.0,25.0,20.0,20.0,2.5,2.5357142857142856,31.0,26.571428571428573,26.666666666666668,25.714285714285715,5.0,0.0,4.428571428571427,0.15151515151515152,20.0,0.1858974358974359
5.0,8.75,20.0,14.0,30.0,30.0,135.0,135.0,6.0,6.0,6.0,6.0,2.5,2.5,4.0,4.0,1,1.0,0,0.0,0,0.0,0,0.0,1,1.0,2,2.0,41,41.0,2021,8,17,1,229,0,0,-0.8660254037844384,-0.5000000000000004,15.0,11.375,1,3.25,1.5,2.0,41.0,1,2021-08-17,,,,,,,,,,,,0,,80.0,120.0,0,20.0,26.2,0.19047619047619047,20.0,20.0,20.0,2.5,2.5,2.5,36.0,31.0,26.0,30.0,25.0,25.0,20.0,20.0,3.0,2.75,36.0,28.0,28.333333333333332,26.428571428571427,5.0,0.0,8.0,0.15151515151515152,20.0,0.1858974358974359
5.0,8.75,20.0,14.0,25.0,22.5,135.0,135.0,5.0,5.0,5.0,5.0,1.25,1.25,2.5,2.5,0,0.0,0,0.0,0,0.0,0,0.0,0,0.0,0,0.0,20,20.0,2021,8,19,3,231,0,0,-0.8660254037844384,-0.5000000000000004,15.0,11.375,0,1.875,1.25,0.0,20.0,0,2021-08-19,,,,,,,,,,,,0,,50.0,62.5,0,0.0,18.5,0.11904761904761904,20.0,20.0,20.0,4.0,2.5,2.5,41.0,36.0,31.0,30.0,30.0,25.0,20.0,20.0,3.0,2.7142857142857144,32.333333333333336,30.142857142857142,28.333333333333332,26.428571428571427,-21.0,0.0,2.1904761904761934,0.15151515151515152,20.0,0.1858974358974359
5.0,8.75,20.0,14.0,25.0,25.0,135.0,135.0,5.0,5.0,6.0,6.0,1.25,1.25,4.0,4.0,0,0.0,0,0.0,0,0.0,0,0.0,1,1.0,0,0.0,30,30.0,2021,8,23,0,235,0,0,-0.8660254037844384,-0.5000000000000004,15.0,11.375,0,2.625,2.75,0.0,30.0,0,2021-08-23,,,,,,,,,,,,0,,80.0,100.0,0,0.0,26.0,0.19047619047619047,20.0,20.0,20.0,2.5,4.0,2.5,20.0,41.0,36.0,25.0,30.0,30.0,20.0,20.0,3.5,2.9285714285714284,30.333333333333332,30.0,26.666666666666668,26.428571428571427,10.0,0.0,0.33333333333333215,0.15151515151515152,20.0,0.1858974358974359
5.0,8.75,20.0,14.0,30.0,30.0,135.0,135.0,4.0,4.714285714285714,6.0,5.0,0.5,1.0357142857142858,2.75,2.5,1,1.0,0,0.0,0,0.0,0,0.0,1,1.0,2,2.0,16,16.0,2021,8,24,1,236,0,0,-0.8660254037844384,-0.5000000000000004,15.0,11.375,1,1.625,2.25,2.0,16.0,0,2021-08-24,,,,,,,,,,,,0,,55.0,82.5,0,20.0,19.95,0.13095238095238096,20.0,20.0,20.0,4.0,2.5,4.0,30.0,20.0,41.0,25.0,25.0,30.0,20.0,20.0,3.0833333333333335,2.9642857142857144,22.0,28.571428571428573,26.666666666666668,27.142857142857142,-14.0,0.0,-6.571428571428573,0.15151515151515152,20.0,0.1858974358974359
5.0,8.75,20.0,14.0,30.0,30.0,135.0,135.0,4.0,4.714285714285714,6.0,5.0,0.5,1.0357142857142858,2.75,2.5,1,1.0,0,0.0,0,0.0,0,0.0,1,1.0,2,2.0,16,16.0,2021,8,25,2,237,0,0,-0.8660254037844384,-0.5000000000000004,15.0,11.375,1,1.625,2.25,2.0,16.0,0,2021-08-25,,,,,,,,,,,,0,,55.0,82.5,0,20.0,19.95,0.13095238095238096,20.0,20.0,20.0,2.75,4.0,2.5,16.0,30.0,20.0,30.0,25.0,25.0,20.0,20.0,3.1666666666666665,3.0,20.666666666666668,27.142857142857142,28.333333333333332,27.857142857142858,0.0,0.0,-6.4761904761904745,0.15151515151515152,20.0,0.1858974358974359
5.0,8.75,20.0,14.0,20.0,20.0,90.0,90.0,4.0,4.714285714285714,6.0,5.0,0.5,1.0357142857142858,2.75,2.5,1,1.0,0,0.0,0,0.0,0,0.0,0,0.0,2,2.0,6,6.0,2021,8,30,0,242,0,0,-0.8660254037844384,-0.5000000000000004,15.0,11.375,0,1.625,2.25,2.0,6.0,1,2021-08-30,,,,,,,,,,,,0,,55.0,55.0,0,20.0,19.95,0.13095238095238096,20.0,20.0,20.0,2.75,2.75,4.0,16.0,16.0,30.0,30.0,30.0,25.0,20.0,20.0,2.75,3.0357142857142856,12.666666666666666,23.571428571428573,26.666666666666668,27.142857142857142,-10.0,0.0,-10.904761904761907,0.15151515151515152,20.0,0.1858974358974359
5.0,8.75,20.0,14.0,30.0,30.0,135.0,135.0,4.0,4.714285714285714,6.0,5.0,0.5,1.0357142857142858,2.75,2.5,0,0.0,0,0.0,0,0.0,0,0.0,0,0.0,0,0.0,10,10.0,2021,9,2,3,245,0,0,-1.0,-1.8369701987210294e-16,15.0,11.375,1,1.625,2.25,0.0,10.0,0,2021-09-02,,,,,,,,,,,,0,,55.0,82.5,0,0.0,19.75,0.13095238095238096,20.0,20.0,20.0,2.75,2.75,2.75,6.0,16.0,16.0,20.0,30.0,30.0,20.0,20.0,2.75,3.0714285714285716,10.666666666666666,19.857142857142858,26.666666666666668,27.142857142857142,4.0,0.0,-9.190476190476192,0.15151515151515152,26.47058823529412,0.1858974358974359
5.0,8.75,20.0,14.0,25.0,25.0,135.0,135.0,4.0,4.714285714285714,6.0,5.0,0.5,1.0357142857142858,2.75,2.5,1,1.0,0,0.0,0,0.0,0,0.0,0,0.0,2,2.0,11,11.0,2021,9,3,4,246,0,0,-1.0,-1.8369701987210294e-16,15.0,11.375,0,1.625,2.25,2.0,11.0,1,2021-09-03,,,,,,,,,,,,0,,55.0,68.75,0,20.0,19.95,0.13095238095238096,20.0,20.0,20.0,2.75,2.75,2.75,10.0,6.0,16.0,30.0,20.0,30.0,20.0,20.0,2.75,2.892857142857143,9.0,15.571428571428571,25.0,26.428571428571427,1.0,0.0,-6.571428571428571,0.15151515151515152,26.47058823529412,0.1858974358974359
5.0,8.75,20.0,14.0,28.0,28.0,135.0,135.0,5.0,5.0,6.0,6.0,1.25,1.25,4.0,4.0,0,0.0,0,0.0,0,0.0,1,1.0,1,1.0,0,0.0,30,30.0,2021,9,4,5,247,0,1,-1.0,-1.8369701987210294e-16,15.0,11.375,0,2.625,2.75,0.0,30.0,0,2021-09-04,,,,,,,,,,,,0,,80.0,112.0,0,0.0,26.0,0.19047619047619047,20.0,20.0,20.0,2.75,2.75,2.75,11.0,10.0,6.0,25.0,30.0,20.0,20.0,20.0,3.1666666666666665,3.107142857142857,17.0,17.0,27.666666666666668,26.857142857142858,19.0,0.0,0.0,0.15151515151515152,26.47058823529412,0.1858974358974359
5.0,8.75,20.0,14.0,30.0,30.0,135.0,135.0,4.0,4.714285714285714,6.0,5.0,0.5,1.0357142857142858,2.75,2.5,1,1.0,0,0.0,0,0.0,0,0.0,1,1.0,2,2.0,16,16.0,2021,9,5,6,248,0,1,-1.0,-1.8369701987210294e-16,15.0,11.375,1,1.625,2.25,2.0,16.0,1,2021-09-05,,,,,,,,,,,,0,,55.0,82.5,0,20.0,19.95,0.13095238095238096,20.0,20.0,20.0,4.0,2.75,2.75,30.0,11.0,10.0,28.0,25.0,30.0,20.0,20.0,3.1666666666666665,2.9285714285714284,19.0,15.0,27.666666666666668,27.571428571428573,-14.0,0.0,4.0,0.15151515151515152,26.47058823529412,0.1858974358974359
5.0,8.75,20.0,14.0,30.0,30.0,135.0,135.0,4.0,4.714285714285714,6.0,5.0,0.5,1.0357142857142858,2.75,2.5,1,1.0,0,0.0,0,0.0,0,0.0,0,0.0,2,2.0,16,16.0,2021,9,6,0,249,0,0,-1.0,-1.8369701987210294e-16,15.0,11.375,1,1.625,2.25,2.0,16.0,0,2021-09-06,,,,,,,,,,,,0,,55.0,82.5,0,20.0,19.95,0.13095238095238096,20.0,20.0,20.0,2.75,4.0,2.75,16.0,30.0,11.0,30.0,28.0,25.0,20.0,20.0,3.1666666666666665,2.9285714285714284,20.666666666666668,15.0,29.333333333333332,27.571428571428573,0.0,0.0,5.666666666666668,0.15151515151515152,26.47058823529412,0.1858974358974359
5.0,8.75,20.0,14.0,25.0,25.0,135.0,135.0,5.0,5.0,5.0,5.0,1.25,1.25,2.5,2.5,1,1.0,0,0.0,0,0.0,0,0.0,1,1.0,2,2.0,31,31.0,2021,9,16,3,259,0,0,-1.0,-1.8369701987210294e-16,15.0,11.375,0,1.875,1.25,2.0,31.0,1,2021-09-16,,,,,,,,,,,,0,,50.0,62.5,0,20.0,18.7,0.11904761904761904,20.0,20.0,20.0,2.75,2.75,4.0,16.0,16.0,30.0,30.0,30.0,28.0,20.0,20.0,2.6666666666666665,2.892857142857143,21.0,17.142857142857142,28.333333333333332,26.857142857142858,15.0,0.0,3.8571428571428577,0.15151515151515152,26.47058823529412,0.1858974358974359
5.0,8.75,20.0,14.0,25.0,22.5,135.0,135.0,4.0,4.0,5.0,5.0,0.5,0.5,2.5,2.5,0,0.0,0,0.0,0,0.0,0,0.0,1,1.0,0,0.0,20,20.0,2021,9,18,5,261,0,1,-1.0,-1.8369701987210294e-16,15.0,11.375,0,1.5,2.0,0.0,20.0,0,2021-09-18,,,,,,,,,,,,0,,50.0,62.5,0,0.0,18.5,0.11904761904761904,20.0,20.0,20.0,2.5,2.75,2.75,31.0,16.0,16.0,25.0,30.0,30.0,20.0,20.0,2.5833333333333335,2.857142857142857,22.333333333333332,19.142857142857142,26.666666666666668,27.571428571428573,-11.0,0.0,3.19047619047619,0.15151515151515152,26.47058823529412,0.1858974358974359
5.0,8.75,20.0,14.0,30.0,30.0,135.0,135.0,4.0,4.714285714285714,6.0,5.0,0.5,1.0357142857142858,2.75,2.5,1,1.0,0,0.0,0,0.0,0,0.0,1,1.0,1,1.0,13,13.0,2021,9,20,0,263,0,0,-1.0,-1.8369701987210294e-16,15.0,11.375,1,1.625,2.25,2.0,13.0,1,2021-09-20,,,,,,,,,,,,0,,55.0,82.5,0,20.0,19.95,0.13095238095238096,20.0,20.0,20.0,2.5,2.5,2.75,20.0,31.0,16.0,25.0,25.0,30.0,20.0,20.0,2.5833333333333335,2.857142857142857,21.333333333333332,19.571428571428573,26.666666666666668,27.571428571428573,-7.0,0.0,1.7619047619047592,0.15151515151515152,26.47058823529412,0.1858974358974359
5.0,8.75,20.0,14.0,25.0,22.5,180.0,180.0,5.0,5.0,6.0,6.0,1.25,1.25,4.0,4.0,1,1.0,0,0.0,0,0.0,0,0.0,1,1.0,2,2.0,31,31.0,2021,9,21,1,264,0,0,-1.0,-1.8369701987210294e-16,15.0,11.375,0,2.625,2.75,2.0,31.0,0,2021-09-21,,,,,,,,,,,,0,,80.0,100.0,0,20.0,26.2,0.19047619047619047,20.0,20.0,20.0,2.75,2.5,2.5,13.0,20.0,31.0,30.0,25.0,25.0,20.0,20.0,3.0833333333333335,3.0357142857142856,21.333333333333332,22.428571428571427,26.666666666666668,27.571428571428573,18.0,0.0,-1.095238095238095,0.15151515151515152,26.47058823529412,0.1858974358974359
5.0,8.75,20.0,14.0,30.0,30.0,135.0,135.0,4.0,4.714285714285714,6.0,5.0,0.5,1.0357142857142858,2.75,2.5,1,1.0,0,0.0,0,0.0,0,0.0,0,0.0,2,2.0,16,16.0,2021,9,23,3,266,0,0,-1.0,-1.8369701987210294e-16,15.0,11.375,1,1.625,2.25,2.0,16.0,0,2021-09-23,,,,,,,,,,,,0,,55.0,82.5,0,20.0,19.95,0.13095238095238096,20.0,20.0,20.0,4.0,2.75,2.5,31.0,13.0,20.0,25.0,30.0,25.0,20.0,20.0,3.1666666666666665,2.857142857142857,20.0,20.428571428571427,28.333333333333332,27.857142857142858,-15.0,0.0,-0.42857142857142705,0.15151515151515152,26.47058823529412,0.1858974358974359
5.0,8.75,20.0,14.0,25.0,22.5,180.0,180.0,5.0,5.0,6.0,6.0,1.25,1.25,4.0,4.0,1,1.0,0,0.0,0,0.0,0,0.0,1,1.0,2,2.0,31,31.0,2021,9,24,4,267,0,0,-1.0,-1.8369701987210294e-16,15.0,11.375,0,2.625,2.75,2.0,31.0,1,2021-09-24,,,,,,,,,,,,0,,80.0,100.0,0,20.0,26.2,0.19047619047619047,20.0,20.0,20.0,2.75,4.0,2.75,16.0,31.0,13.0,30.0,25.0,30.0,20.0,20.0,3.5833333333333335,3.0357142857142856,26.0,22.571428571428573,26.666666666666668,27.142857142857142,15.0,0.0,3.428571428571427,0.15151515151515152,26.47058823529412,0.1858974358974359
5.0,8.75,20.0,14.0,30.0,30.0,135.0,135.0,4.0,4.714285714285714,6.0,5.0,0.5,1.0357142857142858,2.75,2.5,1,1.0,0,0.0,0,0.0,0,0.0,1,1.0,2,2.0,16,16.0,2021,9,25,5,268,0,1,-1.0,-1.8369701987210294e-16,15.0,11.375,1,1.625,2.25,2.0,16.0,0,2021-09-25,,,,,,,,,,,,0,,55.0,82.5,0,20.0,19.95,0.13095238095238096,20.0,20.0,20.0,4.0,2.75,4.0,31.0,16.0,31.0,25.0,30.0,25.0,20.0,20.0,3.1666666666666665,3.0357142857142856,21.0,22.571428571428573,28.333333333333332,27.142857142857142,-15.0,0.0,-1.571428571428573,0.15151515151515152,26.47058823529412,0.1858974358974359
5.0,8.75,20.0,14.0,25.0,25.0,135.0,135.0,4.0,4.714285714285714,6.0,5.0,0.5,1.0357142857142858,2.75,2.5,1,1.0,0,0.0,0,0.0,0,0.0,0,0.0,2,2.0,11,11.0,2021,9,29,2,272,0,0,-1.0,-1.8369701987210294e-16,15.0,11.375,0,1.625,2.25,2.0,11.0,0,2021-09-29,,,,,,,,,,,,0,,55.0,68.75,0,20.0,19.95,0.13095238095238096,20.0,20.0,20.0,2.75,4.0,2.75,16.0,31.0,16.0,30.0,25.0,30.0,20.0,20.0,3.1666666666666665,3.0714285714285716,19.333333333333332,19.714285714285715,26.666666666666668,27.142857142857142,-5.0,0.0,-0.38095238095238315,0.15151515151515152,26.47058823529412,0.1858974358974359
5.0,8.75,20.0,14.0,25.0,25.0,135.0,135.0,4.0,4.714285714285714,6.0,5.0,0.5,1.0357142857142858,2.75,2.5,1,1.0,0,0.0,0,0.0,0,0.0,1,1.0,2,2.0,11,11.0,2021,10,1,4,274,0,0,-0.8660254037844386,0.5000000000000001,15.0,11.375,0,1.625,2.25,2.0,11.0,0,2021-10-01,,,,,,,,,,,,0,,55.0,68.75,0,20.0,19.95,0.13095238095238096,20.0,20.0,20.0,2.75,2.75,4.0,11.0,16.0,31.0,25.0,30.0,25.0,20.0,20.0,2.75,3.107142857142857,12.666666666666666,18.428571428571427,26.666666666666668,27.142857142857142,0.0,0.0,-5.761904761904761,0.15151515151515152,19.444444444444446,0.1858974358974359
5.0,8.75,20.0,14.0,25.0,25.0,135.0,135.0,4.0,4.714285714285714,6.0,5.0,0.5,1.0357142857142858,2.75,2.5,1,1.0,0,0.0,0,0.0,0,0.0,1,1.0,2,2.0,11,11.0,2021,10,3,6,276,0,1,-0.8660254037844386,0.5000000000000001,15.0,11.375,0,1.625,2.25,2.0,11.0,1,2021-10-03,,,,,,,,,,,,0,,55.0,68.75,0,20.0,19.95,0.13095238095238096,20.0,20.0,20.0,2.75,2.75,2.75,11.0,11.0,16.0,25.0,25.0,30.0,20.0,20.0,2.75,3.107142857142857,11.0,18.142857142857142,25.0,26.428571428571427,0.0,0.0,-7.142857142857142,0.15151515151515152,19.444444444444446,0.1858974358974359
5.0,8.75,20.0,14.0,25.0,22.5,135.0,135.0,5.0,5.0,5.0,5.0,1.25,1.25,2.5,2.5,1,1.0,0,0.0,0,0.0,0,0.0,0,0.0,2,2.0,26,26.0,2021,10,11,0,284,0,0,-0.8660254037844386,0.5000000000000001,15.0,11.375,0,1.875,1.25,2.0,26.0,0,2021-10-11,,,,,,,,,,,,0,,50.0,62.5,0,20.0,18.7,0.11904761904761904,20.0,20.0,20.0,2.75,2.75,2.75,11.0,11.0,11.0,25.0,25.0,25.0,20.0,20.0,2.6666666666666665,2.892857142857143,16.0,17.428571428571427,25.0,26.428571428571427,15.0,0.0,-1.428571428571427,0.15151515151515152,19.444444444444446,0.1858974358974359
5.0,8.75,20.0,14.0,25.0,22.5,180.0,180.0,5.0,5.0,5.0,5.0,1.25,1.25,2.5,2.5,1,1.0,0,0.0,0,0.0,0,0.0,0,0.0,2,2.0,26,26.0,2021,10,12,1,285,0,0,-0.8660254037844386,0.5000000000000001,15.0,11.375,0,1.875,1.25,2.0,26.0,1,2021-10-12,,,,,,,,,,,,0,,50.0,62.5,0,20.0,18.7,0.11904761904761904,20.0,20.0,20.0,2.5,2.75,2.75,26.0,11.0,11.0,25.0,25.0,25.0,20.0,20.0,2.5833333333333335,2.857142857142857,21.0,18.857142857142858,25.0,25.714285714285715,0.0,0.0,2.1428571428571423,0.15151515151515152,19.444444444444446,0.1858974358974359
5.0,8.75,20.0,14.0,25.0,22.5,180.0,180.0,5.0,5.0,5.0,5.0,1.25,1.25,2.5,2.5,1,1.0,0,0.0,0,0.0,0,0.0,0,0.0,2,2.0,26,26.0,2021,10,13,2,286,0,0,-0.8660254037844386,0.5000000000000001,15.0,11.375,0,1.875,1.25,2.0,26.0,1,2021-10-13,,,,,,,,,,,,0,,50.0,62.5,0,20.0,18.7,0.11904761904761904,20.0,20.0,20.0,2.5,2.5,2.75,26.0,26.0,11.0,25.0,25.0,25.0,20.0,20.0,2.5,2.642857142857143,26.0,18.142857142857142,25.0,25.714285714285715,0.0,0.0,7.857142857142858,0.15151515151515152,19.444444444444446,0.1858974358974359
5.0,8.75,20.0,14.0,20.0,20.0,135.0,135.0,5.0,5.0,5.0,5.0,1.25,1.25,2.5,2.5,1,1.0,0,0.0,0,0.0,0,0.0,1,1.0,2,2.0,26,26.0,2021,10,14,3,287,0,0,-0.8660254037844386,0.5000000000000001,15.0,11.375,0,1.875,1.25,2.0,26.0,1,2021-10-14,,,,,,,,,,,,0,,50.0,50.0,0,20.0,18.7,0.11904761904761904,20.0,20.0,20.0,2.5,2.5,2.5,26.0,26.0,26.0,25.0,25.0,25.0,20.0,20.0,2.5,2.607142857142857,26.0,19.571428571428573,23.333333333333332,24.285714285714285,0.0,0.0,6.428571428571427,0.15151515151515152,19.444444444444446,0.1858974358974359
5.0,8.75,20.0,14.0,30.0,30.0,135.0,135.0,5.0,5.0,6.0,6.0,1.25,1.25,4.0,4.0,1,1.0,0,0.0,0,0.0,0,0.0,1,1.0,2,2.0,41,41.0,2021,10,15,4,288,0,0,-0.8660254037844386,0.5000000000000001,15.0,11.375,1,2.625,2.75,2.0,41.0,0,2021-10-15,,,,,,,,,,,,0,,80.0,120.0,0,20.0,26.2,0.19047619047619047,20.0,20.0,20.0,2.5,2.5,2.5,26.0,26.0,26.0,20.0,25.0,25.0,20.0,20.0,3.0,2.7857142857142856,31.0,23.857142857142858,25.0,25.0,15.0,0.0,7.142857142857142,0.15151515151515152,19.444444444444446,0.1858974358974359
5.0,8.75,20.0,14.0,25.0,22.5,135.0,135.0,5.0,5.0,5.0,5.0,1.25,1.25,2.5,2.5,0,0.0,0,0.0,0,0.0,0,0.0,1,1.0,0,0.0,20,20.0,2021,10,16,5,289,0,1,-0.8660254037844386,0.5000000000000001,15.0,11.375,0,1.875,1.25,0.0,20.0,0,2021-10-16,,,,,,,,,,,,0,,50.0,62.5,0,0.0,18.5,0.11904761904761904,20.0,20.0,20.0,4.0,2.5,2.5,41.0,26.0,26.0,30.0,20.0,25.0,20.0,20.0,3.0,2.75,29.0,25.142857142857142,25.0,25.0,-21.0,0.0,3.8571428571428577,0.15151515151515152,19.444444444444446,0.1858974358974359
5.0,8.75,20.0,14.0,25.0,22.5,90.0,90.0,4.0,4.714285714285714,6.0,5.0,0.5,1.0357142857142858,2.75,2.5,0,0.0,0,0.0,0,0.0,1,1.0,0,0.0,0,0.0,0,0.0,2021,11,2,1,306,1,0,-0.5000000000000004,0.8660254037844384,15.0,11.375,0,1.625,2.25,0.0,0.0,1,2021-11-02,,,,,,,,,,,,0,,55.0,68.75,0,0.0,19.75,0.13095238095238096,20.0,20.0,20.0,2.5,4.0,2.5,20.0,41.0,26.0,25.0,30.0,20.0,20.0,20.0,3.0833333333333335,2.75,20.333333333333332,23.571428571428573,26.666666666666668,25.0,-20.0,0.0,-3.238095238095241,0.15151515151515152,12.76595744680851,0.12916666666666668
5.0,8.75,20.0,14.0,25.0,22.5,90.0,90.0,4.0,4.714285714285714,6.0,5.0,0.5,1.0357142857142858,2.75,2.5,0,0.0,0,0.0,0,0.0,1,1.0,0,0.0,0,0.0,0,0.0,2021,11,3,2,307,1,0,-0.5000000000000004,0.8660254037844384,15.0,11.375,0,1.625,2.25,0.0,0.0,1,2021-11-03,,,,,,,,,,,,0,,55.0,68.75,0,0.0,19.75,0.13095238095238096,20.0,20.0,20.0,2.75,2.5,4.0,0.0,20.0,41.0,25.0,25.0,30.0,20.0,20.0,2.6666666666666665,2.7857142857142856,6.666666666666667,19.857142857142858,25.0,25.0,0.0,0.0,-13.19047619047619,0.15151515151515152,12.76595744680851,0.12916666666666668
5.0,8.75,20.0,14.0,25.0,22.5,180.0,180.0,4.0,4.714285714285714,6.0,5.0,0.5,1.0357142857142858,2.75,2.5,0,0.0,0,0.0,0,0.0,0,0.0,1,1.0,0,0.0,0,0.0,2021,11,5,4,309,1,0,-0.5000000000000004,0.8660254037844384,15.0,11.375,0,1.625,2.25,0.0,0.0,0,2021-11-05,,,,,,,,,,,,0,,55.0,68.75,0,0.0,19.75,0.13095238095238096,20.0,20.0,20.0,2.75,2.75,2.5,0.0,0.0,20.0,25.0,25.0,25.0,20.0,20.0,2.75,2.8214285714285716,0.0,16.142857142857142,25.0,25.0,0.0,0.0,-16.142857142857142,0.15151515151515152,12.76595744680851,0.12916666666666668
5.0,8.75,20.0,14.0,25.0,22.5,135.0,135.0,5.0,5.0,5.0,5.0,1.25,1.25,2.5,2.5,1,1.0,0,0.0,0,0.0,0,0.0,1,1.0,2,2.0,26,26.0,2021,11,7,6,311,1,1,-0.5000000000000004,0.8660254037844384,15.0,11.375,0,1.875,1.25,2.0,26.0,1,2021-11-07,,,,,,,,,,,,0,,50.0,62.5,26,20.0,18.7,0.11904761904761904,20.0,20.0,20.0,2.75,2.75,2.75,0.0,0.0,0.0,25.0,25.0,25.0,20.0,20.0,2.6666666666666665,2.8214285714285716,8.666666666666666,16.142857142857142,25.0,25.0,26.0,0.0,-7.476190476190476,0.15151515151515152,12.76595744680851,0.12916666666666668
5.0,8.75,20.0,14.0,25.0,22.5,90.0,90.0,4.0,4.714285714285714,6.0,5.0,0.5,1.0357142857142858,2.75,2.5,0,0.0,0,0.0,0,0.0,0,0.0,0,0.0,0,0.0,0,0.0,2021,11,11,3,315,1,0,-0.5000000000000004,0.8660254037844384,15.0,11.375,0,1.625,2.25,0.0,0.0,0,2021-11-11,,,,,,,,,,,,0,,55.0,68.75,0,0.0,19.75,0.13095238095238096,20.0,20.0,20.0,2.5,2.75,2.75,26.0,0.0,0.0,25.0,25.0,25.0,20.0,20.0,2.6666666666666665,2.857142857142857,8.666666666666666,12.428571428571429,25.0,25.714285714285715,-26.0,0.0,-3.7619047619047628,0.15151515151515152,12.76595744680851,0.12916666666666668
5.0,8.75,20.0,14.0,20.0,20.0,135.0,135.0,5.0,5.0,5.0,5.0,1.25,1.25,2.5,2.5,0,0.0,0,0.0,0,0.0,0,0.0,1,1.0,0,0.0,20,20.0,2021,11,15,0,319,1,0,-0.5000000000000004,0.8660254037844384,15.0,11.375,0,1.875,1.25,0.0,20.0,0,2021-11-15,,,,,,,,,,,,0,,50.0,50.0,20,0.0,18.5,0.11904761904761904,20.0,20.0,20.0,2.75,2.5,2.75,0.0,26.0,0.0,25.0,25.0,25.0,20.0,20.0,2.5833333333333335,2.642857142857143,15.333333333333334,9.428571428571429,23.333333333333332,24.285714285714285,20.0,0.0,5.904761904761905,0.15151515151515152,12.76595744680851,0.12916666666666668
5.0,8.75,20.0,14.0,20.0,20.0,135.0,135.0,5.0,5.0,5.0,5.0,1.25,1.25,2.5,2.5,0,0.0,0,0.0,0,0.0,0,0.0,1,1.0,0,0.0,20,20.0,2021,11,16,1,320,1,0,-0.5000000000000004,0.8660254037844384,15.0,11.375,0,1.875,1.25,0.0,20.0,0,2021-11-16,,,,,,,,,,,,0,,50.0,50.0,20,0.0,18.5,0.11904761904761904,20.0,20.0,20.0,2.5,2.75,2.5,20.0,0.0,26.0,20.0,25.0,25.0,20.0,20.0,2.5833333333333335,2.642857142857143,13.333333333333334,9.428571428571429,21.666666666666668,23.571428571428573,0.0,0.0,3.904761904761905,0.15151515151515152,12.76595744680851,0.12916666666666668
5.0,8.75,20.0,14.0,25.0,22.5,90.0,90.0,4.0,4.714285714285714,6.0,5.0,0.5,1.0357142857142858,2.75,2.5,0,0.0,0,0.0,0,0.0,0,0.0,0,0.0,0,0.0,0,0.0,2021,11,19,4,323,1,0,-0.5000000000000004,0.8660254037844384,15.0,11.375,0,1.625,2.25,0.0,0.0,0,2021-11-19,,,,,,,,,,,,0,,55.0,68.75,0,0.0,19.75,0.13095238095238096,20.0,20.0,20.0,2.5,2.5,2.75,20.0,20.0,0.0,20.0,20.0,25.0,20.0,20.0,2.5833333333333335,2.642857142857143,13.333333333333334,9.428571428571429,21.666666666666668,23.571428571428573,-20.0,0.0,3.904761904761905,0.15151515151515152,12.76595744680851,0.12916666666666668
5.0,8.75,20.0,14.0,15.0,15.0,135.0,135.0,5.0,5.0,5.0,5.0,1.25,1.25,1.5,1.5,0,0.0,0,0.0,0,0.0,0,0.0,0,0.0,0,0.0,20,20.0,2021,11,21,6,325,1,1,-0.5000000000000004,0.8660254037844384,15.0,11.375,0,1.375,0.25,0.0,20.0,0,2021-11-21,,,,,,,,,,,,0,,30.0,22.5,20,0.0,13.5,0.07142857142857142,20.0,20.0,20.0,2.75,2.5,2.5,0.0,20.0,20.0,25.0,20.0,20.0,20.0,20.0,2.25,2.4642857142857144,13.333333333333334,12.285714285714286,20.0,22.142857142857142,20.0,0.0,1.0476190476190474,0.15151515151515152,12.76595744680851,0.12916666666666668
5.0,8.75,20.0,14.0,25.0,22.5,90.0,90.0,4.0,4.714285714285714,6.0,5.0,0.5,1.0357142857142858,2.75,2.5,1,1.0,0,0.0,0,0.0,0,0.0,0,0.0,2,2.0,6,6.0,2021,11,22,0,326,1,0,-0.5000000000000004,0.8660254037844384,15.0,11.375,0,1.625,2.25,2.0,6.0,0,2021-11-22,,,,,,,,,,,,0,,55.0,68.75,6,20.0,19.95,0.13095238095238096,20.0,20.0,20.0,1.5,2.75,2.5,20.0,0.0,20.0,15.0,25.0,20.0,20.0,20.0,2.3333333333333335,2.4642857142857144,8.666666666666666,13.142857142857142,21.666666666666668,22.142857142857142,-14.0,0.0,-4.476190476190476,0.15151515151515152,12.76595744680851,0.12916666666666668
5.0,8.75,20.0,14.0,15.0,15.0,135.0,135.0,4.0,4.714285714285714,6.0,5.0,0.5,1.0357142857142858,2.75,2.5,0,0.0,0,0.0,0,0.0,0,0.0,0,0.0,0,0.0,0,0.0,2021,11,23,1,327,1,0,-0.5000000000000004,0.8660254037844384,15.0,11.375,0,1.625,2.25,0.0,0.0,0,2021-11-23,,,,,,,,,,,,0,,55.0,41.25,0,0.0,19.75,0.13095238095238096,20.0,20.0,20.0,2.75,1.5,2.75,6.0,20.0,0.0,25.0,15.0,25.0,20.0,20.0,2.3333333333333335,2.5,8.666666666666666,9.428571428571429,18.333333333333332,20.714285714285715,-6.0,0.0,-0.7619047619047628,0.15151515151515152,12.76595744680851,0.12916666666666668
5.0,8.75,20.0,14.0,25.0,22.5,180.0,180.0,4.0,4.0,5.0,5.0,0.5,0.5,1.1,1.1,1,1.0,0,0.0,0,0.0,0,0.0,1,1.0,1,1.0,23,23.0,2021,11,27,5,331,1,1,-0.5000000000000004,0.8660254037844384,15.0,11.375,0,0.8,0.6000000000000001,2.0,23.0,0,2021-11-27,,,,,,,,,,,,0,,22.0,27.500000000000004,23,20.0,11.7,0.05238095238095238,20.0,20.0,20.0,2.75,2.75,1.5,0.0,6.0,20.0,15.0,25.0,15.0,20.0,20.0,2.1999999999999997,2.2642857142857142,9.666666666666666,12.714285714285714,21.666666666666668,20.714285714285715,23.0,0.0,-3.0476190476190474,0.15151515151515152,12.76595744680851,0.12916666666666668
5.0,8.75,20.0,14.0,15.0,15.0,135.0,135.0,4.0,4.0,5.0,5.0,0.5,0.5,1.6,1.6,0,0.0,0,0.0,0,0.0,0,0.0,1,1.0,0,0.0,20,20.0,2021,11,28,6,332,1,1,-0.5000000000000004,0.8660254037844384,15.0,11.375,0,1.05,1.1,0.0,20.0,0,2021-11-28,,,,,,,,,,,,0,,32.0,24.0,20,0.0,14.0,0.0761904761904762,20.0,20.0,20.0,1.1,2.75,2.75,23.0,0.0,6.0,25.0,15.0,25.0,20.0,20.0,1.8166666666666667,2.1357142857142857,14.333333333333334,12.714285714285714,18.333333333333332,20.0,-3.0,0.0,1.6190476190476204,0.15151515151515152,12.76595744680851,0.12916666666666668
5.0,8.75,20.0,14.0,25.0,22.5,180.0,180.0,4.0,4.714285714285714,6.0,5.0,0.5,1.0357142857142858,2.75,2.5,1,1.0,0,0.0,0,0.0,0,0.0,1,1.0,2,2.0,6,6.0,2021,12,1,2,335,1,0,-2.4492935982947064e-16,1.0,15.0,11.375,0,1.625,2.25,2.0,6.0,0,2021-12-01,,,,,,,,,,,,0,,55.0,68.75,6,20.0,19.95,0.13095238095238096,20.0,20.0,20.0,1.6,1.1,2.75,20.0,23.0,0.0,15.0,25.0,15.0,20.0,20.0,1.8166666666666667,2.1714285714285713,16.333333333333332,10.714285714285714,21.666666666666668,20.714285714285715,-14.0,0.0,5.619047619047619,0.15151515151515152,12.857142857142856,0.12916666666666668
5.0,8.75,20.0,14.0,25.0,25.0,135.0,135.0,5.0,5.0,5.0,5.0,1.25,1.25,2.0,2.0,0,0.0,0,0.0,0,0.0,0,0.0,1,1.0,0,0.0,25,25.0,2021,12,6,0,340,1,0,-2.4492935982947064e-16,1.0,15.0,11.375,0,1.625,0.75,0.0,25.0,0,2021-12-06,,,,,,,,,,,,0,,40.0,50.0,25,0.0,16.0,0.09523809523809523,20.0,20.0,20.0,2.75,1.6,1.1,6.0,20.0,23.0,25.0,15.0,25.0,20.0,20.0,2.1166666666666667,2.064285714285714,17.0,14.285714285714286,21.666666666666668,20.714285714285715,19.0,0.0,2.7142857142857135,0.15151515151515152,12.857142857142856,0.12916666666666668
5.0,8.75,20.0,14.0,20.0,20.0,135.0,135.0,5.0,5.0,5.0,5.0,1.25,1.25,2.5,2.5,1,1.0,0,0.0,0,0.0,0,0.0,1,1.0,1,1.0,23,23.0,2021,12,7,1,341,1,0,-2.4492935982947064e-16,1.0,15.0,11.375,0,1.875,1.25,2.0,23.0,1,2021-12-07,,,,,,,,,,,,0,,50.0,50.0,23,20.0,18.7,0.11904761904761904,20.0,20.0,20.0,2.0,2.75,1.6,25.0,6.0,20.0,25.0,25.0,15.0,20.0,20.0,2.4166666666666665,2.207142857142857,18.0,14.714285714285714,23.333333333333332,21.428571428571427,-2.0,0.0,3.2857142857142865,0.15151515151515152,12.857142857142856,0.12916666666666668
5.0,8.75,20.0,14.0,20.0,20.0,135.0,135.0,4.0,4.714285714285714,6.0,5.0,0.5,1.0357142857142858,2.75,2.5,0,0.0,0,0.0,0,0.0,0,0.0,0,0.0,0,0.0,0,0.0,2021,12,11,5,345,1,1,-2.4492935982947064e-16,1.0,15.0,11.375,0,1.625,2.25,0.0,0.0,0,2021-12-11,,,,,,,,,,,,0,,55.0,55.0,0,0.0,19.75,0.13095238095238096,20.0,20.0,20.0,2.5,2.0,2.75,23.0,25.0,6.0,20.0,25.0,25.0,20.0,20.0,2.4166666666666665,2.207142857142857,16.0,13.857142857142858,21.666666666666668,20.714285714285715,-23.0,0.0,2.1428571428571423,0.15151515151515152,12.857142857142856,0.12916666666666668
5.0,8.75,20.0,14.0,20.0,20.0,135.0,135.0,4.0,4.714285714285714,6.0,5.0,0.5,1.0357142857142858,2.75,2.5,0,0.0,0,0.0,0,0.0,0,0.0,0,0.0,0,0.0,0,0.0,2021,12,13,0,347,1,0,-2.4492935982947064e-16,1.0,15.0,11.375,0,1.625,2.25,0.0,0.0,0,2021-12-13,,,,,,,,,,,,0,,55.0,55.0,0,0.0,19.75,0.13095238095238096,20.0,20.0,20.0,2.75,2.5,2.0,0.0,23.0,25.0,20.0,20.0,25.0,20.0,20.0,2.6666666666666665,2.207142857142857,7.666666666666667,13.857142857142858,20.0,21.428571428571427,0.0,0.0,-6.190476190476191,0.15151515151515152,12.857142857142856,0.12916666666666668
5.0,8.75,20.0,14.0,15.0,15.0,135.0,135.0,6.0,6.0,6.0,6.0,2.5,2.5,4.0,4.0,1,1.0,1,1.0,0,0.0,0,0.0,0,0.0,4,4.0,37,37.0,2021,12,16,3,350,1,0,-2.4492935982947064e-16,1.0,15.0,11.375,0,3.25,1.5,4.0,37.0,0,2021-12-16,,,,,,,,,,,,0,,80.0,60.0,37,20.0,26.2,0.19047619047619047,20.0,20.0,20.0,2.75,2.75,2.5,0.0,0.0,23.0,20.0,20.0,20.0,20.0,20.0,3.1666666666666665,2.6214285714285714,12.333333333333334,15.857142857142858,18.333333333333332,20.0,37.0,0.0,-3.5238095238095237,0.15151515151515152,12.857142857142856,0.12916666666666668
5.0,8.75,20.0,14.0,25.0,22.5,90.0,90.0,4.0,4.0,5.0,5.0,0.5,0.5,1.1,1.1,0,0.0,0,0.0,0,0.0,0,0.0,0,0.0,0,0.0,20,20.0,2021,12,17,4,351,1,0,-2.4492935982947064e-16,1.0,15.0,11.375,0,0.8,0.6000000000000001,0.0,20.0,0,2021-12-17,,,,,,,,,,,,0,,22.0,27.500000000000004,20,0.0,11.5,0.05238095238095238,20.0,20.0,20.0,4.0,2.75,2.75,37.0,0.0,0.0,15.0,20.0,20.0,20.0,20.0,2.6166666666666667,2.55,19.0,15.857142857142858,20.0,21.428571428571427,-17.0,0.0,3.1428571428571423,0.15151515151515152,12.857142857142856,0.12916666666666668
5.0,8.75,20.0,14.0,25.0,22.5,180.0,180.0,4.0,4.714285714285714,6.0,5.0,0.5,1.0357142857142858,2.75,2.5,0,0.0,0,0.0,0,0.0,0,0.0,0,0.0,0,0.0,0,0.0,2021,12,29,2,363,1,0,-2.4492935982947064e-16,1.0,15.0,11.375,0,1.625,2.25,0.0,0.0,0,2021-12-29,,,,,,,,,,,,0,,55.0,68.75,0,0.0,19.75,0.13095238095238096,20.0,20.0,20.0,1.1,4.0,2.75,20.0,37.0,0.0,25.0,15.0,20.0,20.0,20.0,2.6166666666666667,2.5500000000000003,19.0,15.0,21.666666666666668,21.428571428571427,-20.0,0.0,4.0,0.15151515151515152,12.857142857142856,0.12916666666666668
5.0,8.75,20.0,14.0,25.0,22.5,180.0,180.0,4.0,4.714285714285714,6.0,5.0,0.5,1.0357142857142858,2.75,2.5,1,1.0,0,0.0,0,0.0,0,0.0,0,0.0,1,1.0,3,3.0,2021,12,30,3,364,1,0,-2.4492935982947064e-16,1.0,15.0,11.375,0,1.625,2.25,2.0,3.0,0,2021-12-30,,,,,,,,,,,,0,,55.0,68.75,3,20.0,19.95,0.13095238095238096,20.0,20.0,20.0,2.75,1.1,4.0,0.0,20.0,37.0,25.0,25.0,15.0,20.0,20.0,2.1999999999999997,2.6571428571428575,7.666666666666667,11.857142857142858,25.0,21.428571428571427,3.0,0.0,-4.190476190476191,0.15151515151515152,12.857142857142856,0.12916666666666668
5.0,8.75,20.0,14.0,15.0,15.0,135.0,135.0,6.0,6.0,6.0,6.0,2.5,2.5,4.0,4.0,1,1.0,1,1.0,0,0.0,0,0.0,0,0.0,4,4.0,37,37.0,2021,12,31,4,365,1,0,-2.4492935982947064e-16,1.0,15.0,11.375,0,3.25,1.5,4.0,37.0,0,2021-12-31,,,,,,,,,,,,0,,80.0,60.0,37,20.0,26.2,0.19047619047619047,20.0,20.0,20.0,2.75,2.75,1.1,3.0,0.0,20.0,25.0,25.0,25.0,20.0,20.0,3.1666666666666665,2.8714285714285714,13.333333333333334,13.857142857142858,21.666666666666668,20.714285714285715,34.0,0.0,-0.5238095238095237,0.15151515151515152,12.857142857142856,0.12916666666666668
5.0,8.75,20.0,14.0,25.0,22.5,180.0,180.0,4.0,4.0,5.0,5.0,0.5,0.5,2.5,2.5,1,1.0,0,0.0,0,0.0,0,0.0,0,0.0,1,1.0,23,23.0,2022,1,3,0,3,1,0,0.4999999999999999,0.8660254037844387,15.0,11.375,0,1.5,2.0,2.0,23.0,0,2022-01-03,,,,,,,,,,,,0,,50.0,62.5,23,20.0,18.7,0.11904761904761904,20.0,20.0,20.0,4.0,2.75,2.75,37.0,3.0,0.0,15.0,25.0,25.0,20.0,20.0,3.0833333333333335,2.835714285714286,21.0,17.142857142857142,21.666666666666668,21.428571428571427,-14.0,0.0,3.8571428571428577,0.15151515151515152,9.25925925925926,0.12916666666666668
5.0,8.75,20.0,14.0,15.0,15.0,135.0,135.0,6.0,6.0,6.0,6.0,2.5,2.5,4.0,4.0,1,1.0,1,1.0,0,0.0,0,0.0,0,0.0,4,4.0,37,37.0,2022,1,4,1,4,1,0,0.4999999999999999,0.8660254037844387,15.0,11.375,0,3.25,1.5,4.0,37.0,1,2022-01-04,,,,,,,,,,,,0,,80.0,60.0,37,20.0,26.2,0.19047619047619047,20.0,20.0,20.0,2.5,4.0,2.75,23.0,37.0,3.0,25.0,15.0,25.0,20.0,20.0,3.5,3.0142857142857147,32.333333333333336,22.428571428571427,18.333333333333332,20.714285714285715,14.0,0.0,9.904761904761909,0.15151515151515152,9.25925925925926,0.12916666666666668
5.0,8.75,20.0,14.0,25.0,22.5,90.0,90.0,6.0,6.0,6.0,6.0,2.5,2.5,4.0,4.0,1,1.0,1,1.0,0,0.0,0,0.0,0,0.0,4,4.0,37,37.0,2022,1,5,2,5,1,0,0.4999999999999999,0.8660254037844387,15.0,11.375,0,3.25,1.5,4.0,37.0,0,2022-01-05,,,,,,,,,,,,0,,80.0,100.0,37,20.0,26.2,0.19047619047619047,20.0,20.0,20.0,4.0,2.5,4.0,37.0,23.0,37.0,15.0,25.0,15.0,20.0,20.0,3.5,3.0142857142857147,32.333333333333336,22.428571428571427,21.666666666666668,22.142857142857142,0.0,0.0,9.904761904761909,0.15151515151515152,9.25925925925926,0.12916666666666668
5.0,8.75,20.0,14.0,25.0,22.5,90.0,90.0,6.0,6.0,6.0,6.0,2.5,2.5,4.0,4.0,1,1.0,1,1.0,0,0.0,0,0.0,0,0.0,4,4.0,37,37.0,2022,1,6,3,6,1,0,0.4999999999999999,0.8660254037844387,15.0,11.375,0,3.25,1.5,4.0,37.0,0,2022-01-06,,,,,,,,,,,,0,,80.0,100.0,37,20.0,26.2,0.19047619047619047,20.0,20.0,20.0,4.0,4.0,2.5,37.0,37.0,23.0,25.0,15.0,25.0,20.0,20.0,4.0,3.4285714285714284,37.0,24.857142857142858,21.666666666666668,22.142857142857142,0.0,0.0,12.142857142857142,0.15151515151515152,9.25925925925926,0.12916666666666668
5.0,8.75,20.0,14.0,25.0,22.5,0.0,0.0,6.0,6.0,6.0,6.0,2.5,2.5,4.0,4.0,1,1.0,1,1.0,0,0.0,0,0.0,0,0.0,4,4.0,37,37.0,2022,1,7,4,7,1,0,0.4999999999999999,0.8660254037844387,15.0,11.375,0,3.25,1.5,4.0,37.0,0,2022-01-07,,,,,,,,,,,,0,,80.0,100.0,37,20.0,26.2,0.19047619047619047,20.0,20.0,20.0,4.0,4.0,4.0,37.0,37.0,37.0,25.0,25.0,15.0,20.0,20.0,4.0,3.607142857142857,37.0,30.142857142857142,25.0,22.142857142857142,0.0,0.0,6.857142857142858,0.15151515151515152,9.25925925925926,0.12916666666666668
5.0,8.75,20.0,14.0,25.0,22.5,135.0,135.0,6.0,6.0,6.0,6.0,2.5,2.5,4.0,4.0,1,1.0,1,1.0,0,0.0,0,0.0,0,0.0,4,4.0,37,37.0,2022,1,9,6,9,1,1,0.4999999999999999,0.8660254037844387,15.0,11.375,0,3.25,1.5,4.0,37.0,0,2022-01-09,,,,,,,,,,,,0,,80.0,100.0,37,20.0,26.2,0.19047619047619047,20.0,20.0,20.0,4.0,4.0,4.0,37.0,37.0,37.0,25.0,25.0,25.0,20.0,20.0,4.0,3.7857142857142856,37.0,35.0,25.0,22.142857142857142,0.0,0.0,2.0,0.15151515151515152,9.25925925925926,0.12916666666666668
5.0,8.75,20.0,14.0,25.0,22.5,135.0,135.0,6.0,6.0,6.0,6.0,2.5,2.5,4.0,4.0,1,1.0,1,1.0,0,0.0,0,0.0,0,0.0,4,4.0,37,37.0,2022,1,10,0,10,1,0,0.4999999999999999,0.8660254037844387,15.0,11.375,0,3.25,1.5,4.0,37.0,0,2022-01-10,,,,,,,,,,,,0,,80.0,100.0,37,20.0,26.2,0.19047619047619047,20.0,20.0,20.0,4.0,4.0,4.0,37.0,37.0,37.0,25.0,25.0,25.0,20.0,20.0,4.0,3.7857142857142856,37.0,35.0,25.0,23.571428571428573,0.0,0.0,2.0,0.15151515151515152,9.25925925925926,0.12916666666666668
5.0,8.75,20.0,14.0,25.0,22.5,90.0,90.0,4.0,4.0,5.0,5.0,0.5,0.5,1.1,1.1,1,1.0,0,0.0,0,0.0,0,0.0,0,0.0,1,1.0,23,23.0,2022,1,11,1,11,1,0,0.4999999999999999,0.8660254037844387,15.0,11.375,0,0.8,0.6000000000000001,2.0,23.0,0,2022-01-11,,,,,,,,,,,,0,,22.0,27.500000000000004,23,20.0,11.7,0.05238095238095238,20.0,20.0,20.0,4.0,4.0,4.0,37.0,37.0,37.0,25.0,25.0,25.0,20.0,20.0,3.033333333333333,3.5857142857142854,32.333333333333336,35.0,25.0,23.571428571428573,-14.0,0.0,-2.6666666666666643,0.15151515151515152,9.25925925925926,0.12916666666666668
5.0,8.75,20.0,14.0,15.0,15.0,270.0,270.0,4.0,4.0,5.0,5.0,0.5,0.5,1.0,1.0,1,1.0,1,1.0,0,0.0,0,0.0,0,0.0,4,4.0,32,32.0,2022,1,12,2,12,1,0,0.4999999999999999,0.8660254037844387,15.0,11.375,0,0.75,0.5,4.0,32.0,0,2022-01-12,,,,,,,,,,,,0,,20.0,15.0,32,20.0,11.2,0.047619047619047616,20.0,20.0,20.0,1.1,4.0,4.0,23.0,37.0,37.0,25.0,25.0,25.0,20.0,20.0,2.033333333333333,3.157142857142857,30.666666666666668,34.285714285714285,21.666666666666668,23.571428571428573,9.0,0.0,-3.619047619047617,0.15151515151515152,9.25925925925926,0.12916666666666668
5.0,8.75,20.0,14.0,25.0,22.5,0.0,0.0,4.0,4.0,5.0,5.0,0.5,0.5,1.0,1.0,0,0.0,0,0.0,0,0.0,0,0.0,1,1.0,0,0.0,20,20.0,2022,1,13,3,13,1,0,0.4999999999999999,0.8660254037844387,15.0,11.375,0,0.75,0.5,0.0,20.0,0,2022-01-13,,,,,,,,,,,,0,,20.0,25.0,20,0.0,11.0,0.047619047619047616,20.0,20.0,20.0,1.0,1.1,4.0,32.0,23.0,37.0,15.0,25.0,25.0,20.0,20.0,1.0333333333333334,2.728571428571428,25.0,31.857142857142858,21.666666666666668,23.571428571428573,-12.0,0.0,-6.857142857142858,0.15151515151515152,9.25925925925926,0.12916666666666668
5.0,8.75,20.0,14.0,25.0,22.5,135.0,135.0,4.0,4.0,5.0,5.0,0.5,0.5,1.1,1.1,1,1.0,0,0.0,0,0.0,0,0.0,0,0.0,1,1.0,23,23.0,2022,1,14,4,14,1,0,0.4999999999999999,0.8660254037844387,15.0,11.375,0,0.8,0.6000000000000001,2.0,23.0,0,2022-01-14,,,,,,,,,,,,0,,22.0,27.500000000000004,23,20.0,11.7,0.05238095238095238,20.0,20.0,20.0,1.0,1.0,1.1,20.0,32.0,23.0,25.0,15.0,25.0,20.0,20.0,1.0333333333333334,2.314285714285714,25.0,29.857142857142858,21.666666666666668,23.571428571428573,3.0,0.0,-4.857142857142858,0.15151515151515152,9.25925925925926,0.12916666666666668
5.0,8.75,20.0,14.0,25.0,22.5,0.0,0.0,4.0,4.0,5.0,5.0,0.5,0.5,1.1,1.1,0,0.0,0,0.0,0,0.0,0,0.0,1,1.0,0,0.0,20,20.0,2022,1,17,0,17,1,0,0.4999999999999999,0.8660254037844387,15.0,11.375,0,0.8,0.6000000000000001,0.0,20.0,0,2022-01-17,,,,,,,,,,,,0,,22.0,27.500000000000004,20,0.0,11.5,0.05238095238095238,20.0,20.0,20.0,1.1,1.0,1.0,23.0,20.0,32.0,25.0,25.0,15.0,20.0,20.0,1.0666666666666667,1.9000000000000001,21.0,27.428571428571427,25.0,23.571428571428573,-3.0,0.0,-6.428571428571427,0.15151515151515152,9.25925925925926,0.12916666666666668
5.0,8.75,20.0,14.0,25.0,22.5,315.0,315.0,5.0,5.0,5.0,5.0,1.25,1.25,2.5,2.5,1,1.0,0,0.0,0,0.0,0,0.0,0,0.0,2,2.0,26,26.0,2022,1,20,3,20,1,0,0.4999999999999999,0.8660254037844387,15.0,11.375,0,1.875,1.25,2.0,26.0,0,2022-01-20,,,,,,,,,,,,0,,50.0,62.5,26,20.0,18.7,0.11904761904761904,20.0,20.0,20.0,1.1,1.1,1.0,20.0,23.0,20.0,25.0,25.0,25.0,20.0,20.0,1.5666666666666667,1.6857142857142857,23.0,25.857142857142858,25.0,23.571428571428573,6.0,0.0,-2.8571428571428577,0.15151515151515152,9.25925925925926,0.12916666666666668
5.0,8.75,20.0,14.0,25.0,22.5,270.0,270.0,4.0,4.714285714285714,6.0,5.0,0.5,1.0357142857142858,2.75,2.5,1,1.0,1,1.0,0,0.0,0,0.0,0,0.0,4,4.0,12,12.0,2022,1,21,4,21,1,0,0.4999999999999999,0.8660254037844387,15.0,11.375,0,1.625,2.25,4.0,12.0,0,2022-01-21,,,,,,,,,,,,0,,55.0,68.75,12,20.0,19.95,0.13095238095238096,20.0,20.0,20.0,2.5,1.1,1.1,26.0,20.0,23.0,25.0,25.0,25.0,20.0,20.0,2.1166666666666667,1.5071428571428573,19.333333333333332,22.285714285714285,25.0,23.571428571428573,-14.0,0.0,-2.9523809523809526,0.15151515151515152,9.25925925925926,0.12916666666666668
5.0,8.75,20.0,14.0,25.0,22.5,180.0,180.0,5.0,5.0,5.0,5.0,1.25,1.25,2.5,2.5,1,1.0,0,0.0,0,0.0,0,0.0,0,0.0,2,2.0,26,26.0,2022,1,26,2,26,1,0,0.4999999999999999,0.8660254037844387,15.0,11.375,0,1.875,1.25,2.0,26.0,1,2022-01-26,,,,,,,,,,,,0,,50.0,62.5,26,20.0,18.7,0.11904761904761904,20.0,20.0,20.0,2.75,2.5,1.1,12.0,26.0,20.0,25.0,25.0,25.0,20.0,20.0,2.5833333333333335,1.7071428571428573,21.333333333333332,22.714285714285715,25.0,23.571428571428573,14.0,0.0,-1.3809523809523832,0.15151515151515152,9.25925925925926,0.12916666666666668
5.0,8.75,20.0,14.0,25.0,22.5,180.0,180.0,5.0,5.0,5.0,5.0,1.25,1.25,2.5,2.5,1,1.0,0,0.0,0,0.0,0,0.0,1,1.0,2,2.0,26,26.0,2022,1,28,4,28,1,0,0.4999999999999999,0.8660254037844387,15.0,11.375,0,1.875,1.25,2.0,26.0,0,2022-01-28,,,,,,,,,,,,0,,50.0,62.5,26,20.0,18.7,0.11904761904761904,20.0,20.0,20.0,2.5,2.75,2.5,26.0,12.0,26.0,25.0,25.0,25.0,20.0,20.0,2.5833333333333335,1.9214285714285715,21.333333333333332,21.857142857142858,25.0,25.0,0.0,0.0,-0.5238095238095255,0.15151515151515152,9.25925925925926,0.12916666666666668
5.0,8.75,20.0,14.0,20.0,20.0,180.0,180.0,5.0,5.0,5.0,5.0,1.25,1.25,2.5,2.5,1,1.0,0,0.0,0,0.0,0,0.0,1,1.0,1,1.0,23,23.0,2022,1,30,6,30,1,1,0.4999999999999999,0.8660254037844387,15.0,11.375,0,1.875,1.25,2.0,23.0,0,2022-01-30,,,,,,,,,,,,0,,50.0,50.0,23,20.0,18.7,0.11904761904761904,20.0,20.0,20.0,2.5,2.5,2.75,26.0,26.0,12.0,25.0,25.0,25.0,20.0,20.0,2.5,2.1357142857142857,25.0,22.285714285714285,23.333333333333332,24.285714285714285,-3.0,0.0,2.7142857142857153,0.15151515151515152,9.25925925925926,0.12916666666666668
5.0,8.75,20.0,14.0,25.0,22.5,180.0,180.0,5.0,5.0,5.0,5.0,1.25,1.25,2.5,2.5,1,1.0,0,0.0,0,0.0,0,0.0,1,1.0,1,1.0,23,23.0,2022,1,31,0,31,1,0,0.4999999999999999,0.8660254037844387,15.0,11.375,0,1.875,1.25,2.0,23.0,0,2022-01-31,,,,,,,,,,,,0,,50.0,62.5,23,20.0,18.7,0.11904761904761904,20.0,20.0,20.0,2.5,2.5,2.5,23.0,26.0,26.0,20.0,25.0,25.0,20.0,20.0,2.5,2.335714285714286,24.0,22.285714285714285,23.333333333333332,24.285714285714285,0.0,0.0,1.7142857142857153,0.15151515151515152,9.25925925925926,0.12916666666666668
5.0,8.75,20.0,14.0,25.0,25.0,270.0,270.0,4.0,4.714285714285714,6.0,5.0,0.5,1.0357142857142858,2.75,2.5,0,0.0,0,0.0,0,0.0,0,0.0,1,1.0,0,0.0,5,5.0,2022,2,2,2,33,1,0,0.8660254037844386,0.5000000000000001,15.0,11.375,0,1.625,2.25,0.0,5.0,0,2022-02-02,,,,,,,,,,,,0,,55.0,68.75,5,0.0,19.75,0.13095238095238096,20.0,20.0,20.0,2.5,2.5,2.5,23.0,23.0,26.0,25.0,20.0,25.0,20.0,20.0,2.5833333333333335,2.5714285714285716,17.0,20.142857142857142,23.333333333333332,24.285714285714285,-18.0,0.0,-3.1428571428571423,0.15151515151515152,15.384615384615385,0.12916666666666668
5.0,8.75,20.0,14.0,25.0,22.5,315.0,315.0,6.0,6.0,6.0,6.0,2.5,2.5,4.0,4.0,1,1.0,0,0.0,0,0.0,0,0.0,1,1.0,2,2.0,31,31.0,2022,2,4,4,35,1,0,0.8660254037844386,0.5000000000000001,15.0,11.375,0,3.25,1.5,2.0,31.0,0,2022-02-04,,,,,,,,,,,,0,,80.0,100.0,31,20.0,26.2,0.19047619047619047,20.0,20.0,20.0,2.75,2.5,2.5,5.0,23.0,23.0,25.0,25.0,20.0,20.0,20.0,3.0833333333333335,2.7857142857142856,19.666666666666668,20.857142857142858,25.0,24.285714285714285,26.0,0.0,-1.1904761904761898,0.15151515151515152,15.384615384615385,0.12916666666666668
5.0,8.75,20.0,14.0,25.0,22.5,0.0,0.0,5.0,5.0,5.0,5.0,1.25,1.25,2.5,2.5,0,0.0,0,0.0,0,0.0,0,0.0,1,1.0,0,0.0,20,20.0,2022,2,7,0,38,1,0,0.8660254037844386,0.5000000000000001,15.0,11.375,0,1.875,1.25,0.0,20.0,1,2022-02-07,,,,,,,,,,,,0,,50.0,62.5,20,0.0,18.5,0.11904761904761904,20.0,20.0,20.0,4.0,2.75,2.5,31.0,5.0,23.0,25.0,25.0,25.0,20.0,20.0,3.0833333333333335,2.75,18.666666666666668,22.0,25.0,24.285714285714285,-11.0,0.0,-3.333333333333332,0.15151515151515152,15.384615384615385,0.12916666666666668
5.0,8.75,20.0,14.0,20.0,20.0,270.0,270.0,5.0,5.0,5.0,5.0,1.25,1.25,2.5,2.5,0,0.0,0,0.0,0,0.0,0,0.0,1,1.0,0,0.0,20,20.0,2022,2,8,1,39,1,0,0.8660254037844386,0.5000000000000001,15.0,11.375,0,1.875,1.25,0.0,20.0,0,2022-02-08,,,,,,,,,,,,0,,50.0,50.0,20,0.0,18.5,0.11904761904761904,20.0,20.0,20.0,2.5,4.0,2.75,20.0,31.0,5.0,25.0,25.0,25.0,20.0,20.0,3.0,2.75,23.666666666666668,21.142857142857142,23.333333333333332,23.571428571428573,0.0,0.0,2.5238095238095255,0.15151515151515152,15.384615384615385,0.12916666666666668
5.0,8.75,20.0,14.0,20.0,20.0,270.0,270.0,5.0,5.0,5.0,5.0,1.25,1.25,2.5,2.5,1,1.0,0,0.0,0,0.0,0,0.0,1,1.0,1,1.0,23,23.0,2022,2,9,2,40,1,0,0.8660254037844386,0.5000000000000001,15.0,11.375,0,1.875,1.25,2.0,23.0,0,2022-02-09,,,,,,,,,,,,0,,50.0,50.0,23,20.0,18.7,0.11904761904761904,20.0,20.0,20.0,2.5,2.5,4.0,20.0,20.0,31.0,20.0,25.0,25.0,20.0,20.0,2.5,2.75,21.0,20.714285714285715,21.666666666666668,22.857142857142858,3.0,0.0,0.2857142857142847,0.15151515151515152,15.384615384615385,0.12916666666666668
5.0,8.75,20.0,14.0,25.0,22.5,270.0,270.0,4.0,4.714285714285714,6.0,5.0,0.5,1.0357142857142858,2.75,2.5,1,1.0,0,0.0,0,0.0,0,0.0,1,1.0,1,1.0,3,3.0,2022,2,10,3,41,1,0,0.8660254037844386,0.5000000000000001,15.0,11.375,0,1.625,2.25,2.0,3.0,1,2022-02-10,,,,,,,,,,,,0,,55.0,68.75,3,20.0,19.95,0.13095238095238096,20.0,20.0,20.0,2.5,2.5,2.5,23.0,20.0,20.0,20.0,20.0,25.0,20.0,20.0,2.5833333333333335,2.7857142857142856,15.333333333333334,17.857142857142858,21.666666666666668,23.571428571428573,-20.0,0.0,-2.5238095238095237,0.15151515151515152,15.384615384615385,0.12916666666666668
5.0,8.75,20.0,14.0,25.0,25.0,180.0,180.0,4.0,4.714285714285714,6.0,5.0,0.5,1.0357142857142858,2.75,2.5,1,1.0,1,1.0,0,0.0,0,0.0,0,0.0,4,4.0,17,17.0,2022,2,14,0,45,1,0,0.8660254037844386,0.5000000000000001,15.0,11.375,0,1.625,2.25,4.0,17.0,0,2022-02-14,,,,,,,,,,,,0,,55.0,68.75,17,20.0,19.95,0.13095238095238096,20.0,20.0,20.0,2.75,2.5,2.5,3.0,23.0,20.0,25.0,20.0,20.0,20.0,20.0,2.6666666666666665,2.8214285714285716,14.333333333333334,17.0,23.333333333333332,23.571428571428573,14.0,0.0,-2.666666666666666,0.15151515151515152,15.384615384615385,0.12916666666666668
5.0,8.75,20.0,14.0,25.0,22.5,135.0,135.0,5.0,5.0,5.0,5.0,1.25,1.25,2.5,2.5,0,0.0,0,0.0,0,0.0,1,1.0,0,0.0,0,0.0,20,20.0,2022,2,16,2,47,1,0,0.8660254037844386,0.5000000000000001,15.0,11.375,0,1.875,1.25,0.0,20.0,1,2022-02-16,,,,,,,,,,,,0,,50.0,62.5,20,0.0,18.5,0.11904761904761904,20.0,20.0,20.0,2.75,2.75,2.5,17.0,3.0,23.0,25.0,25.0,20.0,20.0,20.0,2.6666666666666665,2.7857142857142856,13.333333333333334,19.142857142857142,25.0,23.571428571428573,3.0,0.0,-5.809523809523808,0.15151515151515152,15.384615384615385,0.12916666666666668
5.0,8.75,20.0,14.0,25.0,22.5,135.0,135.0,4.0,4.714285714285714,6.0,5.0,0.5,1.0357142857142858,2.75,2.5,0,0.0,0,0.0,0,0.0,0,0.0,1,1.0,0,0.0,0,0.0,2022,2,18,4,49,1,0,0.8660254037844386,0.5000000000000001,15.0,11.375,0,1.625,2.25,0.0,0.0,0,2022-02-18,,,,,,,,,,,,0,,55.0,68.75,0,0.0,19.75,0.13095238095238096,20.0,20.0,20.0,2.5,2.75,2.75,20.0,17.0,3.0,25.0,25.0,25.0,20.0,20.0,2.6666666666666665,2.607142857142857,12.333333333333334,14.714285714285714,25.0,23.571428571428573,-20.0,0.0,-2.3809523809523796,0.15151515151515152,15.384615384615385,0.12916666666666668
5.0,8.75,20.0,14.0,25.0,22.5,135.0,135.0,4.0,4.714285714285714,6.0,5.0,0.5,1.0357142857142858,2.75,2.5,1,1.0,0,0.0,0,0.0,0,0.0,1,1.0,1,1.0,3,3.0,2022,2,21,0,52,1,0,0.8660254037844386,0.5000000000000001,15.0,11.375,0,1.625,2.25,2.0,3.0,0,2022-02-21,,,,,,,,,,,,0,,55.0,68.75,3,20.0,19.95,0.13095238095238096,20.0,20.0,20.0,2.75,2.5,2.75,0.0,20.0,17.0,25.0,25.0,25.0,20.0,20.0,2.6666666666666665,2.642857142857143,7.666666666666667,12.285714285714286,25.0,23.571428571428573,3.0,0.0,-4.6190476190476195,0.15151515151515152,15.384615384615385,0.12916666666666668
5.0,8.75,20.0,14.0,25.0,25.0,315.0,315.0,4.0,4.714285714285714,6.0,5.0,0.5,1.0357142857142858,2.75,2.5,1,1.0,0,0.0,0,0.0,0,0.0,1,1.0,1,1.0,8,8.0,2022,2,23,2,54,1,0,0.8660254037844386,0.5000000000000001,15.0,11.375,0,1.625,2.25,2.0,8.0,0,2022-02-23,,,,,,,,,,,,0,,55.0,68.75,8,20.0,19.95,0.13095238095238096,20.0,20.0,20.0,2.75,2.75,2.5,3.0,0.0,20.0,25.0,25.0,25.0,20.0,20.0,2.75,2.6785714285714284,3.6666666666666665,10.571428571428571,25.0,24.285714285714285,5.0,0.0,-6.904761904761905,0.15151515151515152,15.384615384615385,0.12916666666666668
5.0,8.75,20.0,14.0,20.0,20.0,270.0,270.0,4.0,4.714285714285714,6.0,5.0,0.5,1.0357142857142858,2.75,2.5,0,0.0,0,0.0,0,0.0,0,0.0,1,1.0,0,0.0,0,0.0,2022,2,24,3,55,1,0,0.8660254037844386,0.5000000000000001,15.0,11.375,0,1.625,2.25,0.0,0.0,1,2022-02-24,,,,,,,,,,,,0,,55.0,55.0,0,0.0,19.75,0.13095238095238096,20.0,20.0,20.0,2.75,2.75,2.75,8.0,3.0,0.0,25.0,25.0,25.0,20.0,20.0,2.75,2.7142857142857144,3.6666666666666665,7.285714285714286,23.333333333333332,24.285714285714285,-8.0,0.0,-3.619047619047619,0.15151515151515152,15.384615384615385,0.12916666666666668
5.0,8.75,20.0,14.0,25.0,22.5,270.0,270.0,4.0,4.714285714285714,6.0,5.0,0.5,1.0357142857142858,2.75,2.5,1,1.0,1,1.0,0,0.0,0,0.0,0,0.0,4,4.0,12,12.0,2022,2,27,6,58,1,1,0.8660254037844386,0.5000000000000001,15.0,11.375,0,1.625,2.25,4.0,12.0,0,2022-02-27,,,,,,,,,,,,0,,55.0,68.75,12,20.0,19.95,0.13095238095238096,20.0,20.0,20.0,2.75,2.75,2.75,0.0,8.0,3.0,20.0,25.0,25.0,20.0,20.0,2.75,2.7142857142857144,6.666666666666667,8.571428571428571,23.333333333333332,24.285714285714285,12.0,0.0,-1.9047619047619042,0.15151515151515152,15.384615384615385,0.12916666666666668
5.0,8.75,20.0,14.0,25.0,22.5,90.0,90.0,4.0,4.0,5.0,5.0,0.5,0.5,2.5,2.5,1,1.0,1,1.0,0,0.0,0,0.0,0,0.0,4,4.0,32,32.0,2022,2,28,0,59,1,0,0.8660254037844386,0.5000000000000001,15.0,11.375,0,1.5,2.0,4.0,32.0,0,2022-02-28,,,,,,,,,,,,0,,50.0,62.5,32,20.0,18.7,0.11904761904761904,20.0,20.0,20.0,2.75,2.75,2.75,12.0,0.0,8.0,25.0,20.0,25.0,20.0,20.0,2.6666666666666665,2.6785714285714284,14.666666666666666,10.714285714285714,23.333333333333332,24.285714285714285,20.0,0.0,3.9523809523809526,0.15151515151515152,15.384615384615385,0.12916666666666668
5.0,8.75,20.0,14.0,25.0,22.5,315.0,315.0,4.0,4.714285714285714,6.0,5.0,0.5,1.0357142857142858,2.75,2.5,1,1.0,0,0.0,0,0.0,0,0.0,0,0.0,1,1.0,3,3.0,2022,3,1,1,60,1,0,1.0,6.123233995736766e-17,15.0,11.375,0,1.625,2.25,2.0,3.0,0,2022-03-01,,,,,,,,,,,,0,,55.0,68.75,3,20.0,19.95,0.13095238095238096,20.0,20.0,20.0,2.5,2.75,2.75,32.0,12.0,0.0,25.0,25.0,20.0,20.0,20.0,2.6666666666666665,2.7142857142857144,15.666666666666666,8.285714285714286,25.0,24.285714285714285,-29.0,0.0,7.38095238095238,0.15151515151515152,14.285714285714285,0.12916666666666668
5.0,8.75,20.0,14.0,20.0,20.0,270.0,270.0,4.0,4.714285714285714,6.0,5.0,0.5,1.0357142857142858,2.75,2.5,1,1.0,0,0.0,0,0.0,0,0.0,0,0.0,1,1.0,3,3.0,2022,3,4,4,63,1,0,1.0,6.123233995736766e-17,15.0,11.375,0,1.625,2.25,2.0,3.0,0,2022-03-04,,,,,,,,,,,,0,,55.0,55.0,3,20.0,19.95,0.13095238095238096,20.0,20.0,20.0,2.75,2.5,2.75,3.0,32.0,12.0,25.0,25.0,25.0,20.0,20.0,2.6666666666666665,2.7142857142857144,12.666666666666666,8.714285714285714,23.333333333333332,23.571428571428573,0.0,0.0,3.9523809523809526,0.15151515151515152,14.285714285714285,0.12916666666666668
5.0,8.75,20.0,14.0,25.0,25.0,315.0,315.0,5.0,5.0,6.0,6.0,1.25,1.25,4.0,4.0,1,1.0,1,1.0,0,0.0,0,0.0,0,0.0,4,4.0,42,42.0,2022,3,7,0,66,1,0,1.0,6.123233995736766e-17,15.0,11.375,0,2.625,2.75,4.0,42.0,1,2022-03-07,,,,,,,,,,,,0,,80.0,100.0,42,20.0,26.2,0.19047619047619047,20.0,20.0,20.0,2.75,2.75,2.5,3.0,3.0,32.0,20.0,25.0,25.0,20.0,20.0,3.1666666666666665,2.892857142857143,16.0,14.285714285714286,23.333333333333332,23.571428571428573,39.0,0.0,1.7142857142857135,0.15151515151515152,14.285714285714285,0.12916666666666668
5.0,8.75,20.0,14.0,25.0,25.0,315.0,315.0,5.0,5.0,6.0,6.0,1.25,1.25,4.0,4.0,1,1.0,1,1.0,0,0.0,0,0.0,0,0.0,4,4.0,42,42.0,2022,3,8,1,67,1,0,1.0,6.123233995736766e-17,15.0,11.375,0,2.625,2.75,4.0,42.0,0,2022-03-08,,,,,,,,,,,,0,,80.0,100.0,42,20.0,26.2,0.19047619047619047,20.0,20.0,20.0,4.0,2.75,2.75,42.0,3.0,3.0,25.0,20.0,25.0,20.0,20.0,3.5833333333333335,3.0714285714285716,29.0,19.142857142857142,23.333333333333332,23.571428571428573,0.0,0.0,9.857142857142858,0.15151515151515152,14.285714285714285,0.12916666666666668
5.0,8.75,20.0,14.0,20.0,20.0,315.0,315.0,5.0,5.0,5.0,5.0,1.25,1.25,2.5,2.5,1,1.0,1,1.0,0,0.0,0,0.0,0,0.0,4,4.0,32,32.0,2022,3,9,2,68,1,0,1.0,6.123233995736766e-17,15.0,11.375,0,1.875,1.25,4.0,32.0,0,2022-03-09,,,,,,,,,,,,0,,50.0,50.0,32,20.0,18.7,0.11904761904761904,20.0,20.0,20.0,4.0,4.0,2.75,42.0,42.0,3.0,25.0,25.0,20.0,20.0,20.0,3.5,3.0357142857142856,38.666666666666664,23.714285714285715,23.333333333333332,23.571428571428573,-10.0,0.0,14.952380952380949,0.15151515151515152,14.285714285714285,0.12916666666666668
5.0,8.75,20.0,14.0,25.0,22.5,90.0,90.0,6.0,6.0,6.0,6.0,2.5,2.5,4.0,4.0,1,1.0,1,1.0,0,0.0,0,0.0,0,0.0,4,4.0,37,37.0,2022,3,10,3,69,1,0,1.0,6.123233995736766e-17,15.0,11.375,0,3.25,1.5,4.0,37.0,0,2022-03-10,,,,,,,,,,,,0,,80.0,100.0,37,20.0,26.2,0.19047619047619047,20.0,20.0,20.0,2.5,4.0,4.0,32.0,42.0,42.0,20.0,25.0,25.0,20.0,20.0,3.5,3.2142857142857144,37.0,27.285714285714285,23.333333333333332,23.571428571428573,5.0,0.0,9.714285714285715,0.15151515151515152,14.285714285714285,0.12916666666666668
5.0,8.75,20.0,14.0,25.0,22.5,135.0,135.0,5.0,5.0,5.0,5.0,1.25,1.25,1.5,1.5,1,1.0,1,1.0,0,0.0,0,0.0,0,0.0,4,4.0,32,32.0,2022,3,13,6,72,1,1,1.0,6.123233995736766e-17,15.0,11.375,0,1.375,0.25,4.0,32.0,0,2022-03-13,,,,,,,,,,,,0,,30.0,37.5,32,20.0,13.7,0.07142857142857142,20.0,20.0,20.0,4.0,2.5,4.0,37.0,32.0,42.0,25.0,20.0,25.0,20.0,20.0,2.6666666666666665,3.0714285714285716,33.666666666666664,27.285714285714285,23.333333333333332,23.571428571428573,-5.0,0.0,6.38095238095238,0.15151515151515152,14.285714285714285,0.12916666666666668
5.0,8.75,20.0,14.0,25.0,22.5,180.0,180.0,4.0,4.714285714285714,6.0,5.0,0.5,1.0357142857142858,2.75,2.5,1,1.0,1,1.0,0,0.0,0,0.0,0,0.0,4,4.0,12,12.0,2022,3,15,1,74,1,0,1.0,6.123233995736766e-17,15.0,11.375,0,1.625,2.25,4.0,12.0,0,2022-03-15,,,,,,,,,,,,0,,55.0,68.75,12,20.0,19.95,0.13095238095238096,20.0,20.0,20.0,1.5,4.0,2.5,32.0,37.0,32.0,25.0,25.0,20.0,20.0,20.0,2.75,3.0714285714285716,27.0,28.571428571428573,25.0,23.571428571428573,-20.0,0.0,-1.571428571428573,0.15151515151515152,14.285714285714285,0.12916666666666668
5.0,8.75,20.0,14.0,25.0,22.5,0.0,0.0,4.0,4.0,5.0,5.0,0.5,0.5,2.5,2.5,1,1.0,1,1.0,0,0.0,0,0.0,0,0.0,4,4.0,32,32.0,2022,3,17,3,76,1,0,1.0,6.123233995736766e-17,15.0,11.375,0,1.5,2.0,4.0,32.0,0,2022-03-17,,,,,,,,,,,,0,,50.0,62.5,32,20.0,18.7,0.11904761904761904,20.0,20.0,20.0,2.75,1.5,4.0,12.0,32.0,37.0,25.0,25.0,25.0,20.0,20.0,2.25,3.0357142857142856,25.333333333333332,32.714285714285715,25.0,24.285714285714285,20.0,0.0,-7.380952380952383,0.15151515151515152,14.285714285714285,0.12916666666666668
5.0,8.75,20.0,14.0,25.0,22.5,180.0,180.0,4.0,4.714285714285714,6.0,5.0,0.5,1.0357142857142858,2.75,2.5,1,1.0,0,0.0,0,0.0,0,0.0,1,1.0,1,1.0,3,3.0,2022,3,21,0,80,1,0,1.0,6.123233995736766e-17,15.0,11.375,0,1.625,2.25,2.0,3.0,1,2022-03-21,,,,,,,,,,,,0,,55.0,68.75,3,20.0,19.95,0.13095238095238096,20.0,20.0,20.0,2.5,2.75,1.5,32.0,12.0,32.0,25.0,25.0,25.0,20.0,20.0,2.6666666666666665,2.857142857142857,15.666666666666666,27.142857142857142,25.0,24.285714285714285,-29.0,0.0,-11.476190476190476,0.15151515151515152,14.285714285714285,0.12916666666666668
5.0,8.75,20.0,14.0,25.0,22.5,180.0,180.0,5.0,5.0,5.0,5.0,1.25,1.25,2.5,2.5,1,1.0,1,1.0,0,0.0,0,0.0,0,0.0,4,4.0,32,32.0,2022,3,23,2,82,1,0,1.0,6.123233995736766e-17,15.0,11.375,0,1.875,1.25,4.0,32.0,0,2022-03-23,,,,,,,,,,,,0,,50.0,62.5,32,20.0,18.7,0.11904761904761904,20.0,20.0,20.0,2.75,2.5,2.75,3.0,32.0,12.0,25.0,25.0,25.0,20.0,20.0,2.5833333333333335,2.642857142857143,22.333333333333332,25.714285714285715,25.0,24.285714285714285,29.0,0.0,-3.380952380952383,0.15151515151515152,14.285714285714285,0.12916666666666668
5.0,8.75,20.0,14.0,25.0,22.5,180.0,180.0,4.0,4.714285714285714,6.0,5.0,0.5,1.0357142857142858,2.75,2.5,1,1.0,0,0.0,0,0.0,0,0.0,0,0.0,1,1.0,3,3.0,2022,3,24,3,83,1,0,1.0,6.123233995736766e-17,15.0,11.375,0,1.625,2.25,2.0,3.0,0,2022-03-24,,,,,,,,,,,,0,,55.0,68.75,3,20.0,19.95,0.13095238095238096,20.0,20.0,20.0,2.5,2.75,2.5,32.0,3.0,32.0,25.0,25.0,25.0,20.0,20.0,2.6666666666666665,2.6785714285714284,12.666666666666666,21.571428571428573,25.0,25.0,-29.0,0.0,-8.904761904761907,0.15151515151515152,14.285714285714285,0.12916666666666668
5.0,8.75,20.0,14.0,25.0,22.5,180.0,180.0,4.0,4.714285714285714,6.0,5.0,0.5,1.0357142857142858,2.75,2.5,1,1.0,0,0.0,0,0.0,0,0.0,0,0.0,1,1.0,3,3.0,2022,3,25,4,84,1,0,1.0,6.123233995736766e-17,15.0,11.375,0,1.625,2.25,2.0,3.0,0,2022-03-25,,,,,,,,,,,,0,,55.0,68.75,3,20.0,19.95,0.13095238095238096,20.0,20.0,20.0,2.75,2.5,2.75,3.0,32.0,3.0,25.0,25.0,25.0,20.0,20.0,2.6666666666666665,2.5,12.666666666666666,16.714285714285715,25.0,25.0,0.0,0.0,-4.047619047619049,0.15151515151515152,14.285714285714285,0.12916666666666668
5.0,8.75,20.0,14.0,25.0,22.5,180.0,180.0,5.0,5.0,5.0,5.0,1.25,1.25,2.5,2.5,0,0.0,0,0.0,0,0.0,0,0.0,1,1.0,0,0.0,20,20.0,2022,3,28,0,87,1,0,1.0,6.123233995736766e-17,15.0,11.375,0,1.875,1.25,0.0,20.0,0,2022-03-28,,,,,,,,,,,,0,,50.0,62.5,20,0.0,18.5,0.11904761904761904,20.0,20.0,20.0,2.75,2.75,2.5,3.0,3.0,32.0,25.0,25.0,25.0,20.0,20.0,2.6666666666666665,2.642857142857143,8.666666666666666,15.0,25.0,25.0,17.0,0.0,-6.333333333333334,0.15151515151515152,14.285714285714285,0.12916666666666668
5.0,8.75,20.0,14.0,25.0,22.5,180.0,180.0,5.0,5.0,5.0,5.0,1.25,1.25,2.5,2.5,1,1.0,0,0.0,0,0.0,0,0.0,1,1.0,2,2.0,26,26.0,2022,4,1,4,91,1,0,0.8660254037844387,-0.4999999999999998,15.0,11.375,0,1.875,1.25,2.0,26.0,0,2022-04-01,,,,,,,,,,,,0,,50.0,62.5,26,20.0,18.7,0.11904761904761904,20.0,20.0,20.0,2.5,2.75,2.75,20.0,3.0,3.0,25.0,25.0,25.0,20.0,20.0,2.5833333333333335,2.607142857142857,16.333333333333332,17.0,25.0,25.0,6.0,0.0,-0.6666666666666679,0.15151515151515152,18.75,0.12916666666666668
5.0,8.75,20.0,14.0,25.0,22.5,180.0,180.0,5.0,5.0,5.0,5.0,1.25,1.25,2.5,2.5,1,1.0,0,0.0,0,0.0,0,0.0,0,0.0,1,1.0,23,23.0,2022,4,3,6,93,1,1,0.8660254037844387,-0.4999999999999998,15.0,11.375,0,1.875,1.25,2.0,23.0,0,2022-04-03,,,,,,,,,,,,0,,50.0,62.5,23,20.0,18.7,0.11904761904761904,20.0,20.0,20.0,2.5,2.5,2.75,26.0,20.0,3.0,25.0,25.0,25.0,20.0,20.0,2.5,2.607142857142857,23.0,15.714285714285714,25.0,25.0,-3.0,0.0,7.2857142857142865,0.15151515151515152,18.75,0.12916666666666668
5.0,8.75,20.0,14.0,25.0,22.5,180.0,180.0,5.0,5.0,5.0,5.0,1.25,1.25,2.5,2.5,1,1.0,0,0.0,0,0.0,0,0.0,1,1.0,2,2.0,26,26.0,2022,4,4,0,94,1,0,0.8660254037844387,-0.4999999999999998,15.0,11.375,0,1.875,1.25,2.0,26.0,1,2022-04-04,,,,,,,,,,,,0,,50.0,62.5,26,20.0,18.7,0.11904761904761904,20.0,20.0,20.0,2.5,2.5,2.5,23.0,26.0,20.0,25.0,25.0,25.0,20.0,20.0,2.5,2.5714285714285716,25.0,19.0,25.0,25.0,3.0,0.0,6.0,0.15151515151515152,18.75,0.12916666666666668
5.0,8.75,20.0,14.0,15.0,15.0,135.0,135.0,5.0,5.0,5.0,5.0,1.25,1.25,2.5,2.5,1,1.0,0,0.0,0,0.0,0,0.0,1,1.0,1,1.0,23,23.0,2022,4,6,2,96,1,0,0.8660254037844387,-0.4999999999999998,15.0,11.375,0,1.875,1.25,2.0,23.0,0,2022-04-06,,,,,,,,,,,,0,,50.0,37.5,23,20.0,18.7,0.11904761904761904,20.0,20.0,20.0,2.5,2.5,2.5,26.0,23.0,26.0,25.0,25.0,25.0,20.0,20.0,2.5,2.5714285714285716,24.0,17.714285714285715,21.666666666666668,23.571428571428573,-3.0,0.0,6.285714285714285,0.15151515151515152,18.75,0.12916666666666668
5.0,8.75,20.0,14.0,20.0,20.0,135.0,135.0,5.0,5.0,5.0,5.0,1.25,1.25,2.5,2.5,1,1.0,0,0.0,0,0.0,0,0.0,0,0.0,2,2.0,26,26.0,2022,4,8,4,98,1,0,0.8660254037844387,-0.4999999999999998,15.0,11.375,0,1.875,1.25,2.0,26.0,0,2022-04-08,,,,,,,,,,,,0,,50.0,50.0,26,20.0,18.7,0.11904761904761904,20.0,20.0,20.0,2.5,2.5,2.5,23.0,26.0,23.0,15.0,25.0,25.0,20.0,20.0,2.5,2.5357142857142856,25.0,21.0,20.0,22.857142857142858,3.0,0.0,4.0,0.15151515151515152,18.75,0.12916666666666668
5.0,8.75,20.0,14.0,20.0,20.0,135.0,135.0,5.0,5.0,5.0,5.0,1.25,1.25,2.5,2.5,1,1.0,0,0.0,0,0.0,0,0.0,0,0.0,2,2.0,26,26.0,2022,4,9,5,99,1,1,0.8660254037844387,-0.4999999999999998,15.0,11.375,0,1.875,1.25,2.0,26.0,0,2022-04-09,,,,,,,,,,,,0,,50.0,50.0,26,20.0,18.7,0.11904761904761904,20.0,20.0,20.0,2.5,2.5,2.5,26.0,23.0,26.0,20.0,15.0,25.0,20.0,20.0,2.5,2.5,25.0,24.285714285714285,18.333333333333332,22.142857142857142,0.0,0.0,0.7142857142857153,0.15151515151515152,18.75,0.12916666666666668
5.0,8.75,20.0,14.0,20.0,20.0,135.0,135.0,5.0,5.0,5.0,5.0,1.25,1.25,2.5,2.5,1,1.0,0,0.0,0,0.0,0,0.0,0,0.0,2,2.0,26,26.0,2022,4,10,6,100,1,1,0.8660254037844387,-0.4999999999999998,15.0,11.375,0,1.875,1.25,2.0,26.0,0,2022-04-10,,,,,,,,,,,,0,,50.0,50.0,26,20.0,18.7,0.11904761904761904,20.0,20.0,20.0,2.5,2.5,2.5,26.0,26.0,23.0,20.0,20.0,15.0,20.0,20.0,2.5,2.5,26.0,25.142857142857142,20.0,21.428571428571427,0.0,0.0,0.8571428571428577,0.15151515151515152,18.75,0.12916666666666668
5.0,8.75,20.0,14.0,25.0,25.0,135.0,135.0,5.0,5.0,5.0,5.0,1.25,1.25,2.0,2.0,1,1.0,0,0.0,0,0.0,0,0.0,0,0.0,1,1.0,28,28.0,2022,4,11,0,101,1,0,0.8660254037844387,-0.4999999999999998,15.0,11.375,0,1.625,0.75,2.0,28.0,0,2022-04-11,,,,,,,,,,,,0,,40.0,50.0,28,20.0,16.2,0.09523809523809523,20.0,20.0,20.0,2.5,2.5,2.5,26.0,26.0,26.0,20.0,20.0,20.0,20.0,20.0,2.3333333333333335,2.4285714285714284,26.666666666666668,25.428571428571427,21.666666666666668,21.428571428571427,2.0,0.0,1.2380952380952408,0.15151515151515152,18.75,0.12916666666666668
5.0,8.75,20.0,14.0,25.0,25.0,135.0,135.0,5.0,5.0,5.0,5.0,1.25,1.25,2.5,2.5,1,1.0,0,0.0,0,0.0,0,0.0,0,0.0,2,2.0,31,31.0,2022,4,12,1,102,1,0,0.8660254037844387,-0.4999999999999998,15.0,11.375,0,1.875,1.25,2.0,31.0,0,2022-04-12,,,,,,,,,,,,0,,50.0,62.5,31,20.0,18.7,0.11904761904761904,20.0,20.0,20.0,2.0,2.5,2.5,28.0,26.0,26.0,25.0,20.0,20.0,20.0,20.0,2.3333333333333335,2.4285714285714284,28.333333333333332,26.571428571428573,23.333333333333332,21.428571428571427,3.0,0.0,1.7619047619047592,0.15151515151515152,18.75,0.12916666666666668
5.0,8.75,20.0,14.0,25.0,25.0,135.0,135.0,4.0,4.714285714285714,6.0,5.0,0.5,1.0357142857142858,2.75,2.5,1,1.0,0,0.0,0,0.0,0,0.0,1,1.0,2,2.0,11,11.0,2022,4,15,4,105,1,0,0.8660254037844387,-0.4999999999999998,15.0,11.375,0,1.625,2.25,2.0,11.0,0,2022-04-15,,,,,,,,,,,,0,,55.0,68.75,11,20.0,19.95,0.13095238095238096,20.0,20.0,20.0,2.5,2.0,2.5,31.0,28.0,26.0,25.0,25.0,20.0,20.0,20.0,2.4166666666666665,2.4642857142857144,23.333333333333332,24.428571428571427,25.0,21.428571428571427,-20.0,0.0,-1.095238095238095,0.15151515151515152,18.75,0.12916666666666668
5.0,8.75,20.0,14.0,20.0,20.0,135.0,135.0,4.0,4.714285714285714,6.0,5.0,0.5,1.0357142857142858,2.75,2.5,1,1.0,0,0.0,0,0.0,0,0.0,0,0.0,2,2.0,6,6.0,2022,4,19,1,109,1,0,0.8660254037844387,-0.4999999999999998,15.0,11.375,0,1.625,2.25,2.0,6.0,0,2022-04-19,,,,,,,,,,,,0,,55.0,55.0,6,20.0,19.95,0.13095238095238096,20.0,20.0,20.0,2.75,2.5,2.0,11.0,31.0,28.0,25.0,25.0,25.0,20.0,20.0,2.6666666666666665,2.5,16.0,22.0,23.333333333333332,22.142857142857142,-5.0,0.0,-6.0,0.15151515151515152,18.75,0.12916666666666668
5.0,8.75,20.0,14.0,25.0,22.5,180.0,180.0,5.0,5.0,5.0,5.0,1.25,1.25,2.5,2.5,1,1.0,1,1.0,0,0.0,0,0.0,0,0.0,4,4.0,32,32.0,2022,4,20,2,110,1,0,0.8660254037844387,-0.4999999999999998,15.0,11.375,0,1.875,1.25,4.0,32.0,1,2022-04-20,,,,,,,,,,,,0,,50.0,62.5,32,20.0,18.7,0.11904761904761904,20.0,20.0,20.0,2.75,2.75,2.5,6.0,11.0,31.0,20.0,25.0,25.0,20.0,20.0,2.6666666666666665,2.5,16.333333333333332,22.857142857142858,23.333333333333332,22.857142857142858,26.0,0.0,-6.5238095238095255,0.15151515151515152,18.75,0.12916666666666668
5.0,8.75,20.0,14.0,30.0,30.0,135.0,135.0,4.0,4.714285714285714,6.0,5.0,0.5,1.0357142857142858,2.75,2.5,1,1.0,0,0.0,0,0.0,0,0.0,0,0.0,1,1.0,13,13.0,2022,4,23,5,113,1,1,0.8660254037844387,-0.4999999999999998,15.0,11.375,1,1.625,2.25,2.0,13.0,0,2022-04-23,,,,,,,,,,,,0,,55.0,82.5,13,20.0,19.95,0.13095238095238096,20.0,20.0,20.0,2.5,2.75,2.75,32.0,6.0,11.0,25.0,20.0,25.0,20.0,20.0,2.6666666666666665,2.5357142857142856,17.0,21.0,25.0,24.285714285714285,-19.0,0.0,-4.0,0.15151515151515152,18.75,0.12916666666666668
5.0,8.75,20.0,14.0,20.0,20.0,135.0,135.0,4.0,4.714285714285714,6.0,5.0,0.5,1.0357142857142858,2.75,2.5,1,1.0,0,0.0,0,0.0,0,0.0,1,1.0,2,2.0,6,6.0,2022,4,24,6,114,1,1,0.8660254037844387,-0.4999999999999998,15.0,11.375,0,1.625,2.25,2.0,6.0,0,2022-04-24,,,,,,,,,,,,0,,55.0,55.0,6,20.0,19.95,0.13095238095238096,20.0,20.0,20.0,2.75,2.5,2.75,13.0,32.0,6.0,30.0,25.0,20.0,20.0,20.0,2.6666666666666665,2.5714285714285716,17.0,18.142857142857142,25.0,24.285714285714285,-7.0,0.0,-1.1428571428571423,0.15151515151515152,18.75,0.12916666666666668
5.0,8.75,20.0,14.0,25.0,22.5,135.0,135.0,5.0,5.0,6.0,6.0,1.25,1.25,4.0,4.0,0,0.0,0,0.0,0,0.0,1,1.0,1,1.0,0,0.0,25,25.0,2022,4,26,1,116,1,0,0.8660254037844387,-0.4999999999999998,15.0,11.375,0,2.625,2.75,0.0,25.0,1,2022-04-26,,,,,,,,,,,,0,,80.0,100.0,25,0.0,26.0,0.19047619047619047,20.0,20.0,20.0,2.75,2.75,2.5,6.0,13.0,32.0,20.0,30.0,25.0,20.0,20.0,3.1666666666666665,2.857142857142857,14.666666666666666,17.714285714285715,25.0,24.285714285714285,19.0,0.0,-3.0476190476190492,0.15151515151515152,18.75,0.12916666666666668
5.0,8.75,20.0,14.0,25.0,22.5,180.0,180.0,4.0,4.714285714285714,6.0,5.0,0.5,1.0357142857142858,2.75,2.5,1,1.0,0,0.0,0,0.0,0,0.0,1,1.0,1,1.0,3,3.0,2022,4,27,2,117,1,0,0.8660254037844387,-0.4999999999999998,15.0,11.375,0,1.625,2.25,2.0,3.0,0,2022-04-27,,,,,,,,,,,,0,,55.0,68.75,3,20.0,19.95,0.13095238095238096,20.0,20.0,20.0,4.0,2.75,2.75,25.0,6.0,13.0,25.0,20.0,30.0,20.0,20.0,3.1666666666666665,2.892857142857143,11.333333333333334,13.714285714285714,23.333333333333332,24.285714285714285,-22.0,0.0,-2.3809523809523796,0.15151515151515152,18.75,0.12916666666666668
5.0,8.75,20.0,14.0,30.0,30.0,135.0,135.0,5.0,5.0,5.0,5.0,1.25,1.25,2.5,2.5,1,1.0,0,0.0,0,0.0,0,0.0,1,1.0,2,2.0,36,36.0,2022,5,4,2,124,0,0,0.4999999999999999,-0.8660254037844387,15.0,11.375,1,1.875,1.25,2.0,36.0,0,2022-05-04,,,,,,,,,,,,0,,50.0,75.0,0,20.0,18.7,0.11904761904761904,20.0,20.0,20.0,2.75,4.0,2.75,3.0,25.0,6.0,25.0,25.0,20.0,20.0,20.0,3.0833333333333335,2.857142857142857,21.333333333333332,17.285714285714285,26.666666666666668,25.0,33.0,0.0,4.0476190476190474,0.15151515151515152,7.142857142857142,0.1858974358974359
5.0,8.75,20.0,14.0,30.0,30.0,135.0,135.0,5.0,5.0,5.0,5.0,1.25,1.25,2.5,2.5,1,1.0,0,0.0,0,0.0,0,0.0,1,1.0,2,2.0,36,36.0,2022,5,6,4,126,0,0,0.4999999999999999,-0.8660254037844387,15.0,11.375,1,1.875,1.25,2.0,36.0,0,2022-05-06,,,,,,,,,,,,0,,50.0,75.0,0,20.0,18.7,0.11904761904761904,20.0,20.0,20.0,2.5,2.75,4.0,36.0,3.0,25.0,30.0,25.0,25.0,20.0,20.0,2.5833333333333335,2.8214285714285716,25.0,21.571428571428573,28.333333333333332,26.428571428571427,0.0,0.0,3.428571428571427,0.15151515151515152,7.142857142857142,0.1858974358974359
5.0,8.75,20.0,14.0,20.0,20.0,135.0,135.0,4.0,4.714285714285714,6.0,5.0,0.5,1.0357142857142858,2.75,2.5,1,1.0,0,0.0,0,0.0,0,0.0,1,1.0,1,1.0,3,3.0,2022,5,8,6,128,0,1,0.4999999999999999,-0.8660254037844387,15.0,11.375,0,1.625,2.25,2.0,3.0,0,2022-05-08,,,,,,,,,,,,0,,55.0,55.0,0,20.0,19.95,0.13095238095238096,20.0,20.0,20.0,2.5,2.5,2.75,36.0,36.0,3.0,30.0,30.0,25.0,20.0,20.0,2.5833333333333335,2.857142857142857,25.0,17.428571428571427,26.666666666666668,25.714285714285715,-33.0,0.0,7.571428571428573,0.15151515151515152,7.142857142857142,0.1858974358974359
5.0,8.75,20.0,14.0,25.0,22.5,135.0,135.0,5.0,5.0,5.0,5.0,1.25,1.25,2.5,2.5,0,0.0,0,0.0,0,0.0,0,0.0,1,1.0,0,0.0,20,20.0,2022,5,10,1,130,0,0,0.4999999999999999,-0.8660254037844387,15.0,11.375,0,1.875,1.25,0.0,20.0,0,2022-05-10,,,,,,,,,,,,0,,50.0,62.5,0,0.0,18.5,0.11904761904761904,20.0,20.0,20.0,2.75,2.5,2.5,3.0,36.0,36.0,20.0,30.0,30.0,20.0,20.0,2.5833333333333335,2.8214285714285716,19.666666666666668,18.428571428571427,25.0,25.0,17.0,0.0,1.2380952380952408,0.15151515151515152,7.142857142857142,0.1858974358974359
5.0,8.75,20.0,14.0,25.0,22.5,180.0,180.0,4.0,4.714285714285714,6.0,5.0,0.5,1.0357142857142858,2.75,2.5,1,1.0,0,0.0,0,0.0,0,0.0,0,0.0,1,1.0,3,3.0,2022,5,12,3,132,0,0,0.4999999999999999,-0.8660254037844387,15.0,11.375,0,1.625,2.25,2.0,3.0,0,2022-05-12,,,,,,,,,,,,0,,55.0,68.75,0,20.0,19.95,0.13095238095238096,20.0,20.0,20.0,2.5,2.75,2.5,20.0,3.0,36.0,25.0,20.0,30.0,20.0,20.0,2.6666666666666665,2.8214285714285716,8.666666666666666,18.0,23.333333333333332,25.714285714285715,-17.0,0.0,-9.333333333333334,0.15151515151515152,7.142857142857142,0.1858974358974359
5.0,8.75,20.0,14.0,25.0,25.0,180.0,180.0,4.0,4.714285714285714,6.0,5.0,0.5,1.0357142857142858,2.75,2.5,1,1.0,0,0.0,0,0.0,0,0.0,0,0.0,2,2.0,11,11.0,2022,5,16,0,136,0,0,0.4999999999999999,-0.8660254037844387,15.0,11.375,0,1.625,2.25,2.0,11.0,0,2022-05-16,,,,,,,,,,,,0,,55.0,68.75,0,20.0,19.95,0.13095238095238096,20.0,20.0,20.0,2.75,2.5,2.75,3.0,20.0,3.0,25.0,25.0,20.0,20.0,20.0,2.6666666666666665,2.642857142857143,11.333333333333334,16.0,25.0,25.714285714285715,8.0,0.0,-4.666666666666666,0.15151515151515152,7.142857142857142,0.1858974358974359
5.0,8.75,20.0,14.0,30.0,30.0,135.0,135.0,4.0,4.714285714285714,6.0,5.0,0.5,1.0357142857142858,2.75,2.5,1,1.0,0,0.0,0,0.0,0,0.0,0,0.0,2,2.0,16,16.0,2022,5,17,1,137,0,0,0.4999999999999999,-0.8660254037844387,15.0,11.375,1,1.625,2.25,2.0,16.0,0,2022-05-17,,,,,,,,,,,,0,,55.0,82.5,0,20.0,19.95,0.13095238095238096,20.0,20.0,20.0,2.75,2.75,2.5,11.0,3.0,20.0,25.0,25.0,25.0,20.0,20.0,2.75,2.642857142857143,10.0,17.857142857142858,26.666666666666668,26.428571428571427,5.0,0.0,-7.857142857142858,0.15151515151515152,7.142857142857142,0.1858974358974359
5.0,8.75,20.0,14.0,25.0,25.0,135.0,135.0,4.0,4.714285714285714,6.0,5.0,0.5,1.0357142857142858,2.75,2.5,1,1.0,0,0.0,0,0.0,0,0.0,0,0.0,1,1.0,8,8.0,2022,5,20,4,140,0,0,0.4999999999999999,-0.8660254037844387,15.0,11.375,0,1.625,2.25,2.0,8.0,0,2022-05-20,,,,,,,,,,,,0,,55.0,68.75,0,20.0,19.95,0.13095238095238096,20.0,20.0,20.0,2.75,2.75,2.75,16.0,11.0,3.0,30.0,25.0,25.0,20.0,20.0,2.75,2.6785714285714284,11.666666666666666,13.857142857142858,26.666666666666668,25.714285714285715,-8.0,0.0,-2.1904761904761916,0.15151515151515152,7.142857142857142,0.1858974358974359
5.0,8.75,20.0,14.0,25.0,22.5,135.0,135.0,5.0,5.0,5.0,5.0,1.25,1.25,2.5,2.5,1,1.0,0,0.0,0,0.0,1,1.0,1,1.0,2,2.0,26,26.0,2022,5,21,5,141,0,1,0.4999999999999999,-0.8660254037844387,15.0,11.375,0,1.875,1.25,2.0,26.0,0,2022-05-21,,,,,,,,,,,,0,,50.0,62.5,0,20.0,18.7,0.11904761904761904,20.0,20.0,20.0,2.75,2.75,2.75,8.0,16.0,11.0,25.0,30.0,25.0,20.0,20.0,2.6666666666666665,2.6785714285714284,16.666666666666668,12.428571428571429,26.666666666666668,25.0,18.0,0.0,4.238095238095239,0.15151515151515152,7.142857142857142,0.1858974358974359
5.0,8.75,20.0,14.0,25.0,25.0,135.0,67.5,4.0,4.714285714285714,6.0,5.0,0.5,1.0357142857142858,2.75,2.5,1,0.5,0,0.0,0,0.0,0,0.0,0,0.0,2,1.0,11,8.0,2022,5,22,6,142,0,1,0.4999999999999999,-0.8660254037844387,15.0,11.375,0,1.625,2.25,1.5,11.0,0,2022-05-22,,,,,,,,,,,,0,,55.0,68.75,0,20.0,19.95,0.13095238095238096,20.0,20.0,20.0,2.5,2.75,2.75,26.0,8.0,16.0,25.0,25.0,30.0,20.0,20.0,2.6666666666666665,2.6785714285714284,15.0,13.571428571428571,25.0,25.714285714285715,-15.0,0.0,1.4285714285714288,0.15151515151515152,7.142857142857142,0.1858974358974359
5.0,8.75,20.0,14.0,25.0,25.0,135.0,135.0,5.0,5.0,5.0,5.0,1.25,1.25,2.5,2.5,0,0.0,0,0.0,0,0.0,0,0.0,0,0.0,0,0.0,25,25.0,2022,5,24,1,144,0,0,0.4999999999999999,-0.8660254037844387,15.0,11.375,0,1.875,1.25,0.0,25.0,0,2022-05-24,,,,,,,,,,,,0,,50.0,62.5,0,0.0,18.5,0.11904761904761904,20.0,20.0,20.0,2.75,2.5,2.75,11.0,26.0,8.0,25.0,25.0,25.0,20.0,20.0,2.5833333333333335,2.6785714285714284,20.666666666666668,14.285714285714286,25.0,25.714285714285715,14.0,0.0,6.380952380952381,0.15151515151515152,7.142857142857142,0.1858974358974359
5.0,8.75,20.0,14.0,25.0,22.5,135.0,135.0,4.0,4.714285714285714,6.0,5.0,0.5,1.0357142857142858,2.75,2.5,0,0.0,0,0.0,0,0.0,0,0.0,1,1.0,0,0.0,0,0.0,2022,5,25,2,145,0,0,0.4999999999999999,-0.8660254037844387,15.0,11.375,0,1.625,2.25,0.0,0.0,0,2022-05-25,,,,,,,,,,,,0,,55.0,68.75,0,0.0,19.75,0.13095238095238096,20.0,20.0,20.0,2.5,2.75,2.5,25.0,11.0,26.0,25.0,25.0,25.0,20.0,20.0,2.6666666666666665,2.6785714285714284,12.0,13.857142857142858,25.0,25.714285714285715,-25.0,0.0,-1.8571428571428577,0.15151515151515152,7.142857142857142,0.1858974358974359
5.0,8.75,20.0,14.0,25.0,22.5,135.0,135.0,4.0,4.714285714285714,6.0,5.0,0.5,1.0357142857142858,2.75,2.5,0,0.0,0,0.0,0,0.0,0,0.0,1,1.0,0,0.0,0,0.0,2022,5,30,0,150,0,0,0.4999999999999999,-0.8660254037844387,15.0,11.375,0,1.625,2.25,0.0,0.0,0,2022-05-30,,,,,,,,,,,,0,,55.0,68.75,0,0.0,19.75,0.13095238095238096,20.0,20.0,20.0,2.75,2.5,2.75,0.0,25.0,11.0,25.0,25.0,25.0,20.0,20.0,2.6666666666666665,2.6785714285714284,8.333333333333334,12.285714285714286,25.0,25.714285714285715,0.0,0.0,-3.9523809523809526,0.15151515151515152,7.142857142857142,0.1858974358974359
5.0,8.75,20.0,14.0,25.0,22.5,180.0,180.0,5.0,5.0,5.0,5.0,1.25,1.25,2.5,2.5,1,1.0,0,0.0,0,0.0,0,0.0,1,1.0,2,2.0,26,26.0,2022,5,31,1,151,0,0,0.4999999999999999,-0.8660254037844387,15.0,11.375,0,1.875,1.25,2.0,26.0,1,2022-05-31,,,,,,,,,,,,0,,50.0,62.5,0,20.0,18.7,0.11904761904761904,20.0,20.0,20.0,2.75,2.75,2.5,0.0,0.0,25.0,25.0,25.0,25.0,20.0,20.0,2.6666666666666665,2.642857142857143,8.666666666666666,13.714285714285714,25.0,25.0,26.0,0.0,-5.0476190476190474,0.15151515151515152,7.142857142857142,0.1858974358974359
5.0,8.75,20.0,14.0,25.0,22.5,135.0,135.0,5.0,5.0,5.0,5.0,1.25,1.25,2.5,2.5,1,1.0,0,0.0,0,0.0,0,0.0,0,0.0,2,2.0,26,26.0,2022,6,1,2,152,0,0,1.2246467991473532e-16,-1.0,15.0,11.375,0,1.875,1.25,2.0,26.0,0,2022-06-01,,,,,,,,,,,,0,,50.0,62.5,0,20.0,18.7,0.11904761904761904,20.0,20.0,20.0,2.5,2.75,2.75,26.0,0.0,0.0,25.0,25.0,25.0,20.0,20.0,2.5833333333333335,2.607142857142857,17.333333333333332,16.285714285714285,25.0,25.0,0.0,0.0,1.0476190476190474,0.15151515151515152,10.714285714285714,0.1858974358974359
5.0,8.75,20.0,14.0,25.0,25.0,135.0,135.0,4.0,4.714285714285714,6.0,5.0,0.5,1.0357142857142858,2.75,2.5,1,1.0,0,0.0,0,0.0,0,0.0,0,0.0,1,1.0,8,8.0,2022,6,4,5,155,0,1,1.2246467991473532e-16,-1.0,15.0,11.375,0,1.625,2.25,2.0,8.0,0,2022-06-04,,,,,,,,,,,,0,,55.0,68.75,0,20.0,19.95,0.13095238095238096,20.0,20.0,20.0,2.5,2.5,2.75,26.0,26.0,0.0,25.0,25.0,25.0,20.0,20.0,2.5833333333333335,2.642857142857143,20.0,13.714285714285714,25.0,25.0,-18.0,0.0,6.2857142857142865,0.15151515151515152,10.714285714285714,0.1858974358974359
5.0,8.75,20.0,14.0,25.0,25.0,135.0,135.0,5.0,5.0,5.0,5.0,1.25,1.25,2.5,2.5,1,1.0,0,0.0,0,0.0,0,0.0,0,0.0,2,2.0,31,31.0,2022,6,7,1,158,0,0,1.2246467991473532e-16,-1.0,15.0,11.375,0,1.875,1.25,2.0,31.0,1,2022-06-07,,,,,,,,,,,,0,,50.0,62.5,0,20.0,18.7,0.11904761904761904,20.0,20.0,20.0,2.75,2.5,2.5,8.0,26.0,26.0,25.0,25.0,25.0,20.0,20.0,2.5833333333333335,2.607142857142857,21.666666666666668,16.571428571428573,25.0,25.0,23.0,0.0,5.095238095238095,0.15151515151515152,10.714285714285714,0.1858974358974359
5.0,8.75,20.0,14.0,25.0,22.5,180.0,180.0,4.0,4.714285714285714,6.0,5.0,0.5,1.0357142857142858,2.75,2.5,1,1.0,0,0.0,0,0.0,0,0.0,1,1.0,2,2.0,6,6.0,2022,6,10,4,161,0,0,1.2246467991473532e-16,-1.0,15.0,11.375,0,1.625,2.25,2.0,6.0,0,2022-06-10,,,,,,,,,,,,0,,55.0,68.75,0,20.0,19.95,0.13095238095238096,20.0,20.0,20.0,2.5,2.75,2.5,31.0,8.0,26.0,25.0,25.0,25.0,20.0,20.0,2.6666666666666665,2.642857142857143,15.0,13.857142857142858,25.0,25.0,-25.0,0.0,1.1428571428571423,0.15151515151515152,10.714285714285714,0.1858974358974359
5.0,8.75,20.0,14.0,25.0,22.5,180.0,180.0,4.0,4.714285714285714,6.0,5.0,0.5,1.0357142857142858,2.75,2.5,1,1.0,0,0.0,0,0.0,0,0.0,0,0.0,2,2.0,6,6.0,2022,6,13,0,164,0,0,1.2246467991473532e-16,-1.0,15.0,11.375,0,1.625,2.25,2.0,6.0,0,2022-06-13,,,,,,,,,,,,0,,55.0,68.75,0,20.0,19.95,0.13095238095238096,20.0,20.0,20.0,2.75,2.5,2.75,6.0,31.0,8.0,25.0,25.0,25.0,20.0,20.0,2.6666666666666665,2.642857142857143,14.333333333333334,14.714285714285714,25.0,25.0,0.0,0.0,-0.3809523809523796,0.15151515151515152,10.714285714285714,0.1858974358974359
5.0,8.75,20.0,14.0,25.0,22.5,135.0,135.0,5.0,5.0,5.0,5.0,1.25,1.25,2.5,2.5,1,1.0,0,0.0,0,0.0,0,0.0,1,1.0,2,2.0,26,26.0,2022,6,15,2,166,0,0,1.2246467991473532e-16,-1.0,15.0,11.375,0,1.875,1.25,2.0,26.0,0,2022-06-15,,,,,,,,,,,,0,,50.0,62.5,0,20.0,18.7,0.11904761904761904,20.0,20.0,20.0,2.75,2.75,2.5,6.0,6.0,31.0,25.0,25.0,25.0,20.0,20.0,2.6666666666666665,2.607142857142857,12.666666666666666,18.428571428571427,25.0,25.0,20.0,0.0,-5.761904761904761,0.15151515151515152,10.714285714285714,0.1858974358974359
5.0,8.75,20.0,14.0,25.0,22.5,135.0,135.0,5.0,5.0,5.0,5.0,1.25,1.25,2.5,2.5,1,1.0,0,0.0,0,0.0,0,0.0,1,1.0,2,2.0,26,26.0,2022,6,16,3,167,0,0,1.2246467991473532e-16,-1.0,15.0,11.375,0,1.875,1.25,2.0,26.0,0,2022-06-16,,,,,,,,,,,,0,,50.0,62.5,0,20.0,18.7,0.11904761904761904,20.0,20.0,20.0,2.5,2.75,2.75,26.0,6.0,6.0,25.0,25.0,25.0,20.0,20.0,2.5833333333333335,2.607142857142857,19.333333333333332,18.428571428571427,25.0,25.0,0.0,0.0,0.9047619047619051,0.15151515151515152,10.714285714285714,0.1858974358974359
5.0,8.75,20.0,14.0,25.0,22.5,180.0,180.0,5.0,5.0,5.0,5.0,1.25,1.25,2.0,2.0,1,1.0,0,0.0,0,0.0,0,0.0,0,0.0,1,1.0,23,23.0,2022,6,17,4,168,0,0,1.2246467991473532e-16,-1.0,15.0,11.375,0,1.625,0.75,2.0,23.0,0,2022-06-17,,,,,,,,,,,,0,,40.0,50.0,0,20.0,16.2,0.09523809523809523,20.0,20.0,20.0,2.5,2.5,2.75,26.0,26.0,6.0,25.0,25.0,25.0,20.0,20.0,2.3333333333333335,2.5357142857142856,25.0,18.0,25.0,25.0,-3.0,0.0,7.0,0.15151515151515152,10.714285714285714,0.1858974358974359
5.0,8.75,20.0,14.0,25.0,22.5,135.0,135.0,5.0,5.0,5.0,5.0,1.25,1.25,2.5,2.5,1,1.0,0,0.0,0,0.0,0,0.0,0,0.0,2,2.0,26,26.0,2022,6,18,5,169,0,1,1.2246467991473532e-16,-1.0,15.0,11.375,0,1.875,1.25,2.0,26.0,0,2022-06-18,,,,,,,,,,,,0,,50.0,62.5,0,20.0,18.7,0.11904761904761904,20.0,20.0,20.0,2.0,2.5,2.5,23.0,26.0,26.0,25.0,25.0,25.0,20.0,20.0,2.3333333333333335,2.5,25.0,20.571428571428573,25.0,25.0,3.0,0.0,4.428571428571427,0.15151515151515152,10.714285714285714,0.1858974358974359
5.0,8.75,20.0,14.0,30.0,30.0,135.0,135.0,6.0,6.0,6.0,6.0,2.5,2.5,3.0,3.0,1,1.0,0,0.0,0,0.0,0,0.0,0,0.0,2,2.0,41,41.0,2022,6,21,1,172,0,0,1.2246467991473532e-16,-1.0,15.0,11.375,1,2.75,0.5,2.0,41.0,0,2022-06-21,,,,,,,,,,,,0,,60.0,90.0,0,20.0,21.2,0.14285714285714285,20.0,20.0,20.0,2.5,2.0,2.5,26.0,23.0,26.0,25.0,25.0,25.0,20.0,20.0,2.5,2.5714285714285716,30.0,22.0,26.666666666666668,25.714285714285715,15.0,0.0,8.0,0.15151515151515152,10.714285714285714,0.1858974358974359
5.0,8.75,20.0,14.0,30.0,30.0,135.0,135.0,4.0,4.714285714285714,6.0,5.0,0.5,1.0357142857142858,2.75,2.5,1,1.0,0,0.0,0,0.0,0,0.0,0,0.0,2,2.0,16,16.0,2022,6,22,2,173,0,0,1.2246467991473532e-16,-1.0,15.0,11.375,1,1.625,2.25,2.0,16.0,0,2022-06-22,,,,,,,,,,,,0,,55.0,82.5,0,20.0,19.95,0.13095238095238096,20.0,20.0,20.0,3.0,2.5,2.0,41.0,26.0,23.0,30.0,25.0,25.0,20.0,20.0,2.75,2.5714285714285716,27.666666666666668,23.428571428571427,28.333333333333332,26.428571428571427,-25.0,0.0,4.238095238095241,0.15151515151515152,10.714285714285714,0.1858974358974359
5.0,8.75,20.0,14.0,33.0,33.0,135.0,135.0,4.0,4.714285714285714,6.0,5.0,0.5,1.0357142857142858,2.75,2.5,1,1.0,0,0.0,0,0.0,0,0.0,0,0.0,2,2.0,16,16.0,2022,6,25,5,176,0,1,1.2246467991473532e-16,-1.0,15.0,11.375,1,1.625,2.25,2.0,16.0,0,2022-06-25,,,,,,,,,,,,0,,55.0,90.75,0,20.0,19.95,0.13095238095238096,20.0,20.0,20.0,2.75,3.0,2.5,16.0,41.0,26.0,30.0,30.0,25.0,20.0,20.0,2.8333333333333335,2.5714285714285716,24.333333333333332,24.857142857142858,31.0,27.571428571428573,0.0,0.0,-0.5238095238095255,0.15151515151515152,10.714285714285714,0.1858974358974359
5.0,8.75,20.0,14.0,25.0,22.5,135.0,135.0,6.0,6.0,6.0,6.0,2.5,2.5,4.0,4.0,1,1.0,0,0.0,0,0.0,0,0.0,0,0.0,2,2.0,31,31.0,2022,6,30,3,181,0,0,1.2246467991473532e-16,-1.0,15.0,11.375,0,3.25,1.5,2.0,31.0,0,2022-06-30,,,,,,,,,,,,0,,80.0,100.0,0,20.0,26.2,0.19047619047619047,20.0,20.0,20.0,2.75,2.75,3.0,16.0,16.0,41.0,33.0,30.0,30.0,20.0,20.0,3.1666666666666665,2.7857142857142856,21.0,25.571428571428573,29.333333333333332,27.571428571428573,15.0,0.0,-4.571428571428573,0.15151515151515152,10.714285714285714,0.1858974358974359
5.0,8.75,20.0,14.0,30.0,30.0,135.0,135.0,6.0,6.0,6.0,6.0,2.5,2.5,4.0,4.0,1,1.0,0,0.0,0,0.0,0,0.0,0,0.0,2,2.0,41,41.0,2022,7,3,6,184,0,1,-0.4999999999999997,-0.8660254037844388,15.0,11.375,1,3.25,1.5,2.0,41.0,1,2022-07-03,,,,,,,,,,,,0,,80.0,120.0,0,20.0,26.2,0.19047619047619047,20.0,20.0,20.0,4.0,2.75,2.75,31.0,16.0,16.0,25.0,33.0,30.0,20.0,20.0,3.5833333333333335,3.0,29.333333333333332,27.714285714285715,29.333333333333332,28.285714285714285,10.0,0.0,1.6190476190476168,0.15151515151515152,20.833333333333336,0.1858974358974359
5.0,8.75,20.0,14.0,30.0,30.0,135.0,135.0,6.0,6.0,6.0,6.0,2.5,2.5,4.0,4.0,1,1.0,0,0.0,0,0.0,0,0.0,0,0.0,1,1.0,38,38.0,2022,7,8,4,189,0,0,-0.4999999999999997,-0.8660254037844388,15.0,11.375,1,3.25,1.5,2.0,38.0,0,2022-07-08,,,,,,,,,,,,0,,80.0,120.0,0,20.0,26.2,0.19047619047619047,20.0,20.0,20.0,4.0,4.0,2.75,41.0,31.0,16.0,30.0,25.0,33.0,20.0,20.0,4.0,3.2857142857142856,36.666666666666664,29.857142857142858,28.333333333333332,29.0,-3.0,0.0,6.809523809523807,0.15151515151515152,20.833333333333336,0.1858974358974359
5.0,8.75,20.0,14.0,30.0,30.0,135.0,135.0,6.0,6.0,6.0,6.0,2.5,2.5,4.0,4.0,1,1.0,0,0.0,0,0.0,0,0.0,0,0.0,1,1.0,38,38.0,2022,7,11,0,192,0,0,-0.4999999999999997,-0.8660254037844388,15.0,11.375,1,3.25,1.5,2.0,38.0,0,2022-07-11,,,,,,,,,,,,0,,80.0,120.0,0,20.0,26.2,0.19047619047619047,20.0,20.0,20.0,4.0,4.0,4.0,38.0,41.0,31.0,30.0,30.0,25.0,20.0,20.0,4.0,3.5,39.0,31.571428571428573,30.0,29.714285714285715,0.0,0.0,7.428571428571427,0.15151515151515152,20.833333333333336,0.1858974358974359
5.0,8.75,20.0,14.0,30.0,30.0,135.0,135.0,6.0,6.0,6.0,6.0,2.5,2.5,4.0,4.0,1,1.0,0,0.0,0,0.0,0,0.0,0,0.0,2,2.0,41,41.0,2022,7,12,1,193,0,0,-0.4999999999999997,-0.8660254037844388,15.0,11.375,1,3.25,1.5,2.0,41.0,0,2022-07-12,,,,,,,,,,,,0,,80.0,120.0,0,20.0,26.2,0.19047619047619047,20.0,20.0,20.0,4.0,4.0,4.0,38.0,38.0,41.0,30.0,30.0,30.0,20.0,20.0,4.0,3.642857142857143,39.0,31.571428571428573,30.0,29.714285714285715,3.0,0.0,7.428571428571427,0.15151515151515152,20.833333333333336,0.1858974358974359
5.0,8.75,20.0,14.0,25.0,25.0,135.0,135.0,5.0,5.0,5.0,5.0,1.25,1.25,2.5,2.5,1,1.0,0,0.0,0,0.0,0,0.0,0,0.0,1,1.0,28,28.0,2022,7,15,4,196,0,0,-0.4999999999999997,-0.8660254037844388,15.0,11.375,0,1.875,1.25,2.0,28.0,0,2022-07-15,,,,,,,,,,,,0,,50.0,62.5,0,20.0,18.7,0.11904761904761904,20.0,20.0,20.0,4.0,4.0,4.0,41.0,38.0,38.0,30.0,30.0,30.0,20.0,20.0,3.5,3.607142857142857,35.666666666666664,33.285714285714285,28.333333333333332,29.0,-13.0,0.0,2.3809523809523796,0.15151515151515152,20.833333333333336,0.1858974358974359
5.0,8.75,20.0,14.0,30.0,30.0,135.0,135.0,4.0,4.714285714285714,6.0,5.0,0.5,1.0357142857142858,2.75,2.5,1,1.0,0,0.0,0,0.0,0,0.0,0,0.0,1,1.0,13,13.0,2022,7,19,1,200,0,0,-0.4999999999999997,-0.8660254037844388,15.0,11.375,1,1.625,2.25,2.0,13.0,0,2022-07-19,,,,,,,,,,,,0,,55.0,82.5,0,20.0,19.95,0.13095238095238096,20.0,20.0,20.0,2.5,4.0,4.0,28.0,41.0,38.0,25.0,30.0,30.0,20.0,20.0,3.0833333333333335,3.607142857142857,27.333333333333332,32.857142857142854,28.333333333333332,28.571428571428573,-15.0,0.0,-5.523809523809522,0.15151515151515152,20.833333333333336,0.1858974358974359
5.0,8.75,20.0,14.0,30.0,30.0,135.0,135.0,4.0,4.714285714285714,6.0,5.0,0.5,1.0357142857142858,2.75,2.5,1,1.0,0,0.0,0,0.0,0,0.0,0,0.0,2,2.0,16,16.0,2022,7,20,2,201,0,0,-0.4999999999999997,-0.8660254037844388,15.0,11.375,1,1.625,2.25,2.0,16.0,0,2022-07-20,,,,,,,,,,,,0,,55.0,82.5,0,20.0,19.95,0.13095238095238096,20.0,20.0,20.0,2.75,2.5,4.0,13.0,28.0,41.0,30.0,25.0,30.0,20.0,20.0,2.6666666666666665,3.4285714285714284,19.0,30.714285714285715,28.333333333333332,29.285714285714285,3.0,0.0,-11.714285714285715,0.15151515151515152,20.833333333333336,0.1858974358974359
5.0,8.75,20.0,14.0,30.0,30.0,135.0,135.0,4.0,4.714285714285714,6.0,5.0,0.5,1.0357142857142858,2.75,2.5,1,1.0,0,0.0,0,0.0,0,0.0,0,0.0,2,2.0,16,16.0,2022,7,21,3,202,0,0,-0.4999999999999997,-0.8660254037844388,15.0,11.375,1,1.625,2.25,2.0,16.0,0,2022-07-21,,,,,,,,,,,,0,,55.0,82.5,0,20.0,19.95,0.13095238095238096,20.0,20.0,20.0,2.75,2.75,2.5,16.0,13.0,28.0,30.0,30.0,25.0,20.0,20.0,2.75,3.25,15.0,27.142857142857142,30.0,29.285714285714285,0.0,0.0,-12.142857142857142,0.15151515151515152,20.833333333333336,0.1858974358974359
5.0,8.75,20.0,14.0,30.0,30.0,135.0,135.0,4.0,4.714285714285714,6.0,5.0,0.5,1.0357142857142858,2.75,2.5,1,1.0,0,0.0,0,0.0,0,0.0,0,0.0,1,1.0,13,13.0,2022,7,22,4,203,0,0,-0.4999999999999997,-0.8660254037844388,15.0,11.375,1,1.625,2.25,2.0,13.0,1,2022-07-22,,,,,,,,,,,,0,,55.0,82.5,0,20.0,19.95,0.13095238095238096,20.0,20.0,20.0,2.75,2.75,2.75,16.0,16.0,13.0,30.0,30.0,30.0,20.0,20.0,2.75,3.0714285714285716,15.0,23.571428571428573,30.0,29.285714285714285,-3.0,0.0,-8.571428571428573,0.15151515151515152,20.833333333333336,0.1858974358974359
5.0,8.75,20.0,14.0,25.0,22.5,135.0,135.0,4.0,4.714285714285714,6.0,5.0,0.5,1.0357142857142858,2.75,2.5,1,1.0,0,0.0,0,0.0,0,0.0,1,1.0,2,2.0,6,6.0,2022,7,24,6,205,0,1,-0.4999999999999997,-0.8660254037844388,15.0,11.375,0,1.625,2.25,2.0,6.0,0,2022-07-24,,,,,,,,,,,,0,,55.0,68.75,0,20.0,19.95,0.13095238095238096,20.0,20.0,20.0,2.75,2.75,2.75,13.0,16.0,16.0,30.0,30.0,30.0,20.0,20.0,2.75,2.892857142857143,11.666666666666666,19.0,28.333333333333332,28.571428571428573,-7.0,0.0,-7.333333333333334,0.15151515151515152,20.833333333333336,0.1858974358974359
5.0,8.75,20.0,14.0,25.0,22.5,180.0,180.0,5.0,5.0,5.0,5.0,1.25,1.25,2.5,2.5,0,0.0,0,0.0,0,0.0,0,0.0,1,1.0,0,0.0,20,20.0,2022,7,26,1,207,0,0,-0.4999999999999997,-0.8660254037844388,15.0,11.375,0,1.875,1.25,0.0,20.0,1,2022-07-26,,,,,,,,,,,,0,,50.0,62.5,0,0.0,18.5,0.11904761904761904,20.0,20.0,20.0,2.75,2.75,2.75,6.0,13.0,16.0,25.0,30.0,30.0,20.0,20.0,2.6666666666666665,2.6785714285714284,13.0,16.0,26.666666666666668,27.857142857142858,14.0,0.0,-3.0,0.15151515151515152,20.833333333333336,0.1858974358974359
5.0,8.75,20.0,14.0,25.0,25.0,135.0,135.0,5.0,5.0,5.0,5.0,1.25,1.25,2.5,2.5,1,1.0,0,0.0,0,0.0,0,0.0,0,0.0,2,2.0,31,31.0,2022,7,30,5,211,0,1,-0.4999999999999997,-0.8660254037844388,15.0,11.375,0,1.875,1.25,2.0,31.0,1,2022-07-30,,,,,,,,,,,,0,,50.0,62.5,0,20.0,18.7,0.11904761904761904,20.0,20.0,20.0,2.5,2.75,2.75,20.0,6.0,13.0,25.0,25.0,30.0,20.0,20.0,2.5833333333333335,2.6785714285714284,19.0,16.428571428571427,25.0,27.857142857142858,11.0,0.0,2.571428571428573,0.15151515151515152,20.833333333333336,0.1858974358974359
5.0,8.75,20.0,14.0,25.0,25.0,135.0,135.0,5.0,5.0,5.0,5.0,1.25,1.25,2.5,2.5,1,1.0,0,0.0,0,0.0,0,0.0,0,0.0,3,3.0,34,34.0,2022,8,1,0,213,0,0,-0.8660254037844384,-0.5000000000000004,15.0,11.375,0,1.875,1.25,2.0,34.0,0,2022-08-01,,,,,,,,,,,,0,,50.0,62.5,0,20.0,18.7,0.11904761904761904,20.0,20.0,20.0,2.5,2.5,2.75,31.0,20.0,6.0,25.0,25.0,25.0,20.0,20.0,2.5,2.642857142857143,28.333333333333332,19.428571428571427,25.0,27.142857142857142,3.0,0.0,8.904761904761905,0.15151515151515152,20.0,0.1858974358974359
5.0,8.75,20.0,14.0,25.0,25.0,135.0,135.0,5.0,5.0,5.0,5.0,1.25,1.25,2.5,2.5,1,1.0,0,0.0,0,0.0,0,0.0,0,0.0,3,3.0,34,34.0,2022,8,2,1,214,0,0,-0.8660254037844384,-0.5000000000000004,15.0,11.375,0,1.875,1.25,2.0,34.0,0,2022-08-02,,,,,,,,,,,,0,,50.0,62.5,0,20.0,18.7,0.11904761904761904,20.0,20.0,20.0,2.5,2.5,2.5,34.0,31.0,20.0,25.0,25.0,25.0,20.0,20.0,2.5,2.607142857142857,33.0,22.0,25.0,26.428571428571427,0.0,0.0,11.0,0.15151515151515152,20.0,0.1858974358974359
5.0,8.75,20.0,14.0,25.0,25.0,135.0,135.0,5.0,5.0,5.0,5.0,1.25,1.25,2.5,2.5,1,1.0,0,0.0,0,0.0,0,0.0,0,0.0,2,2.0,31,31.0,2022,8,3,2,215,0,0,-0.8660254037844384,-0.5000000000000004,15.0,11.375,0,1.875,1.25,2.0,31.0,0,2022-08-03,,,,,,,,,,,,0,,50.0,62.5,0,20.0,18.7,0.11904761904761904,20.0,20.0,20.0,2.5,2.5,2.5,34.0,34.0,31.0,25.0,25.0,25.0,20.0,20.0,2.5,2.5714285714285716,33.0,24.142857142857142,25.0,25.714285714285715,-3.0,0.0,8.857142857142858,0.15151515151515152,20.0,0.1858974358974359
5.0,8.75,20.0,14.0,30.0,30.0,135.0,135.0,4.0,4.714285714285714,6.0,5.0,0.5,1.0357142857142858,2.75,2.5,1,1.0,0,0.0,0,0.0,0,0.0,0,0.0,3,3.0,19,19.0,2022,9,23,4,266,0,0,-1.0,-1.8369701987210294e-16,15.0,11.375,1,1.625,2.25,2.0,19.0,0,2022-09-23,,,,,,,,,,,,0,,55.0,82.5,0,20.0,19.95,0.13095238095238096,20.0,20.0,20.0,2.5,2.5,2.5,31.0,34.0,34.0,25.0,25.0,25.0,20.0,20.0,2.5833333333333335,2.5714285714285716,28.0,25.0,26.666666666666668,25.714285714285715,-12.0,0.0,3.0,0.15151515151515152,26.47058823529412,0.1858974358974359
5.0,8.75,20.0,14.0,25.0,22.5,180.0,180.0,4.0,4.714285714285714,6.0,5.0,0.5,1.0357142857142858,2.75,2.5,1,1.0,0,0.0,0,0.0,0,0.0,0,0.0,2,2.0,6,6.0,2022,9,26,0,269,0,0,-1.0,-1.8369701987210294e-16,15.0,11.375,0,1.625,2.25,2.0,6.0,0,2022-09-26,,,,,,,,,,,,0,,55.0,68.75,0,20.0,19.95,0.13095238095238096,20.0,20.0,20.0,2.75,2.5,2.5,19.0,31.0,34.0,30.0,25.0,25.0,20.0,20.0,2.6666666666666665,2.5714285714285716,18.666666666666668,25.0,26.666666666666668,25.714285714285715,-13.0,0.0,-6.333333333333332,0.15151515151515152,26.47058823529412,0.1858974358974359
5.0,8.75,20.0,14.0,25.0,25.0,180.0,180.0,4.0,4.714285714285714,6.0,5.0,0.5,1.0357142857142858,2.75,2.5,1,1.0,0,0.0,0,0.0,0,0.0,0,0.0,2,2.0,11,11.0,2022,9,27,1,270,0,0,-1.0,-1.8369701987210294e-16,15.0,11.375,0,1.625,2.25,2.0,11.0,0,2022-09-27,,,,,,,,,,,,0,,55.0,68.75,0,20.0,19.95,0.13095238095238096,20.0,20.0,20.0,2.75,2.75,2.5,6.0,19.0,31.0,25.0,30.0,25.0,20.0,20.0,2.75,2.607142857142857,12.0,23.714285714285715,26.666666666666668,25.714285714285715,5.0,0.0,-11.714285714285715,0.15151515151515152,26.47058823529412,0.1858974358974359
5.0,8.75,20.0,14.0,25.0,25.0,135.0,135.0,5.0,5.0,5.0,5.0,1.25,1.25,2.5,2.5,1,1.0,0,0.0,0,0.0,0,0.0,0,0.0,2,2.0,31,31.0,2022,9,28,2,271,0,0,-1.0,-1.8369701987210294e-16,15.0,11.375,0,1.875,1.25,2.0,31.0,0,2022-09-28,,,,,,,,,,,,0,,50.0,62.5,0,20.0,18.7,0.11904761904761904,20.0,20.0,20.0,2.75,2.75,2.75,11.0,6.0,19.0,25.0,25.0,30.0,20.0,20.0,2.6666666666666665,2.607142857142857,16.0,23.714285714285715,25.0,25.714285714285715,20.0,0.0,-7.714285714285715,0.15151515151515152,26.47058823529412,0.1858974358974359
5.0,8.75,20.0,14.0,25.0,25.0,135.0,135.0,5.0,5.0,6.0,6.0,1.25,1.25,2.8,2.8,1,1.0,0,0.0,0,0.0,0,0.0,0,0.0,2,2.0,36,36.0,2022,9,29,3,272,0,0,-1.0,-1.8369701987210294e-16,15.0,11.375,0,2.025,1.5499999999999998,2.0,36.0,0,2022-09-29,,,,,,,,,,,,0,,56.0,70.0,0,20.0,20.2,0.13333333333333333,20.0,20.0,20.0,2.5,2.75,2.75,31.0,11.0,6.0,25.0,25.0,25.0,20.0,20.0,2.6833333333333336,2.65,26.0,24.0,25.0,25.714285714285715,5.0,0.0,2.0,0.15151515151515152,26.47058823529412,0.1858974358974359
5.0,8.75,20.0,14.0,25.0,25.0,135.0,135.0,5.0,5.0,6.0,6.0,1.25,1.25,2.7,2.7,1,1.0,0,0.0,0,0.0,0,0.0,0,0.0,2,2.0,36,36.0,2022,9,30,4,273,0,0,-1.0,-1.8369701987210294e-16,15.0,11.375,0,1.975,1.4500000000000002,2.0,36.0,1,2022-09-30,,,,,,,,,,,,0,,54.0,67.5,0,20.0,19.7,0.1285714285714286,20.0,20.0,20.0,2.8,2.5,2.75,36.0,31.0,11.0,25.0,25.0,25.0,20.0,20.0,2.6666666666666665,2.6785714285714284,34.333333333333336,24.285714285714285,25.0,25.714285714285715,0.0,0.0,10.047619047619051,0.15151515151515152,26.47058823529412,0.1858974358974359
5.0,8.75,20.0,14.0,25.0,25.0,135.0,135.0,5.0,5.0,5.0,5.0,1.25,1.25,2.5,2.5,1,1.0,0,0.0,0,0.0,0,0.0,1,1.0,2,2.0,31,31.0,2022,10,4,1,277,0,0,-0.8660254037844386,0.5000000000000001,15.0,11.375,0,1.875,1.25,2.0,31.0,0,2022-10-04,,,,,,,,,,,,0,,50.0,62.5,0,20.0,18.7,0.11904761904761904,20.0,20.0,20.0,2.7,2.8,2.5,36.0,36.0,31.0,25.0,25.0,25.0,20.0,20.0,2.6666666666666665,2.6785714285714284,34.333333333333336,24.285714285714285,25.0,25.714285714285715,-5.0,0.0,10.047619047619051,0.15151515151515152,19.444444444444446,0.1858974358974359
5.0,8.75,20.0,14.0,25.0,25.0,135.0,135.0,5.0,5.0,6.0,6.0,1.25,1.25,4.0,4.0,1,1.0,0,0.0,0,0.0,0,0.0,0,0.0,2,2.0,36,36.0,2022,10,5,2,278,0,0,-0.8660254037844386,0.5000000000000001,15.0,11.375,0,2.625,2.75,2.0,36.0,0,2022-10-05,,,,,,,,,,,,0,,80.0,100.0,0,20.0,26.2,0.19047619047619047,20.0,20.0,20.0,2.5,2.7,2.8,31.0,36.0,36.0,25.0,25.0,25.0,20.0,20.0,3.0666666666666664,2.857142857142857,34.333333333333336,26.714285714285715,25.0,25.0,5.0,0.0,7.61904761904762,0.15151515151515152,19.444444444444446,0.1858974358974359
5.0,8.75,20.0,14.0,25.0,25.0,135.0,135.0,4.0,4.714285714285714,6.0,5.0,0.5,1.0357142857142858,2.75,2.5,1,1.0,0,0.0,0,0.0,0,0.0,0,0.0,2,2.0,11,11.0,2022,10,6,3,279,0,0,-0.8660254037844386,0.5000000000000001,15.0,11.375,0,1.625,2.25,2.0,11.0,0,2022-10-06,,,,,,,,,,,,0,,55.0,68.75,0,20.0,19.95,0.13095238095238096,20.0,20.0,20.0,4.0,2.5,2.7,36.0,31.0,36.0,25.0,25.0,25.0,20.0,20.0,3.0833333333333335,2.857142857142857,26.0,27.428571428571427,25.0,25.0,-25.0,0.0,-1.428571428571427,0.15151515151515152,19.444444444444446,0.1858974358974359
5.0,8.75,20.0,14.0,25.0,22.5,180.0,180.0,5.0,5.0,5.0,5.0,1.25,1.25,2.5,2.5,1,1.0,0,0.0,0,0.0,0,0.0,1,1.0,2,2.0,26,26.0,2022,10,9,6,282,0,1,-0.8660254037844386,0.5000000000000001,15.0,11.375,0,1.875,1.25,2.0,26.0,0,2022-10-09,,,,,,,,,,,,0,,50.0,62.5,0,20.0,18.7,0.11904761904761904,20.0,20.0,20.0,2.75,4.0,2.5,11.0,36.0,31.0,25.0,25.0,25.0,20.0,20.0,3.0833333333333335,2.8214285714285716,24.333333333333332,29.571428571428573,25.0,25.0,15.0,0.0,-5.238095238095241,0.15151515151515152,19.444444444444446,0.1858974358974359
5.0,8.75,20.0,14.0,25.0,22.5,180.0,180.0,5.0,5.0,5.0,5.0,1.25,1.25,2.5,2.5,1,1.0,0,0.0,0,0.0,0,0.0,1,1.0,2,2.0,26,26.0,2022,10,10,0,283,0,0,-0.8660254037844386,0.5000000000000001,15.0,11.375,0,1.875,1.25,2.0,26.0,0,2022-10-10,,,,,,,,,,,,0,,50.0,62.5,0,20.0,18.7,0.11904761904761904,20.0,20.0,20.0,2.5,2.75,4.0,26.0,11.0,36.0,25.0,25.0,25.0,20.0,20.0,2.5833333333333335,2.8214285714285716,21.0,28.857142857142858,25.0,25.0,0.0,0.0,-7.857142857142858,0.15151515151515152,19.444444444444446,0.1858974358974359
5.0,8.75,20.0,14.0,15.0,15.0,90.0,90.0,5.0,5.0,5.0,5.0,1.25,1.25,2.5,2.5,1,1.0,0,0.0,0,0.0,0,0.0,0,0.0,1,1.0,23,23.0,2022,10,27,3,300,0,0,-0.8660254037844386,0.5000000000000001,15.0,11.375,0,1.875,1.25,2.0,23.0,0,2022-10-27,,,,,,,,,,,,0,,50.0,37.5,0,20.0,18.7,0.11904761904761904,20.0,20.0,20.0,2.5,2.5,2.75,26.0,26.0,11.0,25.0,25.0,25.0,20.0,20.0,2.5,2.7785714285714285,25.0,27.0,21.666666666666668,23.571428571428573,-3.0,0.0,-2.0,0.15151515151515152,19.444444444444446,0.1858974358974359
5.0,8.75,20.0,14.0,15.0,15.0,90.0,90.0,5.0,5.0,5.0,5.0,1.25,1.25,2.5,2.5,1,1.0,0,0.0,0,0.0,0,0.0,0,0.0,1,1.0,23,23.0,2022,10,28,4,301,0,0,-0.8660254037844386,0.5000000000000001,15.0,11.375,0,1.875,1.25,2.0,23.0,0,2022-10-28,,,,,,,,,,,,0,,50.0,37.5,0,20.0,18.7,0.11904761904761904,20.0,20.0,20.0,2.5,2.5,2.5,23.0,26.0,26.0,15.0,25.0,25.0,20.0,20.0,2.5,2.75,24.0,25.142857142857142,18.333333333333332,22.142857142857142,0.0,0.0,-1.1428571428571423,0.15151515151515152,19.444444444444446,0.1858974358974359
5.0,8.75,20.0,14.0,20.0,20.0,135.0,135.0,4.0,4.0,5.0,5.0,0.5,0.5,1.6,1.6,0,0.0,0,0.0,0,0.0,0,0.0,1,1.0,0,0.0,20,20.0,2022,11,19,5,323,1,1,-0.5000000000000004,0.8660254037844384,15.0,11.375,0,1.05,1.1,0.0,20.0,0,2022-11-19,,,,,,,,,,,,0,,32.0,32.0,20,0.0,14.0,0.0761904761904762,20.0,20.0,20.0,2.5,2.5,2.5,23.0,23.0,26.0,15.0,15.0,25.0,20.0,20.0,2.1999999999999997,2.6214285714285714,22.0,23.571428571428573,16.666666666666668,21.428571428571427,-3.0,0.0,-1.571428571428573,0.15151515151515152,12.76595744680851,0.12916666666666668
5.0,8.75,20.0,14.0,20.0,20.0,135.0,135.0,4.0,4.0,5.0,5.0,0.5,0.5,1.0,1.0,0,0.0,0,0.0,0,0.0,0,0.0,1,1.0,0,0.0,20,20.0,2022,11,20,6,324,1,1,-0.5000000000000004,0.8660254037844384,15.0,11.375,0,0.75,0.5,0.0,20.0,0,2022-11-20,,,,,,,,,,,,0,,20.0,20.0,20,0.0,11.0,0.047619047619047616,20.0,20.0,20.0,1.6,2.5,2.5,20.0,23.0,23.0,20.0,15.0,15.0,20.0,20.0,1.7,2.1928571428571426,21.0,21.285714285714285,18.333333333333332,20.714285714285715,0.0,0.0,-0.2857142857142847,0.15151515151515152,12.76595744680851,0.12916666666666668
5.0,8.75,20.0,14.0,20.0,20.0,135.0,135.0,4.0,4.0,5.0,5.0,0.5,0.5,1.0,1.0,0,0.0,0,0.0,0,0.0,0,0.0,1,1.0,0,0.0,20,20.0,2022,11,22,1,326,1,0,-0.5000000000000004,0.8660254037844384,15.0,11.375,0,0.75,0.5,0.0,20.0,1,2022-11-22,,,,,,,,,,,,0,,20.0,20.0,20,0.0,11.0,0.047619047619047616,20.0,20.0,20.0,1.0,1.6,2.5,20.0,20.0,23.0,20.0,20.0,15.0,20.0,20.0,1.2,1.9428571428571428,20.0,22.571428571428573,20.0,20.0,0.0,0.0,-2.571428571428573,0.15151515151515152,12.76595744680851,0.12916666666666668
5.0,8.75,20.0,14.0,20.0,20.0,180.0,180.0,5.0,5.0,5.0,5.0,1.25,1.25,1.6,1.6,0,0.0,0,0.0,0,0.0,0,0.0,1,1.0,0,0.0,20,20.0,2022,11,28,0,332,1,0,-0.5000000000000004,0.8660254037844384,15.0,11.375,0,1.425,0.3500000000000001,0.0,20.0,0,2022-11-28,,,,,,,,,,,,0,,32.0,32.0,20,0.0,14.0,0.0761904761904762,20.0,20.0,20.0,1.0,1.0,1.6,20.0,20.0,20.0,20.0,20.0,20.0,20.0,20.0,1.2,1.8142857142857143,20.0,21.714285714285715,20.0,19.285714285714285,0.0,0.0,-1.7142857142857153,0.15151515151515152,12.76595744680851,0.12916666666666668
5.0,8.75,20.0,14.0,15.0,15.0,180.0,180.0,5.0,5.0,5.0,5.0,1.25,1.25,1.8,1.8,0,0.0,0,0.0,0,0.0,0,0.0,1,1.0,0,0.0,20,20.0,2022,11,29,1,333,1,0,-0.5000000000000004,0.8660254037844384,15.0,11.375,0,1.525,0.55,0.0,20.0,0,2022-11-29,,,,,,,,,,,,0,,36.0,27.0,20,0.0,15.0,0.08571428571428572,20.0,20.0,20.0,1.6,1.0,1.0,20.0,20.0,20.0,20.0,20.0,20.0,20.0,20.0,1.4666666666666668,1.7142857142857142,20.0,20.857142857142858,18.333333333333332,17.857142857142858,0.0,0.0,-0.8571428571428577,0.15151515151515152,12.76595744680851,0.12916666666666668
5.0,8.75,20.0,14.0,15.0,15.0,180.0,180.0,4.0,4.0,5.0,5.0,0.5,0.5,1.3,1.3,0,0.0,0,0.0,0,0.0,0,0.0,1,1.0,0,0.0,20,20.0,2022,12,1,3,335,1,0,-2.4492935982947064e-16,1.0,15.0,11.375,0,0.9,0.8,0.0,20.0,1,2022-12-01,,,,,,,,,,,,0,,26.0,19.5,20,0.0,12.5,0.06190476190476191,20.0,20.0,20.0,1.8,1.6,1.0,20.0,20.0,20.0,15.0,20.0,20.0,20.0,20.0,1.5666666666666667,1.542857142857143,20.0,20.428571428571427,16.666666666666668,17.857142857142858,0.0,0.0,-0.42857142857142705,0.15151515151515152,12.857142857142856,0.12916666666666668
5.0,8.75,20.0,14.0,25.0,22.5,135.0,135.0,4.0,4.714285714285714,6.0,5.0,0.5,1.0357142857142858,2.75,2.5,1,1.0,0,0.0,0,0.0,0,0.0,0,0.0,1,1.0,3,3.0,2022,12,5,0,339,1,0,-2.4492935982947064e-16,1.0,15.0,11.375,0,1.625,2.25,2.0,3.0,0,2022-12-05,,,,,,,,,,,,0,,55.0,68.75,3,20.0,19.95,0.13095238095238096,20.0,20.0,20.0,1.3,1.8,1.6,20.0,20.0,20.0,15.0,15.0,20.0,20.0,20.0,1.95,1.5785714285714287,14.333333333333334,17.571428571428573,18.333333333333332,19.285714285714285,-17.0,0.0,-3.238095238095239,0.15151515151515152,12.857142857142856,0.12916666666666668
5.0,8.75,20.0,14.0,25.0,22.5,180.0,180.0,5.0,5.0,5.0,5.0,1.25,1.25,1.7,1.7,1,1.0,0,0.0,0,0.0,0,0.0,0,0.0,1,1.0,23,23.0,2022,12,10,5,344,1,1,-2.4492935982947064e-16,1.0,15.0,11.375,0,1.475,0.4499999999999999,2.0,23.0,0,2022-12-10,,,,,,,,,,,,0,,34.0,42.5,23,20.0,14.7,0.08095238095238096,20.0,20.0,20.0,2.75,1.3,1.8,3.0,20.0,20.0,25.0,15.0,15.0,20.0,20.0,1.9166666666666667,1.592857142857143,15.333333333333334,18.0,21.666666666666668,20.0,20.0,0.0,-2.666666666666666,0.15151515151515152,12.857142857142856,0.12916666666666668
5.0,8.75,20.0,14.0,25.0,22.5,135.0,135.0,5.0,5.0,5.0,5.0,1.25,1.25,1.8,1.8,1,1.0,0,0.0,0,0.0,0,0.0,1,1.0,2,2.0,26,26.0,2022,12,14,2,348,1,0,-2.4492935982947064e-16,1.0,15.0,11.375,0,1.525,0.55,2.0,26.0,0,2022-12-14,,,,,,,,,,,,0,,36.0,45.0,26,20.0,15.2,0.08571428571428572,20.0,20.0,20.0,1.7,2.75,1.3,23.0,3.0,20.0,25.0,25.0,15.0,20.0,20.0,2.0833333333333335,1.7071428571428573,17.333333333333332,18.857142857142858,25.0,20.714285714285715,3.0,0.0,-1.5238095238095255,0.15151515151515152,12.857142857142856,0.12916666666666668
5.0,8.75,20.0,14.0,25.0,22.5,180.0,180.0,5.0,5.0,5.0,5.0,1.25,1.25,1.5,1.5,0,0.0,0,0.0,0,0.0,0,0.0,1,1.0,0,0.0,20,20.0,2022,12,15,3,349,1,0,-2.4492935982947064e-16,1.0,15.0,11.375,0,1.375,0.25,0.0,20.0,0,2022-12-15,,,,,,,,,,,,0,,30.0,37.5,20,0.0,13.5,0.07142857142857142,20.0,20.0,20.0,1.8,1.7,2.75,26.0,23.0,3.0,25.0,25.0,25.0,20.0,20.0,1.6666666666666667,1.7785714285714287,23.0,18.857142857142858,25.0,21.428571428571427,-6.0,0.0,4.142857142857142,0.15151515151515152,12.857142857142856,0.12916666666666668
5.0,8.75,20.0,14.0,20.0,20.0,180.0,180.0,5.0,5.0,5.0,5.0,1.25,1.25,1.5,1.5,0,0.0,0,0.0,0,0.0,0,0.0,1,1.0,0,0.0,20,20.0,2022,12,17,5,351,1,1,-2.4492935982947064e-16,1.0,15.0,11.375,0,1.375,0.25,0.0,20.0,0,2022-12-17,,,,,,,,,,,,0,,30.0,30.0,20,0.0,13.5,0.07142857142857142,20.0,20.0,20.0,1.5,1.8,1.7,20.0,26.0,23.0,25.0,25.0,25.0,20.0,20.0,1.5999999999999999,1.7642857142857145,22.0,18.857142857142858,23.333333333333332,21.428571428571427,0.0,0.0,3.1428571428571423,0.15151515151515152,12.857142857142856,0.12916666666666668
5.0,8.75,20.0,14.0,15.0,15.0,135.0,135.0,5.0,5.0,5.0,5.0,1.25,1.25,1.3,1.3,0,0.0,0,0.0,0,0.0,0,0.0,1,1.0,0,0.0,20,20.0,2022,12,18,6,352,1,1,-2.4492935982947064e-16,1.0,15.0,11.375,0,1.275,0.05,0.0,20.0,0,2022-12-18,,,,,,,,,,,,0,,26.0,19.5,20,0.0,12.5,0.06190476190476191,20.0,20.0,20.0,1.5,1.5,1.8,20.0,20.0,26.0,20.0,25.0,25.0,20.0,20.0,1.4333333333333333,1.6928571428571428,20.0,18.857142857142858,20.0,21.428571428571427,0.0,0.0,1.1428571428571423,0.15151515151515152,12.857142857142856,0.12916666666666668
5.0,8.75,20.0,14.0,25.0,22.5,45.0,45.0,4.0,4.0,5.0,5.0,0.5,0.5,1.5,1.5,0,0.0,0,0.0,0,0.0,0,0.0,1,1.0,0,0.0,20,20.0,2022,12,20,1,354,1,0,-2.4492935982947064e-16,1.0,15.0,11.375,0,1.0,1.0,0.0,20.0,0,2022-12-20,,,,,,,,,,,,0,,30.0,37.5,20,0.0,13.5,0.07142857142857142,20.0,20.0,20.0,1.3,1.5,1.5,20.0,20.0,20.0,15.0,20.0,25.0,20.0,20.0,1.4333333333333333,1.7214285714285715,20.0,18.857142857142858,20.0,22.857142857142858,0.0,0.0,1.1428571428571423,0.15151515151515152,12.857142857142856,0.12916666666666668
5.0,8.75,20.0,14.0,25.0,22.5,90.0,90.0,5.0,5.0,5.0,5.0,1.25,1.25,1.3,1.3,1,1.0,0,0.0,0,0.0,0,0.0,1,1.0,1,1.0,23,23.0,2022,12,21,2,355,1,0,-2.4492935982947064e-16,1.0,15.0,11.375,0,1.275,0.05,2.0,23.0,0,2022-12-21,,,,,,,,,,,,0,,26.0,32.5,23,20.0,12.7,0.06190476190476191,20.0,20.0,20.0,1.5,1.3,1.5,20.0,20.0,20.0,25.0,15.0,20.0,20.0,20.0,1.3666666666666665,1.5142857142857145,21.0,21.714285714285715,21.666666666666668,22.857142857142858,3.0,0.0,-0.7142857142857153,0.15151515151515152,12.857142857142856,0.12916666666666668
5.0,8.75,20.0,14.0,25.0,22.5,90.0,90.0,5.0,5.0,5.0,5.0,1.25,1.25,1.3,1.3,1,1.0,0,0.0,0,0.0,0,0.0,1,1.0,1,1.0,23,23.0,2022,12,23,4,357,1,0,-2.4492935982947064e-16,1.0,15.0,11.375,0,1.275,0.05,2.0,23.0,0,2022-12-23,,,,,,,,,,,,0,,26.0,32.5,23,20.0,12.7,0.06190476190476191,20.0,20.0,20.0,1.3,1.5,1.3,23.0,20.0,20.0,25.0,25.0,15.0,20.0,20.0,1.366666666666667,1.4571428571428573,22.0,21.714285714285715,25.0,22.857142857142858,0.0,0.0,0.2857142857142847,0.15151515151515152,12.857142857142856,0.12916666666666668
5.0,8.75,20.0,14.0,15.0,15.0,135.0,135.0,5.0,5.0,5.0,5.0,1.25,1.25,1.6,1.6,1,1.0,1,1.0,0,0.0,0,0.0,0,0.0,4,4.0,32,32.0,2022,12,26,0,360,1,0,-2.4492935982947064e-16,1.0,15.0,11.375,0,1.425,0.3500000000000001,4.0,32.0,0,2022-12-26,,,,,,,,,,,,0,,32.0,24.0,32,20.0,14.2,0.0761904761904762,20.0,20.0,20.0,1.3,1.3,1.5,23.0,23.0,20.0,25.0,25.0,25.0,20.0,20.0,1.4000000000000001,1.4285714285714288,26.0,22.571428571428573,21.666666666666668,21.428571428571427,9.0,0.0,3.428571428571427,0.15151515151515152,12.857142857142856,0.12916666666666668
5.0,8.75,20.0,14.0,25.0,22.5,135.0,135.0,4.0,4.0,5.0,5.0,0.5,0.5,1.5,1.5,0,0.0,0,0.0,0,0.0,1,1.0,1,1.0,0,0.0,20,20.0,2022,12,31,5,365,1,1,-2.4492935982947064e-16,1.0,15.0,11.375,0,1.0,1.0,0.0,20.0,1,2022-12-31,,,,,,,,,,,,0,,30.0,37.5,20,0.0,13.5,0.07142857142857142,20.0,20.0,20.0,1.6,1.3,1.3,32.0,23.0,23.0,15.0,25.0,25.0,20.0,20.0,1.4666666666666668,1.4285714285714286,25.0,22.571428571428573,21.666666666666668,21.428571428571427,-12.0,0.0,2.428571428571427,0.15151515151515152,12.857142857142856,0.12916666666666668
