date_incident,annee,mois,jour,jour_semaine,saison_cyclonique,zone_cotiere,region,district,commune,lon_geocode,lat_geocode,source_geocode,type_incident,description,personnes_concernees,deces
2017-02-05,2017,2,5,6,1,CAP D'AMBRE A BESALAMPY,,MADAGASCAR,,46.32589,-15.766938,original,,"A Mahajanga, le cadavre d’un homme retrouvé au port. Le corps sans vie d’un homme âgé d’une quarantaine d’années et non identifié a été rejeté par la mer. La victime avait encore sur lui tous ses vêtements. Son identification n’a pas été possible.",,
2017-02-25,2017,2,25,5,1,CAP D'AMBRE A BESALAMPY,,Katsepy Mahajanga/ Madagascar,,46.289816,-15.737907,original,, Le bac Makuba a coulé 25 Fév,,
2017-03-07,2017,3,7,1,1,,, OCEAN INDIEN,,54.740555,-21.401068,original,,"Le vraquier IRIS II (IMO 9286906, dwt 75798, construit 2004) a subi une panne moteur en route de l'Afrique du Sud vers Qasim au Pakistan à environ 140 nm à l'ouest de la Réunion dans l’Océan Indien.",,
2017-03-17,2017,3,17,4,1,BESALAMPY A MOROMBE,,madagascar,,43.872715,-18.042964,original,,"Un boutre qui a quitté Morondava  pour aller à Maintirano a sombré en mer, près d’un îlot de Maroantaly alors qu’il transportait une cinquantaine de passagers et 48 tonnes de marchandises. ",,
2017-03-31,2017,3,31,4,1,,,OCEAN INDIEN,,68.761516,-20.827302,original,,Un marin philippin âgé de 48 ans a été découvert inconscient dans son lit à bord du M/V Marine Star.,,
2017-04-17,2017,4,17,0,1,ANTALAHA A TOAMASINA,,MADAGASCAR,,49.420532,-18.150623,original,,Un garçon de 14 ans vient de se noyer en mer quand sa mère l'a envoyé nager devant un grand hôtel sur la plage vers 11 heures du matin.,,
2017-04-20,2017,4,20,3,1,CAP D'AMBRE A ANTALAHA,,MADAGASCAR ,,50.063335,-13.360009,original,,MADAGASCAR,,
2017-05-09,2017,5,9,1,0,ANTALAHA A TOAMASINA,,MADAGASCAR,,49.86958,-15.966218,original,,"Le bateau à moteur FIDELYS, avec à son bord des marchandises et 24 passagers, a coulé à l’entrée de Maroantsetra ; 20 personnes ont été secourues et emmenées à l’hôpital pour contrôle, tandis que 4 autres ont disparu,",,
2017-07-09,2017,7,9,6,0,,,OCEAN INDIEN,,59.665862,13.417318,original,,"Un navire grec ""AEGEAN ANGEL"" a  demandé de l'aide pour un marin grec blessé, qui a été transféré à bord d’une frégate turque par un hélicoptère Le marin grec a ensuite été transféré au port de Salalah à Oman pour recevoir une intervention médicale supplémentaire,",,
2017-07-11,2017,7,11,1,0,ANTALAHA A TOAMASINA,,MADAGASCAR,,49.502451,-17.514099,original,,"Le MS ATLANTIS II, avec 9 équipages à bord et 89T de marchandises, s’est échoué sur la côte de Mahambo, Fénérive-Est. Lors de son passage à Foulpointe, il a embarqué de l’eau à cause de la mauvaise météo l’obligeant ainsi à changer de route vers Mahambo. Toutes les marchandises ont été perdues en mer. Aucun mort ni blessé n’a été à déplorer.",,
2017-07-25,2017,7,25,1,0,,,OCEAN INDIEN,,45.816666,-29.383333,original,,"A la position 29°23.00 S / 045°49.00 E, un membre d’équipage du navire de pêche « HSIN MING SHEN N°28 » a alerté le CROSS RU pour indiquer que le capitaine du navire (59 ans) était sérieusement malade à bord:  ",,
2017-07-29,2017,7,29,5,0,CAP D'AMBRE A BESALAMPY,,MADAGSCAR,,45.695134,-14.77237,original,,"Le MV Babou Salama, un bateau battant pavillon comorien, qui effectue des liaisons commerciales entre le Nord-Est de la Madgascar et l’archipel des Comores, s’est embrasé en pleine traversée.",,
2017-08-04,2017,8,4,4,0,CAP D'AMBRE A ANTALAHA,,MADAGASCAR,,50.028404,-13.357719,original,,"Un bateau dénommé « Zandry kely », partant d’Ambolibozy vers Vohémar s’est cassé à proximité de Vohémar avec 40 passagers à bord, suite à une surcharge.",,
2017-08-06,2017,8,6,6,0,CAP D'AMBRE A BESALAMPY,,MADAGASCAR,,46.31118,-15.655496,original,,Le satellite de l’EMSA (CLEANSEANET) a détecté 3 petites pollutions hydrocarbures en ZEE malgache ,,
2017-08-06,2017,8,6,6,0,NOSY BE ET ENVIRONS,,MADAGASCAR,,48.185439,-13.43336,original,,Le satellite de l’EMSA (CLEANSEANET) a détecté 3 petites pollutions hydrocarbures en ZEE malgache ,,
2017-08-07,2017,8,7,0,0,,,OCEAN INDIEN,,32.213449,-28.847401,original,,"Le palangrier de thon HSIANG FUH 6 (Pavillon Taiwan)  a coulé à environ 350 nm à l'Est de Richards Bay, en Afrique du Sud.",,
2017-08-10,2017,8,10,3,0,CAP D'AMBRE A MAHANORO,,MADAGASCAR/MAURICE,,49.017762,-19.313423,original,,Une embarcation mauricienne a dérivé pendant des jours jusqu’aux côtes de Madagascar et a atteint Vatomandry (côte est malgache). Ils ont été secourus par des villageois et dirigés vers la gendarmerie. ,,
2017-08-11,2017,8,11,4,0,CAP D'AMBRE A ANTALAHA,,MADAGASCAR,,49.321113,-12.241541,original,,L’opération de remorquage au profit du MT WIGMORE a finalement réussi après 3 semaines de tentatives conduites par les remorqueurs LANPAN 23 et VB MAHAVEL. Le MT WIGMORE est maintenant en sécurité dans la baie d’Antsiranana. Il poursuit sa réparation du moteur principal et de son gouvernail.,,
2017-09-13,2017,9,13,2,0,,,OCEAN INDIEN,,37.486101,-28.78011,original,,"Le vraquier MV TINA (IMO 9215749)  a rencontré des problèmes de moteur le 3 septembre en Atlantique, et a réussi à poursuivre sa navigation jusqu’à l'Océan Indien en se déplaçant à faible vitesse, 10 jours après, il a été pris en remorque par« PACIFIC DILIGENCE » (OMI 9631395), jusqu’au port de Durban, ",,
2017-09-21,2017,9,21,3,0,CAP D'AMBRE A BESALAMPY,,MAYOTTE/MADAGASCAR,,46.230973,-13.600933,original,,"Durant la journée du 21 septembre, 6 nappes hydrocarbures distinctes ont été détectées par le satellite européen CLEANSEANET entre Mayotte et le Nord-Ouest de Madagascar en 6 points différents, Ces pollutions pourraient être imputées à 3 navires se situant à proximité (Chimiquier, 'Melati 6', vraquier ‘Elgiznur Cebi’ et Porte-conteneurs 'Frisia Hannover')",,
2017-09-24,2017,9,24,6,0,,,OCEAN INDIEN ,,41.15,-16.616666,original,,"Le navire cargo M/V AT 40, pavillon Belize, a dérivé dans la zone Nord-Ouest au large de Juan de Nova depuis le 24 Septembre 2017, à cause d’une avarie de propulsion,  ",,
2017-09-28,2017,9,28,3,0,CAP D'AMBRE A BESALAMPY,,MADAGASCAR,,46.487103,-13.328309,original,,"Dans la journée du 28 septembre, 3 nappes hydrocarbures distinctes ont été détectées par le satellite européen CLEANSEANET entre Mayotte et le Nord-Ouest de Madagascar en 6 points différents, Ces pollutions pourraient être imputées à 2 navires se situant à proximité (Vraquier, 'Angel 2', vraquier ‘Harm’)",,
2017-10-02,2017,10,2,0,0,CAP D'AMBRE A BESALAMPY,,Katsepy Mahajanga/ Madagascar,,46.279045,-15.746659,original,,chavirement d'une embarcation : mort d'un touriste français 10 Fév,,
2017-10-13,2017,10,13,4,0,,,MADAGASCAR,,49.460531,-10.215093,original,,"Le navire pétrolier et chimiquier WIGMORE, pavillon des îles Marshall, n’a pas réussi à pénétrer dans la Baie de Diégo, à cause d’une avarie de gouvernail et de mauvais temps. Pour des raisons de sécurité, il a dû s’écarter de la côte et s’est trouvé à 108 Nm au large du Cap d’Ambre. Le 21 Octobre, le remorqueur LANPAN 23 basé à Antsiranana a été dépêché sur zone pour conduire une opération de remorquage d’urgence du pétrolier vers la baie de Diégo ",,
2017-10-30,2017,10,30,0,0,CAP D'AMBRE A BESALAMPY,,MADAGASCAR,,46.711778,-15.107306,original,,"Une pollution mineure au Nord-Ouest de Madagascar a été reportée dans la nuit du 30 0ctobre à 03h20Z, à la position 15° 01' S / 046° 44' E dans l’azimuth 313 de la POINTE AMBARATA à 15.8 nq. Caractéristiques de la pollution :longueur:14.31nq ;largeur:0.37nq ; superficie: 5.32nq² ; le vent vient du 120 pour 6 nds.",,
2017-11-02,2017,11,2,3,1,ANTALAHA A TOAMASINA,,Ambodiatafana Madagascar,,49.467173,-18.167217,original,,noyade d'un jeune étudiant 11 Fév,,
2017-11-11,2017,11,11,5,1,ANTALAHA A TOAMASINA,,MADAGASCAR,,49.42089,-18.150514,original,,Le MS AGNIRIBE s’est échoué à l’entrée de la rade de Toamasina à cause d’une avarie moteur vers 01h du matin. Il a été assisté par le remorqueur VOLAZARA (IMO: 9209738) ; l’opération de déséchouage a permis au navire de reprendre sa route.,,
2017-11-16,2017,11,16,3,1,,,CANAL DE MOZAMBIQUE,,40.665188,-19.585904,original,,"Un yacht sud-africain, le KINDA MAGIC a connu des difficultés et a coulé peu de temps après avoir été secouru. Les 4 occupants du yacht - tous sud-africains - ont été secourus par un tanker de passage, le MT MERSINI, après qu'ils aient abandonné le yacht. ",,
2017-11-27,2017,11,27,0,1,CAP D'AMBRE A MAHANORO,,MADAGASCAR,,48.885201,-19.93376,original,,"Un canot, avec 11 personnes et beaucoup de marchandises diverses à bord, qui partait de Mahanoro pour rejoindre Ambavasahavato, a coulé à Sohihy, dans la commune de Masomeloka, suite à un problème technique survenu en pleine mer. 6 des passagers ont perdu la vie, 2 sont toujours portés disparus, 3 ont survécu et sont en sécurité.",,
2017-12-08,2017,12,8,4,1,CAP D'AMBRE A BESALAMPY,,MADAGASCAR,,45.934955,-15.719766,original,,"Des possibles traces de pollutions marines ont été détectées par le satellite de CleanSeaNet au large de Nosy Makamby, au Nord-Ouest de Madagascar.",,
2017-12-13,2017,12,13,2,1,,,CANAL DU MOZAMBIQUE ,,41.999991,-16.066675,original,,"À la position 16°04S 042°E, le BW EAGLE (IMO 970807, pavillon Singapour), a demandé une assistance médicale pour un membre d'équipage qui s’est coupé les doigts. La victime est dans un état stable.",,
2017-12-25,2017,12,25,0,1,CAP D'AMBRE A BESALAMPY,,MADAGASCAR,,46.251548,-15.76635,original,,"Le bateau denommé FANANTENANA, qui a transporté un total de 13 personnes et des marchandises, partait de Mahajanga pour rejoindre Tambohorano. Non loin de Katsepy, à la suite d’un problème technique, le navire s’est heurté à un rocher et l'eau a commencé à entrer. Tous les passagers ont pu être sauvés mais toutes les marchandises ont été emportées par la mer.",,
2017-12-27,2017,12,27,2,1,ANTALAHA A TOAMASINA,,MADAGASCAR,,50.01169,-16.338567,original,,"Le bateau MS ATLANTIS, qui transporte régulièrement des marchandises sur l’axe Toamasina-Maroantsetra, a rencontré un problème technique : le gouvernail s’est détaché et est tombé à la mer, empêchant le navire d’être manœuvré. Après plusieurs heures de dérive en mer, le bateau en détresse a été repéré à 20 nautiques (37 kilomètres) au Sud-Est de Mananara et a pu être remorqué au port de Sainte-Marie. Il n'y a eu aucune perte de vie et les 6 marins à bord sont en sécurité.",,
2018-02-15,2018,2,15,3,1,CAP D'AMBRE A BESALAMPY,,MADAGASCAR,,47.882059,-14.197934,original,,"L’équipe SAR de l’Agence Portuaire Maritime et Fluviale (APMF), à bord de la vedette AIDA, a organisé une opération d’assistance au boutre SAMY ÇA VA, en détresse, au nord d’Antsanitia, à Mahajanga. Le boutre transportait des rondins de bois, en provenance de Mariarano et avait un mât cassé avec des voiles déchirées en mer agitée et à la marée montante. Les 5 membres d’équipage ont pu être secourus. Leur boutre a été ensuite pris en remorque vers la plage du Grand Pavois à Mahajanga ",,
2018-03-27,2018,3,27,1,1,NOSY BE ET ENVIRONS,,MADAGASCAR,,48.41196,-13.354035,original,,"L’équipage de l’AKIO a été lancé à la recherche d’un ressortissant français, qui s’est aventuré, à bord de son kayak, dans la longue traversée entre Nosy Be et Nosy Faly, sans moyen de communication ni équipements pour une traversée maritime. Il a été retrouvé sur la plage de Nosy Be après des heures de recherche.  ",,
2018-05-15,2018,5,15,1,0,ANTALAHA A TOAMASINA,,MADAGASCAR,,49.768243,-16.15418,original,,"Le corps sans vie d’un capitaine de navire a été retrouvé dans la rivière de Mananara, à environ 1 km du port. Des traces de sang ont été découvertes sur le corps et une blessure profonde a été localisée au niveau de sa tête. D’après les blessures constatées, il aurait été tué avant d’être jeté par-dessus bord.  ",,
2018-05-19,2018,5,19,5,0,CAP D'AMBRE A BESALAMPY,,MADAGASCAR,,46.10692,-15.496723,original,,"Une légère pollution d’hydrocarbure d’une surface de 0.38nm² a été détectée par CLEANSEANET, au large de Majunga, à la position 15°37' S  045°41' E, à 36 mn de la ZEE de Madagascar ",,
2018-06-04,2018,6,4,0,0,BESALAMPY A MOROMBE,,MADAGASCAR,,44.236828,-16.664569,original,," Chargé de carburant destiné à la centrale thermique de la compagnie de l’électricité et de l’eau (JIRAMA) et de produits de première nécessité, un cargo baptisé  LA SAGESSE, a coulé à l’approche de Besalampy. Une dizaine de naufragés ont survécu.Au total, 8 000 litres de carburant, répartis dans 40 barils, ainsi que des produits de première nécessité, ont été engloutis sous les eaux. L’équipage a pu être évacué.",,
2018-06-09,2018,6,9,5,0,ANTALAHA A TOAMASINA,,MADAGASCAR,,50.2826,-14.900575,original,,"A la position 14°54’S/050°16’E, vers 14 heures, un chaland chargé des marchandises tracté par un remorquer dénommé PAPRIKA a sombré à l’entrée du port d’Antalaha, Des caisses de bières ont coulé, Aucune perte en vie humaine n’est à déplorer, ",,
2018-06-18,2018,6,18,0,0,,,MADAGASCAR,,50.311009,-20.710113,original,,"Le vraquier LADY Z, battant pavillon Panama, IMO 9465784, a signalé la présence d’un malade à bord, à la position 20°42.00 S 050°19.00 E (SRR malgache). Le navire était en route depuis Rio (Brésil) vers Singapour. Le lendemain, le malade, un matelot de nationalité Ukrainienne, a été annoncé mort et le navire a fait route vers La Réunion pour débarquer son corps. ",,
2018-07-24,2018,7,24,1,0,,,MADAGASCAR,,51.620566,-19.904801,original,,"A 05h00LOC, le CROSS a informé l’armement Enez qu’un marin de ses marins de nationalité malgache avait perdu connaissance, alors que LE GRAND MORNE était en route en direction de La Réunion, avec des conditions de vent et de mer difficiles, pour rejoindre une zone accessible par hélicoptère. Malheureusement, l’état du marin a empiré et le décès a été constaté en début d’après-midi, des suites d'une forte fièvre. ",,
2018-08-03,2018,8,3,4,0,,,MADAGASCAR,,43.155788,-14.549915,original,,"2 déversements d'hydrocarbures possibles ont été observés par le Satellite de l’EMSA à 16h07 UTC, dans la ZEE de Madagascar, avec une possible dérive vers la ZEE des Comores, aux positions suivantes: 14°32,82S-043°09,81E,14°01,70E-043°16,05E. Le MV ORIENT DEFENDER (OMI 9522881) présent sur la zone au moment du déversement, est le seul navire dont la cinématique pourrait coïncider avec le premier possible déversement localisé. ",,
2018-08-11,2018,8,11,5,0,CAP D'AMBRE A BESALAMPY,,MADAGASCAR,,45.349926,-16.000989,original,,"L’APMF a reçu un appel de détresse du voilier LIBERTE, (indicatif d'appel AIS : WDI2058, pavillon américain), ancré dans la baie de Soalala (16°00S 45°21E). Le voilier a 2 personnes à son bord, et demande de l’aide pour l'une d’elles qui est très malade et qui nécessite des soins médicaux immédiats. L'ambassade des États-Unis a coordonné les activités avec les professionnels de la santé à Mahajanga et le bateau de sauvetage de l'APMF.   ",,
2018-08-31,2018,8,31,4,0,ANTALAHA A TOAMASINA,,MADAGASCAR,,49.833333,-16.816667,original,,"A la position 16°49S 49°50E, un boutre de nom inconnu, avec 20 personnes à bord, a chaviré : 5 personnes décédées, 15 rescapées. ",,
2018-09-07,2018,9,7,4,0,ANTALAHA A TOAMASINA,,MADAGASCAR,,49.728767,-15.516714,original,,"Un canot transportant 15 personnes a chaviré en mer, à cause du mauvais temps, entre Ambinanibe et Androngoza, dans le district de Maroantsetra. Une personne est portée disparue.  ",,
2018-09-12,2018,9,12,2,0,ANTALAHA A TOAMASINA,,MADAGASCAR,,49.43089,-18.14418,original,,"Le SEBAE 6, palangrier de la société Refrigepêche Est, s’est échoué sur le récif de Tamatave, à l’entrée du port. Lors d’une tentative de déséchouage de la coque, la structure du palangrier s’est disloquée. L’armateur s’est depuis engagé dans des opérations de nettoyage et désengagement de l’épave. Aucune pollution n’a été détectée lors de ces opérations. ",,
2018-09-13,2018,9,13,3,0,,, MADAGASCAR,,42.462726,-19.209726,original,,"A 04h31Z, à la position 19° 12' S 042° 28' E - 186°, à 133nm JUAN DE NOVA, une pollution légère (1,81 nm de longueur - 0,74 nm de largeur - forme irrégulière - Etendue : 0,68 nm²) a été observée en ZEE malgache -, ",,
2018-09-13,2018,9,13,3,0,NOSY BE ET ENVIRONS,,MADAGASCAR,,48.763295,-13.003882,original,,"Vers 06 heures du matin, entre Amboanio et Nosy Mangeo, à la position 13° 0'12,96""S 48°45'47,84""E, district Ambilobe, une vedette sans nom, en partance pour Nosy Mitsio, avec 26 personnes à bord et beaucoup de marchandises, a coulé en raison d’une surcharge, 3 corps ont été retrouvés, 23 personnes ont pu être secourues, ",,
2018-10-01,2018,10,1,0,0,,,,,25.166606,-34.522291,original,,"Un homme a chuté de son bateau de pêche MARYKE, au large d'Aasvogelspunt, à 30 mn au Sud-Est de St Francis Bay. Malgré une vaste opération de recherche aérienne, maritime et littorale, aucun signe du pêcheur disparu n'a été trouvé. ,,,, ",,
2018-10-05,2018,10,5,4,0,ANTALAHA A TOAMASINA,,MADAGASCAR,,49.54398,-17.702741,original,,"Du fait d’une mauvaise appréciation et du non suivi des règles de navigation, 2 caboteurs, de pavillon Malagasy, le STEFANO et le VOGUE, sont entrés en collision au large de Foulpointe. Le STEFANO, navire en bois en provenance de Toamasina, a coulé après collision avec le VOGUE, navire en acier qui venait de Vohémar. Aucune victime humaine n’est à déplorer, car tous les passagers du STEFANO ont pu être récupérés par l’équipage du VOGUE, mais le navire et toutes ses marchandises ont sombré.  ",,
2018-10-20,2018,10,20,5,0,ANTALAHA A TOAMASINA,,MADAGASCAR,,50.282541,-14.900761,original,,"Vers 13h00, le navire SIRENE (Immatriculation : DS08.019), avec 7 membres d'équipage et 5 passagers à bord, s'est échoué au port d'Antalaha, pendant la manœuvre de sortie du navire à destination d'Antsiranana. D'après le Capitaine du navire accidenté, le cordage de la manœuvre sur le navire SARAH IV à quai s'est lâché et le courant a emmené le navire vers le récif. Aucune victime n’est à déplorer.  ",,
2018-12-05,2018,12,5,2,1,CAP D'AMBRE A BESALAMPY,,MADAGASCAR,,46.292193,-15.72966,original,,"Le navire de transport SIKA, pavillon comorien, a chaviré à quai au port de Mahajanga, juste avant son appareillage pour Moroni. Aucune perte en vie humaine n’a été recensée, de faibles quantités carburants et des huiles moteur se sont déversées; Un barrage antipollution a été mis en place afin d’isoler la pollution par l’organisme de lutte contre les pollutions (OLEP), avec l’aide du Détachement Marine de Mahajanga. Les opérations de relevage et de remise à flot du navire ont commencé, les carburants des soutes ont également été pompés. Le chavirement aurait pu être occasionné par le défaut de chargement, qui a engagé la stabilité du navire. ",,
2018-12-09,2018,12,9,6,1,,,MADAGASCAR,,44.911528,-15.013982,original,,"Le navire de pêche PANNAGIA, en avarie moteur suite à un feu sur l'alternateur, était en dérive depuis le 11 septembre, à 50 mn des côtes de Mahajunga, A la suite d’une alerte transmise au CROSS Réunion par le PC AEM de Mayotte, le navire de pêche a pu être relocalisé et les 3 marins à bord ont pu être sauvés, en déroutant le MV VITA FUTURE, qui se trouvait aux alentours, Le FV PANNAGIA a été abandonné à la dérive, à la position 14°59S 044°55E à 21h07 UTC,  ",,
2019-01-08,2019,1,8,1,1,NOSY BE ET ENVIRONS,,NOSY BE,,48.23812777777778,-13.4151,original,,"Le 1er Août 2019 vers 22h, une coque en provenance d’Ankify pour rallier Nosy be a été naufragé suite à un problème de voie d’eau avec 7 personnes à son bord. Tous ont été sauvés par une vedette denommée TOSCA. Les circonstances de l'accident ne sont pas encore determinées ni le nom de l'embarcation. Enquête en cours par la Brigade Nautique de Nosy Be.",,
2019-01-16,2019,1,16,2,1,ANTALAHA A TOAMASINA,,Port Toamasina,,49.425001,-18.156699,original,,"Le navire Mangabe a été victime d'un incendie à bord. 6 personnes, gravement brulées . 2  morts",,
2019-01-21,2019,1,21,0,1,CAP D'AMBRE A BESALAMPY,,jardin d'amour /Mahajanga,,46.315141,-15.696729,original,,incident à cause de mauvais temps- 3 pécheurs à bord secourus- pirogue non recuperée,,
2019-01-22,2019,1,22,1,1,BESALAMPY A MOROMBE,,à l’entrée embouchure de Nosikely-Morondava,,44.280774,-20.305419,original,,Incident survenu à cause de mauvais temps- tous passagers (07)ont été sains et saufs,,
2019-01-24,2019,1,24,3,1,NOSY BE ET ENVIRONS,,Ankify- Ambanja,,48.353823,-13.535174,original,,Lors  de l'embarquement de cette voiture laquelle a glissé  à cause de defaillance des responsables,,
2019-02-08,2019,2,8,4,1,ANTALAHA A TOAMASINA,,ILE SAINTE MARIE,,49.853497222222224,-16.941158333333334,original,,"Le 02 juillet 2019 vers 15H30, sur les côtes d’Analamboanio, deux pêcheurs dont chacun a sa propre pirogue fabriquée en bois, sans moteur pour prendre le large ont été disparus à cause de mauvais temps. Les nommés LALAHIMIARO, 52 ans et TSIAFINDRA Gilbert, 54 ans, tous demeurant à Analamboanio sont les victimes de cet accident et demeurent introuvables. L’APMF de cette localité a déjà alerté la population de ce quartier en vue de les retrouver. La gendarmerie est chargée de cette affaire.",,
2019-02-12,2019,2,12,1,1,ANTALAHA A TOAMASINA,,VINANIVAO,,50.31396944444444,-15.938213888888887,original,,"2 navires, au mouillage, ont été contrôlés entre Ifaho et Vinanivao, par les éléments de la compagnie de la GN d’Antalaha en patrouille. Il s’agit du navire MS EVANN 1, immatriculé : 16.004 ; et le navire MS HARDINA, immatriculé : MJ 71.014. Le premier navire est en provenance de Foulpointe pour rallier Ambodirafia avec, à son bord, huit (08) équipages et diverses marchandises. D’après son Commandant, le navire MS EVANN 1 est en panne moteur. Quant au navire MS HARDINA, il est en provenance de Foulpointe en direction de Ifaho avec six (06) équipages à bord et diverses marchandises. Durant ce contrôle, les éléments de la GN ont trouvé que le permis de navigation de ce deuxième navire a expiré le 07 Décembre 2019. Selon le Commandant, le bateau a une panne de gouvernail.
Compte tenu de ces informations fournies par les commandants de ces deux navires et afin d’éviter toute forme de tentation de transbordement illicite de Bois de rose dans cette endroit, le Commandant de la compagnie d’Antalaha a retiré les papiers des navires en question pendant qu’ils finissent leur réparation. Le navire HARDINA est déjà réparé et a quitté le lieu le 12 décembre 2019 vers 06H15 en direction de Toamasina. MS EVANN 1 est encore en cours de réparation.",,
2019-02-26,2019,2,26,1,1,BESALAMPY A MOROMBE,,Morondava,,44.290353,-20.285855,original,,"Le corps d’un étudiant a été retrouvé par des pécheurs dans la matinée du 26 février, deux jours après avoir été emporté par la mer. Ces pécheurs l’ont remonté et a informé le président de canton Nosy Kely qui a son tour a avisé la famille de la victime.",,
2019-02-28,2019,2,28,3,1,,,"Dans la ZEE, à l'Est de Madagascar",,,,original,,"Le navire SEA WAVE III, ex Huascar, pavillon panama est en dérive dans la ZEE Madagascar depuis 28 Février 2019. Sa dernière position reçue est à 0730c avec latitude de 16°58.2’ et de longitude de 051°24.4",,
2019-03-12,2019,3,12,1,1,ANTALAHA A TOAMASINA,,MANANARA NORD,,49.80359444444444,-16.169311111111114,original,,"Le 03 Décembre 2019 vers 04h 30 du matin, le caboteur en acier DAVINAH, appartenant à Monsieur RENAUD, en provenance d’Antalaha le 02 décembre 2019 à 6H00 en direction de Toamasina s’est échoué sur un récif corallien dans la réserve marine Ifaho au large du village Itanjona Fokontany Ifaho, entre les Communes Rurales Ampanavoana et Vinanivao. L’incident maritime est dû au désamorçage du moteur principal et la panne de la motopompe. Les réparations sont en cours sur place. Le navire embarquait à son bord 10 équipages, 09 passagers et 44 sacs de ciment. Vers la fin de l’après-midi du 04 décembre 2019 à 17h, le caboteur DAVID II en provenance d’Antalaha est arrivé sur le lieu de l’échouement pour évacuer les passagers du navire échoué. DAVID II a quitté le lieu d’échouement le 04 décembre 2019 vers 04h du matin pour rallier Toamasina et il est arrivé au port de Toamasina vers 22h du 04 Décembre 2019. Des équipes de sauvetage équipées de divers matériels vont quitter Toamasina le 06 décembre 2019 pour déséchouer le navire DAVINAH. ",,
2019-03-23,2019,3,23,5,1,CAP D'AMBRE A BESALAMPY,,Majunga,,46.315141,-15.696729,original,,"En l’espace d’une semaine, 5 personnes ont été victimes de noyade au
Village touristique de Majunga dont 2 restent introuvables et 2 autres ont pu être sauvées et
évacuées à l’hôpital Androva. La recherche menée par les sapeurs-pompiers continue. Cette partie
de Majunga, avec une mer d’un air calme, cache des fonds dangereux et la baignade devrait y être
règlementée par les autorités locales car ce n’est pas la première fois qu’elle fait des victimes.",,
2019-04-03,2019,4,3,2,1,CAP D'AMBRE A BESALAMPY,,Antsahabingo,,46.315141,-15.696729,original,,"Le corps d’un jeune homme, noyé dans la mer d’Antsahabingo la veille, a été
retrouve ce jour. La recherche a duré toute la nuit.",,
2019-04-16,2019,4,16,1,1,CAP D'AMBRE A BESALAMPY,,Androdana,,47.724957,-14.672151,original,,"La CR d’Androdana, district d’Analalava, lors d’une intervention d’une
vedette rapide, quatre (04) personnes ont été sauvées d’une pirogue naufragée; selon la
gendarmerie d’Analalava. Une femme enceinte avec un enfant de sept mois n’ont pas pu être
trouvés. Le mauvais temps en est la cause. Toutefois, joint par téléphone le 23 avril, le CB a
confirmé que le corps de l’enfant a été trouvé le jour du naufrage vers 18 heures.",,
2019-04-23,2019,4,23,1,1,,,Au Sud de Madagascar,,,,original,,"Dans le sud de Madagascar, le navire GOLD GEMINI (ex ANNIKA) a dû virer
de son trajectoire suite à une panne technique. Il est resté à la dérive, à 48,5 NM de l’île jusqu’au
28 avril 2019 pour réparation. Ensuite, il a repris son itinéraire le 29 avril 2019 vers 09h.",,
2019-04-29,2019,4,29,0,1,CAP D'AMBRE A BESALAMPY,,Antsohihy,,47.954747,-14.827325,original,,"Dans le district d’Antsohihy, à Antafana-Ambodinadiro, une embarcation en bois,
transportant une quarantaine de personnes à bord, a fait 37 rescapés et 03 morts dont 02 repêchés
et 01 introuvable. La cause du naufrage a été une perforation de sa coque par un débris de bois.
Notons que cette embarcation assure des liaisons commerciales entre Analalava et Befotaka-Nord.
Le Poste fixe de la GN Befotaka est chargé de cette affaire et deux (02) membres d’équipage sont
en garde à vue. Vu la recrudescence des incidents maritimes, l’APMF devrait prendre des mesures
draconiennes surtout aux embarcations en bois pour qu’un tel cas ne se produise plus.",,
2019-05-15,2019,5,15,2,0,MOROMBE AU CAP SAINTE MARIE,,"A la Baie de Salary, à 90km au nord de Toliara",,43.284766,-22.557028,original,,"Un australien consultant de WICS et des français, Fréderic Lucas et Bruno Camilloto, à bord d’une vedette type Diving, dénommée LE CORSAIR ont effectué un plongé  pour des études sous-marine. Au fond de l’océan, avec leurs appareils respectifs, ils n’ont pas pu rejoindre leur vedette suite au passage d’un courant sous-marin. Les éléments de la GN de Manombo et de Tsiandamba leurs portent de secours et leurs infrastructures sont disparus. ",,
2019-05-17,2019,5,17,4,0,ANTALAHA A TOAMASINA,,"Du côté de la Cité Canada, Toamasina",,49.395781,-18.14427,original,," Un garçon dénommé Brayan, collégien, âgé de 13 ans était englouti par la mer lors du sauvetage de son ami. Ce dernier a été sauvé tandis qu’il reste disparue au fond de la mer jusqu’à ce jour, malgré les recherches de la famille et les autorités locales.",,
2019-05-26,2019,5,26,6,0,ANTALAHA A TOAMASINA,,Sainte Marie,,49.905769,-16.8939,original,,"Au large de Sainte Marie, à cause de mauvais temps, un navire pêcheur s’est chaviré, et a fait deux victimes, tous des hommes. Les corps de ces victimes (JIMMY-40ans et FRANCK-30ans) ont été respectivement trouvés au bord d’Analaranjy, CU de Ste Marie le 27 mai 2019 et dans le quartier de Lamonoana, fokontany de Maromandia le 30 mai 2019. L’interdiction de prendre la mer a été prononcée à l’endroit des pêcheurs. ",,
2019-07-24,2019,7,24,2,0,ANTALAHA A TOAMASINA,,SOANIERANA IVONGO,,49.58774722222223,-16.938766666666666,original,,"Le 21 Juillet 2019 vers 02heures 30 minutes, un caboteur dénommé MS JIROW, appartenant à la dame JOSIANE demeurant à Ambinany Soanierana Ivongo, avec 07 passagers à bord, en partance pour Tanambe a fait naufrage dans l’embouchure de Soanierana lvongo, peu de temps après son départ. Alerté de cet incident, un responsable de la circulation maritime de cette circonscription d’Analanjirofo a instamment dépêché une seconde embarcation pour secourir les sept naufragés. Quatre d’entre eux ont été grièvement blessés, dont l’un a été évacué d’urgence à l’hôpital de Fenoarivo Antsiranana. Aucune perte de vie humaine, mais des dommages corporels et matériels considérables ont été relevés car toutes les marchandises à bord ont coulé avec l’embarcation. Les autorités de Soanierana Ivongo et les responsables de la police et de la gendarmerie se sont rendus sur les lieux de l’incident. Une enquête a été ouverte en vue d’éclaircir les circonstances. Selon les témoignages d’un passager, il y avait eu un choc avant que l’embarcation n’ait commencé à prendre l’eau. La surcharge serait à l’origine de ce désastre. Nom du Commandant du navire : M. GINOT demeurant Ambinany Soanierana Ivongo.",,
2019-08-14,2019,8,14,2,0,,,MADAGASCAR,,,,original,,"Deux pêcheurs Comoriens (Saïd Ali et Chamsoudine Mmadi) à bord d’un petit bateau de pêche de 6 mètres, de couleur blanche ont disparu le 14 Août 2019 à 12h dans la partie de l'île de Mohéli, village de Hamba à destination du village de Dimanisur l’île de la ville Grande Comores.
Ces deux pêcheurs n’ont pas encore été retrouvés jusqu’à présent.",,
2019-08-15,2019,8,15,3,0,BESALAMPY A MOROMBE,,BESALAMPY,,44.42598333333333,-16.715352777777778,original,,"Une demande d’EVASAN d’une personne à bord du navire CHRIS GR, à la position (latitude 16°01.32S, 043°et longitude 07.40 E ) qui s’est trouvé à 90 NM au Nord-Ouest de Besalampy en direction vers le Sud, a été adressée à l’APMF, le 15 Août 2019. Ledit navire a été contacté par le biais du CROSS La Réunion. Une consultation à distance a été effectuée sur le patient avec un docteur. D'après les diagnostics, sur la persistance d’une douleur abdominale du patient, le médecin lui a prescrit des médicaments antidouleur disponibles à bord. Le 15 août 2019, aucune urgence signalée pour l’évacuation sanitaire.",,
2019-08-16,2019,8,16,4,0,ANTALAHA A TOAMASINA,,ILOT PRUNES,,49.45955277777778,-18.057583333333334,original,,"Depuis l’échouage du navire MV JOBY aux îlot Prunes, à cause d’une panne mécanique majeure liée aux groupes électrogènes du bord, au large du port de Toamasina, le 24 Juillet 2019 dernier et qui a causé la mort du Second Capitaine dénommé Leonard, au cours de l’évacuation des passagers et les équipages vers l’île aux prunes ; les autorités portuaires, maritimes, civiles et militaires à Toamasina, avec la participation de l’armateur du navire, la société « Pemium Logistics », des plongeurs professionnels se sont réunis et prévoient de conduire l’opération de déséchouage du navire et de prendre les dispositions nécessaires pour éviter la possibilité d’expansion et de déversement d’hydrocarbures en mer dans l’objectif de pomper les carburants et lubrifiants à bord. Le navire a pris l’eau suite à une ouverture de la coque et une voie d’eau s’est présentée dans la cale machine. Des enquêtes maritimes et judiciaires ont été entamées sur la cause de l’accident et le décès malencontreux d’un des membres de l’équipage.",,
2019-08-19,2019,8,19,0,0,ANTALAHA A TOAMASINA,,ANTALAHA,,50.28750555555556,-14.908622222222222,original,,"Le navire caboteur dénommé VIVANOT II, pavillon malagasy, immatriculé PM 14099 a échoué le lundi 19 Août 2019, vers 03 h00 du matin au niveau du Cap Est au large du village AMBODIRAFIA CR Ambotralagnana district ANTALAHA. Il est à souligner que ce navire en provenance de Toamasina, à destination d’Antalaha a embarqué à son bord environ 200 tonnes de marchandises. Selon le commandant de bord RANDIMBISOA Lantoarijaona Honoré, la ligne d'arbre qui s’est cassée a causé l’accident. Une Vedette en provenance d’Antalaha a été dépêchée sur les lieux pour assister le navire. Tous les passagers sont sains et saufs et ont pu rejoindre le district d’Antalaha.
Le débarquement des marchandises est en cours pour délester le navire pour permettre au navire OCEANAH de mener l’opération de déséchouage et de le remorquer vers ANTALAHA.",,
2019-08-23,2019,8,23,4,0,ANTALAHA A TOAMASINA,,ILE SAINTE MARIE,,49.853497222222224,-16.941158333333334,original,,"Durant la journée du 21 août 2019, la mer a refoulé un corps dénudé et non identifiable sur la plage de Sahatsora dans le Fokontany Analarajy (CU Sainte Marie). Après les constats effectués par la Brigade de la Gendarmerie et le Médecin, le corps a été enterré dans le quartier de Sahatsora par la mairie de la Commune Urbaine de Sainte-Marie et le Fokonolona car le corps se décomposé rapidement. A part la disparition des deux (2) pêcheurs au mois d’août, une disparition en mer d’un secouriste de touristes étrangers s’est produite le 10 août 2019 vers 16heures 30mn à Sahasifotra CU Sainte Marie. A ce sujet, un homme nommé BELALA Fulgence, après avoir entendu l’alerte de secours lancée par les 3 étrangers qui se sont baignés en mer, s’est dépêché pour les sauver. Malgré l’accomplissement de son devoir, il n’arrivait plus à rejoindre la rive à cause de la fatigue et surtout la forte houle pendant l’opération de sauvetage. Malgré les recherches effectuées, ce corps reste introuvable. En effet, cet endroit est réputé par l’agitation de la mer. Après cette série de noyade, une séance de sensibilisation sur les bonnes conduites et pratiques en mer a été dispensée par les responsables locaux.",,
2019-08-25,2019,8,25,6,0,ANTALAHA A TOAMASINA,,TOAMASINA,,49.41660555555556,-18.15619722222222,original,,"Selon les informations transmises par l’APMF et remontées vers le CFIM, le voilier STELLAMARIS était en situation de détresse le 25 Août 2019. Il a été localisé à 91.17 NM au Nord Est du port de Toamasina, le 26 Août 2019 à 7heures 24 mn sans donner de réponses aux autorités suite à des appels de l’autorité portuaire de TOAMASINA.
Le 25 Août 2019, ce navire a été remorqué par le remorqueur NOE au large de Fenerive-Est vers le port de Toamasina. Cette opération de remorquage a été assistée par le navire SILVER HAGUE. Il a suivi des réparations au port de Toamasina à cause de pannes qu’il a subi en mer.",,
2019-09-01,2019,9,1,6,0,BESALAMPY A MOROMBE,,Nosikely Morondava,,44.280774,-20.305419,original,, Naufrage d’un boutre à cause de mauvais temps- tous 11 passagers rescapés,,
2019-09-03,2019,9,3,1,0,CAP D'AMBRE A BESALAMPY,,Nosy Makamba,,46.044608,-15.85806,original,,"Au niveau de nosy Makamba–Mahajanga, une pirogue traditionnelle
à moteur dénommée Lylia, avec 8 personnes à bord, est tombée en panne de moteur. Parti de
Soalala vers 5h00, Il a été remorqué par une coque d’un particulier de Mahajanga. Aucune perte
de vie humaine n’a été déplorée.",,
2019-09-16,2019,9,16,0,0,,,MADAGASCAR,,,,original,,"D’après les informations fournies par l’image satellitaire de l’EMSA (European Maritime Safety Agency), sept (07) nappes d’hydrocarbures légers reparties dans le canal de Mozambique ont été repérées le 15 septembres 2019 en avançant les coordonnés de référence. Lors de notre recoupement auprès des autorités locales de la côte ouest de Madagascar, jusqu’à ce jour, les acteurs maritimes de cette région n’ont pas constaté ni la présence de ces nappes ni l’impact de cette pollution marine sur la vie des pêcheurs.",,
2019-09-18,2019,9,18,2,0,ANTALAHA A TOAMASINA,,TOAMASINA,,49.41660555555556,-18.15619722222222,original,,"Les riverains du canal de Pangalanes à Toamasina, surtout entre le port fluvial de Manangareza et l’endroit dénommé ‘’Pont fotsy’’ constatent un niveau maximum de pollution du Canal. L’origine des déversements d’eaux usées provient des usines, établissements et sociétés pétrolières locales sur la rive du canal des Pangalanes Nord. Le traitement des déchets d’usines devrait être revu afin d’éviter la pollution aquatique. Cette dernière représente une menace pour l’écosystème marin du fait que le Canal est relié à la mer mais aussi un obstacle majeur pour le tourisme. Les CTD sont déjà avisées de cette situation.",,
2019-09-23,2019,9,23,0,0,CAP D'AMBRE A BESALAMPY,,ANALALAVA,,47.74028888888889,-14.571869444444443,original,,"Le boutre SAMBY JEUNE transportant 21 joueurs de football en provenance de Komanjara, Commune Rurale d’Antonibe, Districk d’Analalava et en direction de Marotaolana, s’est chaviré dans la Baie de Narinda le 22 septembre 2019 vers 13h entre Ambtaobe Sohihy, Fokontany Nosy Lava et Fokontany Nosy Fano Commune Urbaine d’Analalava. Selon la Brigade d’Analalava, à part ces passagers, ce boutre embarquait 03 tonnes de chargement à bord. Durant le chavirement, huit (08) d’entre eux sont sains et saufs, deux (02) décédés et onze (11) portés disparus dont sept (07) retrouvés le 27 septembre et quatre (04) le 29 septembre près du rivage de l’ile Ambatobe Sohihy. Avec la communauté locale et les riverains de cette Baie, la Brigade de la Gendarmerie d’Analalava continue la recherche des disparues.",,
2019-09-23,2019,9,23,0,0,BESALAMPY A MOROMBE,,MORONDAVA,,44.29378888888888,-20.34810555555556,original,,"Deux jeunes garçons se sont noyés au large de la plage de Nosy Kely Morondava. Il s’agit des vacanciers venant d’Antsirabe. Durant cette noyade, le jeune RAKOTOARIZAFY Dera, environ 18 ans a perdu sa vie, tandis que son collègue est ramené à l’Hôpital de la ville. Après cette incidence, les autorités locales ont tenu une conférence de presse pendant laquelle elles ont invité les vacanciers d’être vigilants surtout sur l’état de la mer. ",,
2019-09-25,2019,9,25,2,0,CAP D'AMBRE A BESALAMPY,,MAHAJANGA,,46.31373611111111,-15.711575,original,,"Un boutre reliant le port d’Aranta Mahajanga à Katsepy a fait naufrage le 24 septembre 2019 vers 08h à 800m près du port de « Quai Orange ». L’embarcation compte vingt-cinq (25) passagers à bord avec 60 tôles et 30 sacs de ciments. Vingt-trois (23) ont pu être sauvés par la Brigade Port et l’équipe de l’APMF, ramenés puis soignés au CHU Mahajanga. A l’arrivée de l’hôpital, une (01) mère de famille a succombé. Le 26 septembre 2019 vers 7h30mn, le corps de la fille de la défunte a été trouvé au bord de l’hôtel Baobab Tree après sa disparition plus de 48h. D’après l’un des passagers, ce naufrage est dû à la surcharge du boutre et du vent fort. De plus, la plupart des rescapés ne portent pas de gilets de sauvetage. Des dizaines d’accidents sont recensés chaque année dans la zone.",,
2019-09-28,2019,9,28,5,0,ANTALAHA A TOAMASINA,,TOAMASINA,,49.41660555555556,-18.15619722222222,original,,"Un corps d’un homme blanc sans vie, âgé de 35 ans, non identifié, a été trouvé au bord de la baie d’Ivondro, vers 10h. Durant le constat effectué par le BMH, Police Scientifique et Technique, la Gendarmerie Nationale et le Service Régionale de la Police Judiciaire, le corps de la victime est totalement nu et un tatouage de forme sirène est marqué sur son bras droit. D’après le BMH, il s’agit d’un mort suspecte. Puisque aucune pièce d’identité, permettant de lui reconnaitre, n’a été sur la victime, le corps a été déposé par les sapeurs-pompiers à la morgue auprès de CHU Toamasina. ",,
2019-10-04,2019,10,4,4,0,,,Nord Ouest de Madagascar,,,,original,,"Aux côtes Nord-Ouest de Madagascar, le navire de type vraquier M/V PAPORA
WISDOM de pavillon Panama aurait pu être la cause de déversements dans la ZEE de Madagascar,
selon OLI France.",,
2019-10-04,2019,10,4,4,0,ANTALAHA A TOAMASINA,,TOAMASINA,,49.41660555555556,-18.15619722222222,original,,"Dans le Fokontany d’Ampanalagna, parcelle 17/11, un corps d’un enfant, environ 3 ans, sans vie a été trouvé au bord de la mer, près de l’Hôtel Victoria Beach, le 04 octobre 2019 vers 08h du matin. Avec la Police Scientifique et Technique et le Service Régional de la Police Judiciaire, le BMH constate que l’enfant est mort par noyade. Après l’enquête de voisinage, personne n’a reconnu ni l’identité de cet enfant ni sa famille. Cette dernière circonstance a permis au Sapeurs-pompiers de déposer le corps à la morgue, CHU Toamasina. ",,
2019-10-04,2019,10,4,4,0,CAP D'AMBRE A ANTALAHA,,Vohemar,,50.003364,-13.370283,original,,"Au large de Vohemar, un navire de type cargo dénommé « ANILLA
PRINCESSE » en partance d’Antsiranana pour Vohemar a sombré à la suite d’une panne au niveau
de la cale machine due par l’effet d’une voie d’eau. Les 10 passagers et 14 membres d’équipage
ont été sains et sauf après déploiement d’un radeau de sauvetage. Rappelons que le jour de cet
accident, le vent d’Alizé se dirigeant vers la direction de Nord-Nord-Est, avec une vitesse allant
jusqu’à 28 km/h aurait pu être en faveur des rescapés.",,
2019-10-10,2019,10,10,3,0,CAP D'AMBRE A BESALAMPY,,MAHAJANGA,,46.31373611111111,-15.711575,original,,"Durant cette période de vacance, la plage de Mahajanga est remplie d’autochtones et vacanciers. Pendant ce moment de détente, différents activités ont lieu, comme monter à bord d’un navire pour donner une épice à leur vacance. Et pour ce cas, le jour du 08 Octobre 2019, pendant qu’une famille fait un tour de promenade à bord d’une vedette, au large de la petite plage de Mahajanga, un garçon d’environ de 13 ans fut tombé et a été broyé par les hélices de ladite vedette. Malgré les soins de secours effectués et l’EVASAN vers l’hôpital d’Androva, l’enfant meurt en cours de route.",,
2019-10-17,2019,10,17,3,0,CAP D'AMBRE A BESALAMPY,,ANALALAVA,,47.76835555555555,-14.668727777777775,original,,"Compte tenu de l’information transmise par les éléments du Poste Fixe de Ratsianarana (District Antalaha) de la Gendarmerie Nationale, le navire MS ISABELLA s’est échoué sur un récif le matin du 17 octobre 2019 vers 06h00 C à environ 1,5 km au large de Tanjokalanana, Fokontany Andranonampaha CR Ampanavoana district d’Antalaha.
Appartenant à sieur BE GERARD habitant le Fokontany Ankoalabe Antalaha, le navire a quitté le port d’Antalaha avec 10 membres d’équipage le 16 octobre 2019 vers 06h00 du matin à destination de Toamasina, ayant à son bord 15 passagers et 1000 cageots contenant des bouteilles vides. Ledit navire s’est trouvé à la dérive suite à une panne moteur et s’est échoué.  Tous les passagers sont déjà évacués du navire par l’équipage à Andranonampaha puis vers Antalaha sains et saufs. La réparation du moteur du navire est terminée le 19 octobre 2019. Le déséchouement dépendra de la hauteur de la marée. L’APMF Antalaha va envoyer un remorqueur pour secourir le navire.",,
2019-10-20,2019,10,20,6,0,CAP D'AMBRE A BESALAMPY,,MAHAJANGA,,46.31373611111111,-15.711575,original,,"Le dimanche 20 octobre 2019 vers 14h30 sur la mer du village touristique, un jeune homme adventiste en vacances, âgé de 23 ans, s’est noyé malgré son EVASAN vers l’hôpital d’Androva. Engloutie par la montée du niveau de la mer, la victime n’est repêchée sur la plage qu’après 10 minutes. Malgré les panneaux d’interdiction de baignade installés depuis 2018 sur certains endroits à cause de l’existence d’un courant d’arrachement et d’une forte marée, les vacanciers sont toujours tentés par le calme apparent de la mer. ",,
2019-11-25,2019,11,25,0,1,ANTALAHA A TOAMASINA,,ANTALAHA,,50.28750555555556,-14.908622222222222,original,,"Le 25 novembre 2019 vers 22H00, une pirogue transportant des bois ordinaires est renversée dans la mer au large du Fokontany Ambinanimarambo Commune Rurale Ambalabe du District Antalaha. Le navire en provenance d’Ambohitralanana est en direction vers Antalaha. L’accident est survenu au nord dudit fokontany au passage d’une embouchure. Sur les quatre (04) membres d’équipage dans la pirogue, trois (03) ont pu rejoindre la côte et sont retrouvés sains et saufs dans la nuit du 25 novembre 2019. Le dernier membre de l’équipage, le nommé RABARISON Mamitiana, âgé de 27 ans, habitant du Fokontany Ankolabe Antalaha est retrouvé mort sur la plage d’Ambinanimarambo le 27 novembre 2019 vers 05H40. Le défunt ne savait pas nager. La pirogue ainsi que les planches à bord sont emportées par le courant marin.",,
2019-11-30,2019,11,30,5,1,ANTALAHA A TOAMASINA,,MANANARA NORD,,49.80359444444444,-16.169311111111114,original,,"Le navire ARIANE EXPRESS assure le transport maritime des passagers entre Maroantsetra et Mananara-Nord. A part de ses 09 équipages, il a transporté 120 passagers le 30 Novembre 2019. Et vers 22h, suite à la condition météorologique de cette zone et le mauvais état de la mer, ce navire a risqué d’être chaviré. Mais grâce à l’intervention de l’équipe de l’APMF qui a envoyé ses trois (03) vedettes pour lui porter secours, avec ses 129 personnes à bord, le navire est arrivé sans incidence à Mananara-Avaratra. ",,
2020-01-04,2020,1,4,5,1,CAP D'AMBRE A ANTALAHA,,SAMBAVA,,50.17573,-14.27,original,,"Le mardi 31 mars 2020 dans la matinée sur la plage d'Ampandrozonana, district de Sambava, deux garçons ont été emportés par les vagues et ont faillis se noyer. Le sauveteur, un jeune homme travaillant aux alentours a remarqué les gestes d’appel de secours de deux garçons. Le maire de la Commune s’est rendu place et a recommandé les résidents ainsi que les parents à être toujours vigilants face aux enfants qui jouent à la plage. ",,
2020-01-20,2020,1,20,0,1,ANTALAHA A TOAMASINA,,TOAMASINA,,49.42276,-18.14853,original,SAR,"La SPAT (Société du Port à Gestion Autonome de Toamasina) a récupéré un piroguier inconscient à bord de sa pirogue en mer, le samedi 18 janvier 2020 vers 13h. Arrivé au port, la victime a été ramenée à l’urgence Hôpital Toamasina. Après son premier soin, le piroguier a trouvé sa respiration vers18h30, mais encore inconscient.",,
2020-02-17,2020,2,17,0,1,CAP D'AMBRE A ANTALAHA,,SAMBAVA,,50.16599,-14.26106,original,,"Le 16 Février 2020 vers 14h, un jeune garçon âgé de 25 ans s’est noyé pendant son baignade en mer, en face de l’Hôtel « LAS PALMAS », Fokontany Sambava Centre. Ramené par la vague, son corps n’a pas été découvert que dans la matinée du 17 Février 2020, à quelques mètres de cet endroit. Après le constat effectué par les autorités locales (Gendarmerie Nationale, Médecins légistes), le corps de ce jeune écolier est remis entre les mains de sa famille.",,
2020-02-17,2020,2,17,0,1,CAP D'AMBRE A MAHANORO,,MAHANORO,,48.93477,-19.88243,original,SAR,"Dans la nuit de 15 au 16 Février 2020, suite au passage de la dépression tropicale FRANCISCO, deux (02) navires, dont BRENDALEX 2 TM 15-043, au quai du débarcadère de Mahanoro ont été ramenés par le courant du Canal de Pangalanes. Le 16 février 2020, l’Agence Portuaire Maritime et Fluviale (APMF) a procédé à la recherche de ces navires. Ils sont retrouvés vers 4km et 10km de Mahanoro. Le même jour, en ralliant Mahanoro, l’équipe SAR de l’APMF a intercepté une vedette avec onze (11) personnes (06 Hommes, 03 Femmes, 02 Enfants) à bord, qui a été ramenée par le courant d’eau des Pangalanes. L’embarcation a été remorquée vers le débarcadère de Mahanoro. Les passagers à bord sont sains et saufs.",,
2020-02-25,2020,2,25,1,1,CAP D'AMBRE A BESALAMPY,,NOSY BE,,46.2,-13.63333,original,,"Le lundi 24 février 2020, à la position 13°38’S et 46°12E, soit à environ 217 km au Sud-Ouest de Nosy Be et à 180km au Nord-Ouest de la Baie de Narendra, deux (02) homme malagasy à bord d’une vedette rapide équipée de deux moteurs hors-bord d’une capacité d’environ 40CV chacune en panne moteur, sont récupérés par le thonier senneur seychellois PLAYA DE ANZORAS, MMSI : 664572000 de passage dans la zone. Sous motif de pêche, l’embarcation malagasy emportait une trentaine de bidons jaunes de 20 litres vides et aucun matériel de pêche ni de poissons capturés. Prévue débarquer au port de Nosy be dans la journée du mardi 25 février 2020, la vedette a été débarquée au large sans atteindre le port et a ainsi disparu pour éviter les autorités malagasy. De plus, PLAYA DE ANZORAS a éteint son AIS depuis le 20 février 2020 vers 00H08.",,
2020-03-02,2020,3,2,0,1,ANTALAHA A TOAMASINA,,TOAMASINA,,49.42313,-18.15389,original,ACCIDENTS,"Ce 03 Février 2020 vers 09h, une baleine est échouée près de chantier d’extension port Toamasina, dont le corps est déjà abimé. A cet effet, la capitainerie SPAT du Port de Toamasina a tenu une réunion avec les responsables locales, dans la salle de réunion PFSO, enceinte du Port, afin de prendre une mesure adéquate relative à cette situation. En attendant cette prise de décision, le lieu est sécurisé par les éléments de la Police Nationale COSPE/SPAT et la sécurité civile (Société TSG). Vers 11h30, les responsables issus de MAEP ont descendu sur le lieu pour constater cet évènement, mais aucune mesure n’a été prise jusqu'à 13h.",,
2020-03-05,2020,3,5,3,1,CAP D'AMBRE A ANTALAHA,,ANTSIRANANA,,49.399,-12.2977,original,,"Le vendredi 01 Mai 2020, une dizaine d’étudiants de l’Ecole Supérieure Polytechnique Antsiranana sont venues à la plage de la Baie de Sakalava pour une promenade. Deux parmi eux ont pris une pirogue et se sont déplacés vers le large. Une fois au large, ils ont connu un problème et leur pirogue a coulé. L'un a pu se sauver, mais l'autre s’est noyé et a disparu. Avisé de cet évènement, les autorités locales représentés par le député d’Antsiranana, accompagnés de plongeurs sont descendues sur le lieu et a commencé la recherche du garçon. Le corps du défunt a été retrouvé le 02 Mai vers 07h30.",,
2020-03-09,2020,3,9,0,1,CAP D'AMBRE A BESALAMPY,,MAHAJANGA,,46.310831,-15.700265,original,,"Le mardi 01 Septembre 2020 vers 14h, un jeune garçon de 14ans a trouvé la mort dans un noyade sur la plage du village touristique à Antsahabingo, Commune Urbaine de Mahajanga, Région Boeny. Trois garçons se sont baignés sur la plage malgré la plaque d’interdiction au niveau de l’embouchure. A marée basse, ils ont traversé à la nage tour à tour l’autre plage. Le premier est passé mais a prévenu la victime de ne pas se jeter dans la mer, à cause d’une crevasse. Mais, la victime a plongé et est mort noyé malgré la tentative de sauvetages de deux (02) pêcheurs aux alentours. Une fois alertée, les autorités locales sont venues sur place. ",,
2020-04-01,2020,4,1,2,1,NOSY BE ET ENVIRONS,,NOSY BE,,48.4864,-13.31115,original,ACCIDENTS,"Le 03 janvier 2020 vers 17h, le cadavre d’un homme âgé de 31 ans, conducteur d’une coque reliant Ambalamboay à Nosy Be, a été retrouvé à Nosy Faly, dans la forêt de mangrove d’Ampasikely, Fokontany Ambolobozo, Commune Rurale d’Antafiambotry. D’après le constat, l’homme est décédé depuis des jours, son corps a été abîmé par l'eau de mer. Dans le Fokontany voisin d’Ambolobozo à Ampasimbary, dans la même Commune Rurale, la coque plastique ayant une capacité de 30 personnes à bord, avec un moteur à bord de 150 CV de marque YAMAHA, a été retrouvée sur la plage dudit Fokontany. L’incident aurait été causé par le mauvais temps. L’embarcation a été remise à son propriétaire habitant Ambalamboay. ",,
2020-04-02,2020,4,2,3,1,BESALAMPY A MOROMBE,,BESALAMPY,,44.43018,-16.60249,original,,"Le samedi 01 février 2020 vers 20 heures, à l’embouchure entre le fleuve Maningoza et la mer dans la partie d’Ampongabe, fokontany Anosimboalavo, district de Besalampy, un boutre dénommé « BEFANOMEZA » en provenance de Mahajanga, transportant des 45 barils carburants de JIRAMA avec des matériaux de construction, de l'acier, des marchandises générales, des motos et divers outils avec 9 personnes à bord était victime d’un naufrage. Toutes personnes à bord ont été rescapées dans cette catastrophe grâce au sauvetage opéré par des pêcheurs, tandis que les marchandises à bord étaient englouties par la mer. Les éléments de la Gendarmerie, de la Police Nationale, de la JIRAMA et le « Fokonolona » de cette localité ont déjà procédé à la recherche des objets perdus avec la société NACB-AQUALMA. Dans la matinée du 05 février 2020, 20 barils ont été retrouvés par ces Fokonolona et remontés vers la surface. 25 futs sont ainsi restés à trouver.",,
2020-04-03,2020,4,3,4,1,ANTALAHA A TOAMASINA,,FENOARIVO ATSINANANA,,49.42669,-17.3876,original,,"Le 02 mars 2020 vers 16H00, le boutre malagasy MS STEPHAN est échoué sur la plage d’Andreba, CR Ambodimanga dans le District de Fenoarivo Atsinanana. Le 01 mars 2020, toujours en panne moteur, le navire a été remorqué par le navire caboteur malagasy NOSY MANGABE de Sainte Marie à destination vers le port de Toamasina, avec six (06) membres d’équipages et 150 bouteilles de gaz de cuisson vides à bord. En cours de route et à cause de la forte houle, NOSY MANGABE a dû abandonner MS STEPHAN qui s’est échoué sur ladite plage. D’après l’APMF de Sainte Marie, le navire LCT HAVANNA, pavillon Malagasy en provenance de Mananara Avaratra pour Toamasina devra continuer le remorquage de M/S STEPHAN vers le port de Toamasina. Rappelons que MS STEPHAN a été victime d’une panne moteur le 09 février 2020 vers 17H00 et était échoué sur un récif au large de Vinanivao. Il a été remorqué par MV SERAYA, pavillon Malagasy, vers Sainte Marie le 12 février 2020. Toutefois, son permis de navigation est valable jusqu’au 08 août 2020.",,
2020-05-06,2020,5,6,2,0,CAP D'AMBRE A BESALAMPY,,ANALALAVA,,47.6603,-14.5364,original,,"Le 03 juin 2020 vers 15 heures 20 près de Nosy Lava, un naufrage d’une pirogue en bois est survenu. Trois personnes parmi les quatre pêcheurs traditionnels à bord ont réussi à rejoindre le littoral au niveau Fokontany Anjango, CR Ambolobozo dans le district d’Analalava le 03 et le 04 Juin 2020.  L’un d’eux n’a pas encore été retrouvé. La petite embarcation était en provenance d’Analalava et à destination de Nosy Lava. La cause principale du naufrage est la hauteur des vagues. Des recherches ont été déployées par les autorités d’Analalava et de Nosy Lava. ",,
2020-05-11,2020,5,11,0,0,CAP D'AMBRE A BESALAMPY,,ANALALAVA,,47.6392,-14.8081,original,,"Le vendredi 30 octobre 2020 vers 13h, une embarcation de pêche sans moteur a sombré avec trois (03) personnes à bord, au large de Doany, fokontany Tsarakoditra, CU et district Analalava. L’un des trois occupants, dénommée Dominique, a survécu et a été retrouvé avec l’embarcation, tandis que les deux (02) autres (Moravelo et Tatainy) ont disparu. Les autorités locales, aidées le fokonolona, ont déployé une vedette pour poursuivre les recherches. L’un des deux est retrouvé mort le 06 Novembre 2020 vers 5H30 du matin mais l’autre n’a pas encore été retrouvé.",,
2020-05-13,2020,5,13,2,0,BESALAMPY A MOROMBE,,MAINTIRANO,,44.01736,-18.06673,original,,"Le 11 Mai 2020 vers 21H00C, le boutre à voile en bois NAIMA reliant Mahajanga et Maintirano s’est échoué à Ampasimandroro, Maintirano. Le 10 Mai 2020, il a quitté le port de Mahajanga à destination de Maintirano, avec 06 personnes à bord. Il était au mouillage en attendant la marée haute lorsque l’ancre n’a pas tenu à cause d’un coup de vent et l’a fait dériver vers les hauts-fonds. Par conséquent, 80% des marchandises transportées (matériaux de construction et produits de premières nécessités) ont pu être récupérées, tandis que l’embarcation a été totalement endommagée. Les personnes à bord sont saines et sauves.",,
2020-05-22,2020,5,22,4,0,ANTALAHA A TOAMASINA,,SOANIERANA IVONGO,,49.72671,-16.74656,original,,"Le 18 mai 2020 vers 15H00 dans l’après-midi, une pirogue en provenance du fokontany Tanambao Ambodimanga, dans la Commune Rurale de Manompana, district de Soanierana Ivongo, a coulé au large de Fandrarazana, fokontany de Tanambao Ambondimanga. Elle a embarqué à bord le rameur et une famille composée des parents dont la femme est enceinte de cinq mois et leur fillette de 12 ans. A leur retour à l’entrée de la passe au niveau de l’embouchure, la pirogue a chaviré. Seul le rameur a été sauvé. Les trois autres sont morts noyés et échoués sur la plage en fin de la journée du 18 mai 2020. Cet incident serait dû à la mauvaise condition météorologique.",,
2020-05-22,2020,5,22,4,0,CAP D'AMBRE A BESALAMPY,,ANALALAVA,,47.623,-14.466,original,,"Le 11 mai 2020 vers 08H00 du matin, une pirogue à voile nommée DXE d’environ 7m de long et 3m de large, en provenance de Nosy Faly, District de Nosy Be le 10 mai 2020 et à destination d’Aranta Mahajanga, a fait naufrage au large, entre Nosy Morintsa (Nosy Saba) et Nosy Lava, entre la Commune urbaine Analalava et la Commune rurale d'Ambolobozo dans le district Analalava. Le vent fort du Sud-Est a cassé le bras avant du balancier de la pirogue et l’a fait chavirer. L’un des membres d’équipage, un dénommé JOFRE Eddy Alain âgé de 24ans, s’était accroché sur une glacière et a été emporté par le courant. Il a été sauvé par des pêcheurs à l’Ouest au large de Nosy Lava le 14 mai 2020 vers 20H00 du soir et évacué à Analalava pour être soigné. Tandis que les quatre (04) autres équipages, dénommés Lezara, Dada, Lava et Bezara, accrochés sur le balancier, n’ont pas été retrouvés. La pirogue renversée a été aussi emportée par le courant marin. Les membres d’équipage n’étaient pas équipés de gilets de sauvetages. L’APMF a procédé aux opérations SAR.",,
2020-05-26,2020,5,26,1,0,MAHANORO AU CAP SAINTE MARIE,,NOSY VARIKA,,48.5396,-20.57926,original,,"La nuit du 23 Mai 2020, dans le Canal des Pangalanes, un élément de la Gendarmerie, en service à Sahavato, s’est noyé près de la Commune de Sahavelo. Le navire qui le transportait a chaviré à cause de mauvaise condition météorologique et la victime tomba à l’eau. Depuis cette nuit, la recherche a été faite tout le long du Canal des Pangalanes et le corps sans vie n’a été retrouvé que le 26 Mai 2020 vers 06h du matin. La victime et ses deux collègues étaient en déplacement retour de mission de Mananjary.",,
2020-05-29,2020,5,29,4,0,NOSY BE ET ENVIRONS,,AMBANJA,,47.97623,-13.48646,original,,"Le lundi 25 Mai 2020 vers 10H00, un groupe de touristes ont fait un bivouac dans l’île d’Ankazoberavina, située dans la Commune Urbaine d’Ambanja, région DIANA. A bord d’une vedette rapide, ils étaient au nombre de 05 étrangers. L’un d’eux, nommé FELICI Alessandro, de nationalité Italienne a fait une plongée pour une chasse sous-marine et une pêche. Quelques heures après, l’homme n’est pas remonté et ses camarades ont alertés les autorités locales. Après une longue recherche, le corps sans vie de ce jeune homme de 24 ans a été retrouvé au large. Une enquête est en cours.",,
2020-06-05,2020,6,5,4,0,MAHANORO AU CAP SAINTE MARIE,,FARAFANGANA,,47.83864,-22.82042,original,,"Le 05 mai 2020, dans la matinée sur les rives de la plage de Farafangana, notamment dans la partie de l’embouchure de Manapatrana, un corps sans vie disparu depuis le samedi 02 mai 2020 a été trouvé. Il s’agit d’un homme de 29 ans, nommé RANDRIATIANA Augustin, domicilié dans le fokontany Mahasoa.  Selon les membres de la famille, la noyade serait due à une suicide à la suite d’une déception amoureuse.",,
2020-06-07,2020,6,7,6,0,BESALAMPY A MOROMBE,,BESALAMPY,,44.4242,-16.5761,original,,"Le 26 juin 2020 vers 03h du matin, un pêcheur a été porté disparu dans la baie de Grenouille, à environ 60 km à l’Ouest du Fokontany de Vilamatsaha, Commune Rurale de Soanenga, District de Besalampy. A bord de la pirogue à voile VALIMBAVAKA, en partance de Mahajanga, neuf (09) pêcheurs sont venus pêcher dans cette zone. Mais pendant que le navire était stoppé, l’un d’eux a profité pour faire son besoin et il a été happé par une vague. Il n’a pas été retrouvé.",,
2020-06-11,2020,6,11,3,0,ANTALAHA A TOAMASINA,,SOANIERANA IVONGO,,49.587235,-16.915447,original,,"Le 06 novembre 2020 vers 6h30 du matin, au débarcadère de Soanierana Ivongo, le LCT YVAN, navire de transport de marchandises à destination de Matsokely, a chaviré après une embardée vers la droite pendant sa mise en marche après l’embarquement des marchandises. La position du navire sur le débarcadère lors de son chargement en est la cause avec la proue qui est encore hors de la mer sur le rivage. Cinq (05) personnes, dont le commandant et le propriétaire du camion, étaient à bord. Le navire avait à son bord un camion Renault de couleur blanche chargé de PPN pesant à peu près 10 tonnes, du sable et environ 3 tonnes d’eau. Aucune blessure ni perte en vie humaine n’est à déplorer, mais les marchandises, dont le camion, sont tombées dans l’eau.  Des PPN ont pu être récupérés. Les autorités cherchent encore le moyen de remonter le camion et le navire. Il est à noter que le débarcadère est destiné seulement aux bacs et celui de Soanirana Ivongo n’est pas opérationnel depuis le 30 octobre 2020. Le LCT l’a remplacé depuis",,
2020-06-17,2020,6,17,2,0,CAP D'AMBRE A BESALAMPY,,AMBANJA,,47.7591,-14.00095,original,,"Le mercredi 10 juin 2020, trois (03) coques à moteur dénommées FRUITS DE MER avec 11 équipages, NANOU et NEPTUNE avec 5 équipages chacune, ont quitté Nosy Be à destination de Nosy Berafia des îlots Radama, Fokontany de Berafia dans Commune Rurale Anorontsangana, district d’Ambanja. Arrivés le même jour au lieu de pêche, les pêcheurs ont commencé leur activité le jeudi 11 Juin 2020 au large du Nosy Berafia sans se séparer de vue. La nuit du vendredi 12 au samedi 13 Juin 2020, la coque dénommée NANOU, 7m de long, avec ses 5 équipages a disparu.  Les pêcheurs ont commencé la recherche à bord de FRUITS DE MER et NEPTUNE sans résultat. Les pêcheurs ont signalé par téléphone le propriétaire à Nosy Be qui a par la suite envoyé 01 Catamaran et 01 Voilier comme renfort pour la recherche, le dimanche 14 Juin 2020. Après une longue recherche sur 50km de rayon aux alentours dans le sens du courant, les deux coques sont retournées au port de Nosy Be sans résultat. Le propriétaire n’a signalé les autorités locales telles que l’APMF, que le mardi 16 juin 2020. ",,
2020-06-22,2020,6,22,0,0,ANTALAHA A TOAMASINA,,FENOARIVO ATSINANANA,,49.40383,-17.27949,original,,"Dans la matinée du vendredi 20 juin 2020, un pêcheur âgé de 22 ans a disparu à bord d’une petite embarcation en bois. L’incident est survenu dans la partie du fokontany Tanambao Tampolo Commune Rurale d’Ampasina Maningory, district de Fenoarivo Atsinanana. En effet, le pêcheur est parti en mer vers 8 heures du matin pour pêcher. Selon les membres de sa famille, il devait retourner au village vers la fin de la matinée. Pourtant, il n’est pas revenu. Sa famille a donc saisi la « radiom-paritra » pour aviser le public afin de trouver le pêcheur entre Antalaha et Fenerive Est. Le 22 juin 2020 vers 09H00 heures locales, le corps sans vie du pêcheur a été retrouvé par d’autres pêcheurs à environ 5 miles nautiques (9.26km) au sud du lieu de l’incident, près de l’embouchure d’Itendro dans le fokontany d’Amboakarivo, CR Ambodimanga II dans le district de Fenoarivo Atsinanana.",,
2020-07-15,2020,7,15,2,0,CAP D'AMBRE A BESALAMPY,,MAHAJANGA,,46.305,-15.7091,original,,"Le corps d’un homme sans vie a été retrouvé sur la plage de Mahajanga, dans le Fokontany de Maroala. Il s’agit d’un homme, environ de 50 ans. D’après le constat du décès effectué par les éléments de la Gendarmerie Nationale, la cause du décès aurait été par noyade.",,
2020-08-24,2020,8,24,0,0,CAP D'AMBRE A ANTALAHA,,VOHEMAR,,50.123,-13.684,original,SAR,"La nuit du 22 Août 2020 vers 18h30mn, le navire FAGNOLE a subi une panne technique entre Vohémar et Antalaha. Parti de Vohémar le 22 Août 2020 à destination de Foulpointe, la barre de direction et la ligne de mouillage du navire ont été endommagées selon son capitaine. Un autre navire a été envoyé par l’APMF pour l’assister mais il n’a pas réussi à le retrouver et le capitaine du navire a été injoignable le jour de la recherche. Le 23 Août 2020 vers 10h00mn, ledit navire a donné signe à partir du téléphone du Capitaine.  Le 24 aout 2020, il était à une position entre Fanambana et Manambery (soit 25 km de Vohémar). En conséquence, un navire de secours a été envoyé vers ce lieu pour assister le FAGNOLE. Le 24 Août 2020 vers le début de l’après-midi, le navire est arrivé à Vohémar remorqué par le navire RAYAN. Les 04 personnes à bord sont saines et sauves.",,
2020-08-25,2020,8,25,1,0,CAP D'AMBRE A BESALAMPY,,SOALALA,,45.3286,-16.021,original,,"Le 23 Août 2020 vers 11h, une pirogue à voile a chaviré au large de Besada, quartier Antranolava, Fokontany Anjiamaloto, Commune et District de Soalala, Région Boeny. Cette pirogue, avec 09 personnes à bord était partie de Soalala à destination de Mahajanga. Mais, à cause du mauvais état de la mer, la pirogue a chaviré et un homme de 30 ans dénommé Monsieur HAJASOA Herinandrasana Jean Luc était tombé à la mer. À la suite de cet incident, la Gendarmerie Nationale de Soalala a envoyé une vedette rapide pour porter secours aux victimes. En conséquence, 08 personnes sont saines et sauves. Le 26 aout 2020 vers 01H00 du matin sur la plage aux alentours du lieu de l’incident, le corps de la personne disparue a été trouvé. ",,
2020-08-26,2020,8,26,2,0,,,VOHEMAR,,53.118617,-12.727967,original,SAR,"Le 26 aout 2020 vers 11H00C, le navire cargo YASA UNITY, de pavillon Iles Marshall, MMSI : 538002548 a été signalé en dérive vers les côtes Est malagasy à environ 202 nautiques (374,104km) à l’Est de Vohémar à l’entrée de notre ZEE. Ce navire a quitté le port de Mina Saqr aux Emirates Arabes Unies le 27 juillet 2020, à destination du port Elisabeth en Afrique du Sud. La dérive est due à une panne du générateur diesel et un problème électrique. Il se déplace vers l’Ouest avec une vitesse de 2.8 nœuds. Le remorqueur de pavillon Malte BOKA SUMMIT a quitté Port Louis le 26 Aout 2020 vers 11H02 heures universelles pour assister le navire et le remorquer vers Durban Afrique du Sud. ",,
2020-09-03,2020,9,3,3,0,CAP D'AMBRE A BESALAMPY,,MAHAJANGA,,46.30734,-15.72506,original,,"Le 09 mars 2020 vers 16 heures au quai Orange du port de Mahajanga, un incendie a eu lieu à bord du navire MS SAMBIRANO, IM : D/S 00.016. Le feu est causé par la soudure des rambardes. Trois (03) cabines ont été touchées par le feu faute de l’extinction tardive. Les soudeurs sont des sous-traitant du titulaire des travaux. Ils ont oublié de vérifier les entourages de leur travail, alors qu’un éclat de feu glissé dans une cabine. Un agent de l’APMF a déjà procédé un constat provisoire de cette incendie.",,
2020-09-07,2020,9,7,0,0,BESALAMPY A MOROMBE,,MAINTIRANO,,44.0189,-18.0851,original,,"Le 08 Juillet 2020 vers 08h du matin, le boutre dénommé PETER a fait naufrage au large de la plage Ampasimandroro, Commune et District de Maintirano. Ce boutre a quitté le port de Maintirano le même jour vers 05h du matin pour remorquer les boutres qui sont au mouillage au large. Mais à cause du mauvais temps, la coque du boutre a été frappée par une vague entrainant son naufrage. Aucune perte en vie humaine n’a été observée durant cet incident.",,
2020-09-12,2020,9,12,5,0,NOSY BE ET ENVIRONS,,NOSY BE,,48.251059,-13.409133,original,,"Le 08 novembre 2020, un cadavre d’un baleineau, estimé à 11m sur 03m et pesant environ 03T, a été découvert sur les côtes de la région de Matsinja, à environ 300 m au nord de l’Arbre sacré, à l’ouest d’Hell Ville à Nosy Be. Ayant pris connaissance des faits, le Maire de la Commune Urbaine de Nosy Be est descendu sur terrain, avec les sauveteurs de la Commune, et a ordonné à ce que l’animal ne soit pas consommé car on ne connait pas les raisons de sa mort. L’animal a été incinéré sur place le 09 décembre 2020 dans l’après-midi afin d’éviter tout incident sanitaire lié à sa consommation dont la chair et l’huile sont très convoitées par les riverains. Selon les techniciens de la Direction de la Pêche et de l’Aquaculture, ainsi que les chercheurs du CNRO (Centre National de Recherches Océanographiques) de Nosy Be, c'est une des espèces les plus menacées et à protéger  et à ne pas négliger dans le développement du tourisme.",,
2020-09-24,2020,9,24,3,0,CAP D'AMBRE A BESALAMPY,,MAHAJANGA,,46.307438,-15.702975,original,,"Le 23 septembre 2020 vers 17 heures près du Village Touristique à Antsahabingo, Commune Urbaine de Mahajanga, Région Boeny, un garçon de 16 ans a disparu en essayant de sauver une fille.  En nageant dans la mer un peu plus au large, une jeune fille a été emportée par les vagues, et appela au secours.  Deux (02) garçons se baignant aux alentours ont essayé de la sauver mais l’un d’eux a disparu d’un coup pendant qu’ils rejoignaient la plage. Une fois alertée, les équipes du sapeur-pompier et de la Gendarmerie ont commencé la recherche du jeune garçon. Le corps n’a été retrouvé que le 24 septembre 2020 vers 16H02 heures locales, à environ 100m derrière l’hôtel Karon à Antsahabingo, aux alentours du lieu de l’incident.",,
2020-10-01,2020,10,1,3,0,CAP D'AMBRE A BESALAMPY,,MAHAJANGA,,46.31098,-15.67061,original,,"Une vedette rapide en provenance de Mutsamudu sur l’île d’Anjouan aux Comores le 28 décembre 2019 embarquait 13 personnes à bord dont 4 équipages et 9 passagers. Il est censé rejoindre l’île de Mohéli mais l’embarcation est déclarée portée disparue depuis cette date. Le 10 janvier 2020 vers 5H 45, il est retrouvé au large d’Amborovy suite aux mauvais temps pour la navigation (forte tempête) et une panne mécanique selon les passagers. L’opération de sauvetage a été effectuée par les autorités portuaires du port de Mahajanga (PN – GN – APMF) avec les Sapeurs-Pompiers. Toutes les personnes à bord étaient rescapées ; toutefois une évacuation sanitaire a été opérée dont l’Espace médicale Mangarivotra a pris en charge pour soins médicaux. Après contrôle des papiers effectué par le Service de Police chargé de la migration, aucune immigration clandestine n’a été constatée. Le 13 janvier 2019 vers 09H05C, six personnes de sexe féminin sont embarquées par voie aérienne en direction des Comores. La coque est retenue à la Brigade du Port de Mahajanga.",,
2020-10-01,2020,10,1,3,0,CAP D'AMBRE A BESALAMPY,,MAHAJANGA,,46.30878,-15.69547,original,ACCIDENTS,"Refoulement vers Comores, de 13 personnes de nationalité comorienne qui font partie de passagers et équipages de l’embarcation MLEZI 3, retrouvée au large de Mahajanga : 
-	La première vague de rapatriement a eu lieu le 13 janvier 2020, composée de 6 personnes dont la majorité sont des femmes et des enfants ; 
-	La deuxième vague a eu lieu, le 20 janvier 2020 vers 09h56mn, composée de 7 personnes, à bord du vol 7D611, vers les Comores. 
A titre de rappel, la vedette qui a embarqué ces comoriens, a eu une panne mécanique, elle est restée en mer depuis le 28 décembre 2019 où il a été vu pour la dernière fois jusqu’au 10 janvier 2020, et tous les passagers et équipages sont récupérés et sauvés par les autorités locales de Mahajanga. ",,
2020-10-02,2020,10,2,4,0,CAP D'AMBRE A MAHANORO,,VATOMANDRY,,48.98466,-19.32692,original,,"Le dimanche 09 février 2020 vers 16H00, un garçon de 14 ans dénommé RALAHINIRINA Lorencio, demeurant à VohitsaraVatomandry, est mort noyé dans l’embouchure du fleuve Sandramanangy de Vatomandry. Ils étaient au nombre de quatre (04) garçons en train de se baigner lorsque les forts courants occasionnés par la rencontre entre le fleuve et la mer ont provoqué la noyade mortelle du garçon. Ses trois (03) camarades ont appelé les secours qui n’ont pas pu sauver la vie de la victime.",,
2020-10-07,2020,10,7,2,0,ANTALAHA A TOAMASINA,,ANTALAHA,,50.4754,-15.2809,original,,"Le 09 Juillet 2020 vers 00h05mn, les villageois d’Ambodirafia, Commune Rurale d’Ambohitralalana, District d’Antalaha, ont constaté une vedette de plaisance mauricienne, avec 04 ressortissants mauriciens à bord, échouée sur la plage. Sans plus tarder, ils ont avisé le Peloton de Surveillance Côtière de la Gendarmerie Nationale (GN) à Ambohitralalana. En arrivant, sur le lieu vers 09h45mn, ils ont trouvé un navire de plaisance en fibre de polyester dénommé LEGEND, avec l’immatriculation : 7436-0L/12 et de couleur blanche. A bord du navire équipé d’un moteur Yamaha puissant de 150 chevaux, les matériels suivants sont inventoriés : 02 nourrices de 50 litres et 02 nourrices de 25 litres vides, 12 gilets de sauvetages, 02 cannes à pêche 80m, 02 canopes déchirés par le vent et 01 tuyau d’huile vérin endommagé. Le navire a quitté l’île Maurice le 01er Juillet 2020 vers 15H00C, pour effectuer une pêche au large. La panne hydraulique de la barre de direction avec un boitier coupé est survenue le même jour vers 17H30C, entrainant la dérive de l’embarcation vers la côte Est Malagasy pendant plus d’une semaine. Les Mauriciens sont mis en quarantaine dans l’Hôtel Résidence à Ambohitralanana en attendant les mesures de rapatriement.",,
2020-10-08,2020,10,8,3,0,CAP D'AMBRE A ANTALAHA,,SAMBAVA,,50.1765,-14.4191,original,,"Durant la nuit du 06 Août 2020, quatre (04) pêcheurs dénommés Fety Honoré 46 ans, Manjolily Roger Victor (43 ans), Hiss Thony (30 ans) et Kavy Tofick, ont disparu au large de Farahalana dans le district de Sambava. Le jeudi 06 Aout 2020 vers 01h30mn dans la matinée, ils sont partis de chez eux à bord d’une seule pirogue. Le samedi 08 Août 2020 vers 10h, Monsieur Kavy Tofick a été retrouvé sain et sauf au bord de la plage près du lieu de l’incident, les trois autres n’ont pas encore été retrouvés. D’après l’explication du survivant, l’incident était dû au passage d’une grande baleine qui a frappé la mer avec sa queue et a engendré une vague provoquant le naufrage de la pirogue. L’Agence Portuaire Maritime et Fluviale (APMF) et la Gendarmerie sur place ont entamé les recherches.",,
2020-10-13,2020,10,13,1,0,CAP D'AMBRE A BESALAMPY,,MITSINJO,,45.908715,-15.718372,original,Recif corallien:Marée basse,"En date du 12 Octobre 2020 vers 8 h du matin, un boutre à voile sans moteur, dénommé « TANTERAKA » en provenance de Mahajanga et à destination de l’île Makamby, fokontany Kingany, C.R Antongomena Bevary, district Mitsinjo s’est échoué sur un récif corallien. Les six personnes membres de l’équipage sont saines et sauves. D’après la narration des victimes, cette embarcation a quitté Mahajanga le 08 octobre 2020 aux environs de 4 heures du matin et a navigué trop près du littoral. Ce navire a été chargé de 3 tonnes de marchandises dont des sacs de riz, des sucres et diverses marchandises. Les autorités portuaires à savoir l’APMF, ont déjà été avisées de cet accident. Après une réparation rapide, cette embarcation a pu reprendre sa route. Elle est arrivée à Soalala le 12 octobre 2020 vers minuit. Aucune perte humaine n’a été déplorée. Toutefois, une partie des marchandises à bord a été inondée.",,
2020-10-26,2020,10,26,0,0,ANTALAHA A TOAMASINA,,MAROANTSETRA,,49.8608,-15.4163,original,,"Le 23 octobre 2020 vers 7 heures du matin, à la sortie de l’embouchure de Maroantsetra, une vedette en fibre en provenance de Maroantsetra à destination du fokontany Navana de la CR Anjahana dans le district de Maroantsetra a sombré à cause du mauvais temps.  Après avoir été avisées à temps par TPH vers 07h 15 par le PCA Tourisme Maroantsetra du naufrage de cette vedette, les équipes de la Gendarmerie Nationale et la Police Nationale se sont dépêchées pour secourir les occupants. Les douze (12) passagers et deux (02) membres d’équipage à bord ont été sauvés. D’autres embarcations ont prêté main forte lors de cette opération de sauvetage. La vedette a pu être récupérée et remorquée vers le port de Maroantsetra le jour même de l’incident. L’APMF de cette localité a pris en charge cette affaire. Les autorités locales ont procédé à la sensibilisation des usagers de la mer sur l’interdiction de naviguer en cas de mauvais temps pour éviter les éventuels accidents.",,
2020-10-27,2020,10,27,1,0,MAHANORO AU CAP SAINTE MARIE,,TAOLAGNARO,,47.021833,-25.021667,original,,"Le 23 Octobre 2020 un navire cargo NEW COURAGE a demandé une assistance médicale au CROSS réunion à cause d’un problème médical concernant 03 membres d’équipages dont le second capitaine du navire, à la position 25°01.30'S - 047°01.31'E, à environ 1,25 nautiques (2.32km) au Nord-Est de Taolagnaro. Etant donné que le navire était situé en SRR Madagascar, le CROSS a donné la coordination au JRCC Madagascar, lequel a saisi le CRCO de Fort Dauphin qui a pris en charge la gestion de cette assistance. A cet effet, le CRCO a décidé de ne pas débarquer les malades car le navire était passé par des pays fortement frappés par la maladie d’Ebola. Par contre des médecins ont été envoyés à bord de ce navire pour soigner ces patients. Pendant toute la nuit, l’état de santé de l’un d’entre eux s’est aggravé et a nécessité une évacuation sanitaire d’urgence. Un avion en provenance de Nairobi-Kenya a été prévu le récupérer mais a été annulé à cause d’indisponibilité de l’avion. L’armateur a ensuite décidé d’évacuer les patients à la Réunion, mais pendant cette navigation, l’un des patients a perdu la vie. ",,
2020-11-02,2020,11,2,0,1,CAP D'AMBRE A TOAMASINA,,ANTALAHA,,50.62392,-16.04328,original,,"Le 09 Février 2020 vers 17h, suite à une panne moteur, le boutre MS STEPHAN, en provenance d’Antalaha, est échoué au Nord-Est, à 9 nautiques (17.35 km) de VINANIVAO. En transit dans cette zone, le navire MV SERAYA, pavillon Tanzanie, MMSI : 677084800 a remorqué ce boutre jusqu’à Sainte Marie. Les quinze (15) passagers du MS STEPHAN sont désormais sains et saufs. Le 12 février 2020, ces deux (2) navires sont au mouillage au large d’Ambatoraho-Sainte Marie.",,
2020-11-17,2020,11,17,1,1,NOSY BE ET ENVIRONS,,NOSY BE,,48.281163,-13.40765,original,,"Contacté par le CROSS Réunion le 16 novembre 2020, le JRCC Madagascar a coordonné l’évacuation sanitaire d’une américaine de 50 ans, souffrant de mal de mer et d’anxiété à bord du voilier INTREPID, pavillon Etats-Unis d’Amérique et MMSI 367685220, en provenance des Seychelles et à destination du port de Richard Bay en Afrique du Sud. Le débarquement de la patiente a eu lieu au port de Nosy Be le 17 novembre 2020 vers 14H40Mn heures locales. Le voilier a mouillé devant le Centre National de Recherches Océanographiques (CNRO) le même jour vers 16H20Mn heures locales.",,
2020-12-06,2020,12,6,6,1,NOSY BE ET ENVIRONS,,NOSY BE,,48.57972,-12.56261,original,,"Parti du port de Nosy Be le 28 Mai 2020, le navire de pêche BALEINE V avec cinq (05) équipages à bord reste introuvable jusqu’à ce jour. D’habitude, ce navire effectue régulièrement trois (03) jours de pêche en haute mer au large de Nosy Mitsio et revient au port à l’issue. Vue que les huit (08) autres navires qui sont partis avec ce navire disparu à la même date sont déjà revenus au port, les familles de ces cinq membres d’équipage sont inquiètes et ont avisé les autorités locales. L’Agence Portuaire Maritime et Fluviale (APMF) a entamé les recherches.",,
2020-12-09,2020,12,9,2,1,,,MADAGASCAR,,46.204444,-28.005556,original,,"Le 06 septembre 2020 vers 18H21 heures locales, le navire pétrolier (GLP) GRA JA de pavillon Gabon, MMSI : 626088000, est entré dans la ZEE de Madagascar, dans la partie Sud des côtes malagasy, en provenance du port de Rio de Janeiro (Brésil). Le 07 septembre 2020 vers 11H50 heures locales, le navire a été en dérive avec une vitesse de 1,9 nœud, à environ 172 nautiques (319 km) au Sud d’Ambovombe, à cause d’un problème avec la pompe de circulation d’huile du moteur principal mais n’a pas demandé assistance. Le 08 septembre 2020, le CFIM a contacté l’armateur du navire via mail sur la situation du navire et l’intention de son capitaine mais n’a pas obtenu de réponse. Le 12 septembre 2020, vers une heure de matin, heures locales, il a quitté la ZEE Madagascar, avec une vitesse de 10,3 nœuds.",,
2020-12-15,2020,12,15,1,1,MAHANORO AU CAP SAINTE MARIE,,MANAKARA,,48.34839,-21.268669,original,,"Le 09 Décembre 2020 à Mananjary, la pirogue traditionnelle d’un pêcheur dénommé Jasmin a fait naufrage. Le pêcheur a été porté disparu pendant 4 jours mais a pu être secouru, à Manakara, le dimanche 13 décembre 2020.",,
2020-12-22,2020,12,22,1,1,NOSY BE ET ENVIRONS,,AMBANJA,,48.340156,-13.54688,original,,"Le 21 décembre 2020 vers 14H00 heures locales au large de Doanin’Ankifigny à Ambanja, un boutre à voile transportant une fratrie de sept (7) personnes à bord, et transportant des marchandises destinées au marché de Nosy Be comme les charbons de bois et des produits de roseau, a fait naufrage suite à un vent fort accompagné de forte pluie. L’embarcation a quitté Antetezambato (Nosy faly District Ambanja) le même jour vers 03H00 heures locales du matin avec une mer et vent calme. Vers 13H00C, à l’approche de Nosy Be, les conditions météorologiques deviennent défavorables aux petites embarcations entrainant le cassage des balanciers et le naufrage du boutre. Les habitants du village d'Ankifigny ont aperçu l’accident en mer du littoral et ont prêté mains fortes avec des pirogues et des vedettes rapides. Les sept personnes à bord sont saines et sauves si 55% des marchandises ont pu être récupérées.",,
2020-12-22,2020,12,22,1,1,,,TAOLAGNARO,,48.220974,-25.818527,original,,"Le 21 décembre 2020 vers 10H48 heures locales, MRCC Réunion a reçu, par le biais de JRCC Stavanger (Norvège), une alerte de détresse signalant un marin de 31 ans tombé du navire vraquier EGRET OASIS, battant pavillon Hong-Kong, OMI 9592006, MMSI 477224700, à la position 25°50.00'S et 048°14.00'E (124 nautiques au Sud-est de Taolagnaro, ZEE Madagascar). L’opération de recherche en mer est coordonnée par JRCC Madagascar avec le soutien de MRCC Réunion.",,
2020-12-24,2020,12,24,3,1,ANTALAHA A TOAMASINA,,TOAMASINA,,49.419225,-18.13821,original,,"Le 23 Décembre 2020 vers 17h, un cadavre a été découvert par les pêcheurs au bord de la mer à l’Est de la cité Vohitsara Toamasina. Après le constat effectué par la Police Judiciaire, la Police Scientifique et Technique, et la BMH locale, il s’agit d’un corps d’un homme de 34 ans, mort par noyade, et qui a été disparue depuis le 20 Décembre 2020.",,
2020-12-30,2020,12,30,2,1,NOSY BE ET ENVIRONS,,NOSY BE,,48.1872,-13.3748,original,,"Le 29 décembre 2020 vers 18 heures, le cadavre d’un dauphin a été trouvé sur la plage d'Ambondrona à Nosy Be par la population locale. La cause officielle de cet échouage n'est pas encore identifiée.",,
2020-12-31,2020,12,31,3,1,NOSY BE ET ENVIRONS,,ANTSOHIHY,,48.467,-13.3733,original,,"Le 25 décembre 2020, un homme de 25 ans domicilié dans le fokontany d’Anjianjia Commune Urbaine d’Antonibe, district d’Analalava avec six passagers ont été à bord d’un boutre, en transit d’Antsohihy vers Anjiajia. Au cours de ce trajet cet homme a dormi et en pleine mer, au large des côtes d’Antafiambotry, Commune Urbaine d’Antsohihy, vers 4 heures du matin, cet homme s’est jeté inconsciemment et spontanément dans la mer. D’après les six passagers avec lui y comprise son épouse, lors de cette tragédie, la cause exacte de cet incident n’a pas été déterminée. Le corps de la victime a été trouvé le samedi 26 décembre 2020 par l’APMF d’Antsohihy sur le lieu de l’accident. La Compagnie de la gendarmerie d’Antsohihy était saisie de cette affaire.",,
2021-01-06,2021,1,6,2,1,NOSY BE ET ENVIRONS,,NOSY BE,,48.47631,-12.84829,original,,"Le 31 mai 2021 à 10 heures, un boutre traditionnel en bois, motorisé, mesurant 7 mètres de long sur 3 mètres de large, a été localisé au large de Domoni, Anjouan par le détachement de la Garde Côte. Arrivés sur les lieux, les éléments de l'Unité Spécialisée de la Police Maritime (USP MAR) ont trouvé 4 personnes à bord. Emmenées au commissariat central de Mutsamudu pour enquête, les membres d’équipage du boutre, tous venant de la ville de Nosy Be, ont expliqué que, lorsqu’ils étaient partis à la pêche dans les eaux de Nosy Be, le boutre est tombé en panne moteur et a coulé ; En raison du courant fort, ils ont été entrainés jusqu’à ce lieu au large d’Anjouan après 12 jours en mer. Ils ne pouvaient appeler du secours car n’avaient aucun moyen de communication à bord. Ils sont retenus au service d'immigration de Mutsamudu pour enquête. Des informations des pêcheurs de Nosy Be ont été recueillies, selon lesquelles le boutre dénommé ""ROYAL STAR"" appartient à un habitant de Nosy Be. Des informations reçues ce 02 juin 2021 de la famille des rescapés, le navire, nouvellement construit par l’un d’eux, est dépourvu de papiers réglementaires relatifs à la navigation, sans nom ni numéro d'immatriculation et non équipé de GPS. Les pêcheurs ont quitté Nosy Be le 19 mai 2021 pour aller pêcher au large du banc de Castor, à environ 8 nautiques (15 km) à l’ouest de Nosy Mitsio, au Nord de Nosy Be.",,
2021-01-23,2021,1,23,5,1,CAP D'AMBRE A ANTALAHA,,ANTSIRANANA,,49.238388,-12.30009,original,,"A la suite de l’accident survenu le 20 janvier 2021 impliquant un véhicule 4x4 Mitsubishi sur le pont d'Anamakia Antsiranana, deux (02) personnes ont été emportées par le courant d’eau et ont disparu. Après 48h de recherche effectuée par la 2ème RFI d’Antsiranana, a bord de leur zodiac, le corps de l’un d’eux a été retrouvé dans la mer, à proximité du port de la Compagnie Salinière de Madagascar, dans la commune rurale d'Antsahampano, district d'Antsiranana-ll. ",,
2021-02-05,2021,2,5,4,1,MAHANORO AU CAP SAINTE MARIE,,TAOLAGNARO,,46.995986,-25.027264,original,,"Le 05 février 2021 vers 7H30mn heures locales, lors de la récupération d’un bout (cordon) tombé à la mer, un matelot de 34 ans, membre d’équipage du navire MPC GRACE, à quai au vieux port de Taolagnaro, s’est trouvé coincé entre 2 navires. Ces 2 navires, en provenance de Toamasina, MPC GRACE, chargé de ciments et LE SAINT chargé de sacs de riz, se sont rapprochés brusquement en raison des vagues. Le matelot a perdu la vie sur le coup, et la Gendarmerie a été saisie de l’affaire.",,
2021-02-07,2021,2,7,6,1,ANTALAHA A TOAMASINA,,SOANIERANA IVONGO,,49.584775,-16.921633,original,,"Le 07 février 2021 vers 15H sur la plage Andatsadrano à Soanierana Ivongo, un homme de 30 ans, qui s’est baigné près du bureau des Travaux Publics de Soanierana Ivongo, a été emporté par la vague et a disparu. Après de longues recherches, le corps sans vie de la victime a été retrouvé près de l’endroit où il s’est noyé le 08 février 2021 vers 06h30mn. Après le constat effectué par la Police Nationale, la Gendarmerie Nationale et le médecin local, le corps de la victime a été remis à sa famille.",,
2021-02-18,2021,2,18,3,1,BESALAMPY A MOROMBE,,MORONDAVA,,44.269168,-20.293154,original,,"Le 16 février 2021, une embarcation à moteur en bois communément appelée ‘’Tefotefo’’, avec une douzaine de passagers à bord, en provenance de Borogeny, commune rurale Mahasoarivo, district de Maintirano, a fait naufrage sur la côte de Nosikely, commune urbaine et préfecture de Morondava. Les témoins de l’accident ont affirmé qu’au départ de Borogeny le même jour, le temps paraissait beau, mais c’est à l’approche de Morondava que les vagues devenaient violentes et ont provoqué l’accident, sans compter les dizaines de tonnes de marchandises qui ont surchargées l’embarcation. Un avis de vigilance fortes houles et des vents forts a été lancé par le Service de la Météorologie dans cette zone depuis le 15 février 2021. Les passagers ont tout perdu leur marchandise et les bagages. Trois (03) d’entre eux sont mis en observation auprès du CHRR Namahora à Morondava. ",,
2021-02-28,2021,2,28,6,1,NOSY BE ET ENVIRONS,,NOSY BE,,48.235366,-13.482514,original,,"Le 26 février 2021, un plongeur, ressortissant frainçais, âgé de 52 ans, denommé ONNO Morgan, domicilié à Djamajary a été trouvé mort par noyade, dans un ilot Nosy Tanikely, Arondissement de Hell-Ville, district de Nosy Be. Avant cet incident, lors d’une sortie en mer, cette victime a été à bord d’une vedette rapide avec deux autres personnes pour faire la pêche. Après constat effectué par le médécin légiste, le défunt aurait eu une hémorragie cérébrale et qui serait à l’origine de sa mort. Le consul honoraire de France à Nosy Be et les éléménts de la Gendarmerie Nationale (Brigade de Dzamanjary) ont assisté au constat du cadavre. Le déroulement de cet accident n’est pas encore déterminé, mais l'enquête était déjà ouverte. Il est à souligner que de sa belle biodiversité marine, cet ilot a un statut d’Aire Protégée Marine et Côtière qui attire les touristes.",,
2021-03-23,2021,3,23,1,1,ANTALAHA A TOAMASINA,,TOAMASINA,,49.428528,-18.159593,original,,"Le 17 Mars 2021, le navire caboteur AURETIA, pavillon Malagasy, en partance d’Antalaha, est arrivé au port de Toamasina la nuit du 20 Mars 2021, avec le cadavre d’un jeune homme de 23 ans. Ce dernier a perdu sa vie à bord de ce navire durant leur trajet en haute mer à cause d’un problème d’estomac. Néanmoins, à leur arrivée au port, tous les passagers à bord dudit navire ont dû passer un test de Covid-19.",,
2021-04-05,2021,4,5,0,1,CAP D'AMBRE A ANTALAHA,,SAMBAVA,,50.181132,-14.270993,original,,"Le 02 mai 2021 dans l’après-midi, alors qu’il nageait dans la mer avec ses camarades, un jeune de 14 ans a disparu, emporté par une forte houle. Le 03 mai 2021 vers 8h, le corps sans vie a été retrouvé par les pêcheurs, à environ 200m de la rive, dans le fokontany d‘Ampahanisahana, commune d’Ampandrozonana, Sambava.",,
2021-04-20,2021,4,20,1,1,ANTALAHA A TOAMASINA,,MAROANTSETRA,,49.731644,-15.446104,original,,"Le 18 avril 2021 vers 18h, le navire LCT BARGE EXPRESS, MMSI 647521310, battant pavillon malagasy, en effectuant le ravitaillement en carburant au dépôt de la SOLIMA Andranonagozy, fokontany Ambatomasina dans la Commune Urbaine de Maroantsetra, s’est incliné en raison du mauvais temps et s’est échoué sur la plage. En partance de Toamasina pour approvisionner une partie de la région Est en carburant, il était arrivé à Maroantsetra le 16 avril 2021. Ce navire, appartenant à la société COLAS, affrété par la Société Logistique Pétrolière, a transporté 15 conteneurs de carburant, avec 13 passagers à son bord. Aucune perte en vie humaine n’est à déplorer. Le 21 avril 2021 vers 22H30C, le navire est déséchoué. Le 22 avril 2021 vers 12H15C, BARGE EXPRESS a effectué les opérations de déchargement de carburants dans le dépôt à Maroantsetra. Il devra rallier le port d’Antalaha le 23 avril 2021 vers midi pour des activités de ravitaillement en carburant dans le Nord-Est de Madagascar.",,
2021-04-20,2021,4,20,1,1,BESALAMPY A MOROMBE,,MAINTIRANO,,43.93875,-17.503195,original,,"Le 19 avril 2021 vers 15h, un boutre dénommé NANY, en partance de Maintirano tôt dans la matinée pour rallier Besalampy, a fait naufrage à l’entrée de l’embouchure de Tambohorano. En raison de la puissance des vagues, causées par des vents violents, ce boutre avec une trentaine de passagers à bord, s’est brisé. La mer déchainée a emporté tous les passagers. L’un d’eux a pu rejoindre la rive pour alerter la brigade de la gendarmerie locale. Des vedettes rapides ont été déployées pour récupérer les survivants et effectuer des recherches, qui ont dû être interrompues à la nuit tombante. Après la reprise des recherches le lendemain, 18 personnes parmi les passagers ont pu être sauvées. Au total, dix (10) personnes sont mortes noyées durant le naufrage. L’équipage du boutre n’a pas reçu l’aval de l’APMF pour naviguer, compte tenu des conditions météorologiques très dégradées, et les marchandises qu’il transportait sont suspectées d’être en surcharge. Le 21 avril 2021 dans la soirée, un (01) autre corps sans vie a été retrouvé. ",,
2021-04-23,2021,4,23,4,1,CAP D'AMBRE A BESALAMPY,,ANALALAVA,,47.704721,-14.446166,original,,"Le dimanche 18 avril 2021, alors que les pêcheurs revenaient d’Andrivabe Nosy lava, dans le canal de Mozambique, des vents violents (varatraza) entrainant de fortes vagues ont soudainement frappé plus d’une dizaine de bateaux. Ils n’ont pas alors pu arriver à destination, car certains ont été emportés au nord de Nosy lava, d’autres ont fait naufrage sur Nosy Saba ou Morintsa, Ankatakatabe, Ambalahonko, et d’autres ont dû jeter l’ancre au milieu de la mer en attendant que le vent se calme. Des vedettes rapides ont été déployées pour rechercher les naufragés. Deux personnes sont portées disparues et encore recherchées. Ce sont des étudiants de 15 et 18 ans qui pratiquent la pêche en dehors des périodes scolaires. D’après les informations reçues, ces pêcheurs n’ont pas été avisés du mauvais temps avant leur départ. En plus, ils ne disposent pas d'équipements de navigation tels que des gilets de sauvetage, alors que le varatraza frappe du moins jusqu’au mois de septembre. Le 27 avril 2021, des informations reçues du maire d’Analalava, à la suite des recherches effectuées par les autorités, les deux étudiants portés disparus ont été retrouvés sains et saufs à Ambarimpotaka. Ils ont été ramenés à Nosy Lava.",,
2021-04-27,2021,4,27,1,1,ANTALAHA A TOAMASINA,,TOAMASINA,,49.412339,-18.131119,original,,"Le 26 avril 2021 vers 12H30, alors qu’il était au mouillage au large, au nord du port de Toamasina, le navire cargo HASSINA, pavillon Malagasy (ex-Kiribati), MMSI 529813000, s’est échoué sur la plage près du rivage du Lycée Rabemananjara. Après la rupture de la chaine de l’ancre, les personnes à bord du navire ont essayé de le manœuvrer, vu sa proximité de la plage, quand la forte houle s’est abattue brusquement et a entrainé l’échouement. Ce navire transporte généralement des marchandises de Toamasina vers Antsiranana depuis 2017. Depuis le 29 décembre 2019, il est au port de Toamasina. Puis il a été mis en rade à cause de la pandémie et l’inexistence de marchandises. Le 27 et le 28 avril 2021 à midi durant la marée haute, les opérations de déséchouage initiées par l’armateur, l’APMF et la SPAT à l’aide du remorqueur NOE, n’ont pas abouti. Le 29 avril 2021, aucune action n’a été effectuée, mais les autorités portuaires concernées se sont réunies pour une éventuelle remise à flot du navire. Le 01er juin 2021, Adonis SA avec l'armateur et sous la houlette de l'OLEP a réussi le pompage des fuels après trois (03) jours d'effort. ",,
2021-05-06,2021,5,6,3,0,MOROMBE AU CAP SAINTE MARIE,,TOLIARA,,43.718898,-23.557462,original,,"Le 05 juin 2021 vers 06 h du matin, une pirogue à balancier motorisée a quitté Soalara Sud pour rejoindre Toliara. Quelques minutes après avoir quitté les lieux, en raison du mauvais temps, la pirogue motorisée 8 m x 0 70 m), avec 37 personnes à bord, a chaviré à deux km du lieu de départ dû à la surcharge et aux fortes houles. En conséquence, 03 corps sans vie ont été retrouvés, 06 sont portés disparus et 31 personnes ont été hospitalisées En attendant que leurs familles se manifestent, les corps ont été emmenés au Bureau de la Commune Rurale de Soalara Sud, un village de pêcheurs de la côte ouest de Madagascar, situé à environ 15 nautiques 28 km) au Sud de Toliara.",,
2021-05-06,2021,5,6,3,0,CAP D'AMBRE A BESALAMPY,,MAHAJANGA,,46.303849,-15.73045,original,,"Le 05 Juin 2021, le MRCC a reçu une information émanant de l’Ambassade des Comores à Mahajanga, concernant la situation en détresse de SAFARI NDJEMA, caboteur international, pavillon Comores, au large du port de Mahajanga. Le navire est en provenance de Moroni et à destination d’Anjouan, Comores., le navire est arrivé et au mouillage au large à environ 100 mètres du port de Mahajanga le 31 Mai 2021 vers 07H15Mn heures locales. En cours de protocole de restriction sanitaire, avec deux (02) équipages positifs aux Covid-19 parmi les vingt-deux (22) testés, de l’eau a commencé à entrer dans le navire. Il y a eu une avarie électrique totale à bord.",,
2021-05-14,2021,5,14,4,0,,,MADAGASCAR,,,,original,,"Le 09 mai 2021 vers 18H26 heures universelles, le navire de pêche japonais WAKASHIO MARU N°68, MMSI: 431602342 et indicatif d’appel: JNHP, a été identifié la dernière fois sur la plateforme AIS ExactearthShipview en situation de dérive avec une vitesse de 1,5 nœud. Il était alors localisé à environ 274 nautiques (507 km) au Nord-ouest de l’île aux Cochons dans les archipels de Crozet (TAAF), à environ 990 nautiques (1833km) au Sud de Madagascar. Il a embarqué à son bord 25 membres d’équipage. Selon son consignataire, le 11 mai 2021 vers 03H17 heures universelles, le navire a été détecté à la position 41°46.69'S et 048°11.55'E, à environ 311 nautiques (576km) au Nord-ouest de l’île aux Cochons, dans la zone SRR française aux TAAF. Le 11 mai 2021 vers 23H45mn heures universelles, le navire de pêche japonais WAKASHIO MARU N°58 est dérouté vers la zone pour rechercher le navire et déterminer sa position exacte. Le 12 mai 2021 vers 07H05 heures universelles, le MRCC Cape Town en Afrique du Sud a reçu alerte de détresse via mail de la part du consignataire du navire de pêche. La communication (radio, AIS) étant coupée depuis et la position du navire est devenue indéterminée. Les opérations SAR sont coordonnées par MRCC La Réunion. Le 14 mai 2021 vers 10H57mn heures universelles, WAKASHIO MARU N°58 est localisé à environ 384 nautiques (711 km) au Nord-ouest de l’île aux Cochons en transit avec une vitesse de 9,6 Nœuds. La situation météorologique sur zone est composée par un vent d’Ouest de 32 nœuds et une vague de 6,4m. ",,
2021-05-25,2021,5,25,1,0,CAP D'AMBRE A ANTALAHA,,VOHEMAR,,50.007716,-13.353482,original,,"Le 21 mai 2021 vers 06H45Mn heures locales, en provenance de Toamasina, le navire cargo RONALDO II a chaviré à l’arrivée au quai du port de Vohémar. Il transportait à son bord 14 personnes y compris les membres de l'équipage et 2.800 tonnes de sacs de ciment. Selon les renseignements recueillis, ce navire a rencontré des problèmes entre Masoala et Sambava, notamment au large du cap Masoala à cause du mauvais temps (vent fort et des vagues plus des 3,5m) qui favorisait l'entrée de l'eau à l'intérieur du navire. Une partie des ciments transportés a été avariée par l'eau. Le navire est toutefois arrivé au port de Vohémar où les autorités locales ont prêté mains fortes pour faire sortir les eaux du navire. Le 24 mai 2021 vers la fin de l'après-midi, presque 1000 tonnes de ciment ont  pu être débarquées.",,
2021-06-03,2021,6,3,3,0,CAP D'AMBRE A ANTALAHA,,SAMBAVA,,50.161274,-14.25767,original,,"Le 04 Mars 2021 vers 11h, un jeune homme de 17 ans a été emporté par la mer à la plage d’Antsaborara Sambava. Depuis ce jour, les autorités locales ont activé la recherche de ce jeune homme et il n’a pas encore été retrouvé.",,
2021-06-04,2021,6,4,4,0,,,SEYCHELLES,,55.470738,-4.673427,original,,"Dans la semaine du 29 mars 2021 un marin malagasy membre de l’équipage du navire F/V BELLE ISLE, thonier de la Sapmer, pavillon français avec MMSI 645374000 a perdu la vie après son évacuation à l'hôpital de Mahé aux Seychelles. Un autre marin de nationalité indonésienne a également été victime de cette pandémie et a succombé au même endroit. Les 33 membres d’équipage restants ont été tous testés positifs au covid. A cet effet, ils ont effectué leur confinement à bord, sous la surveillance des médecins traitants. Il est à souligner que par rapport aux mesures sanitaires à suivre, les membres de l’équipage ont rencontré de problème sur l’effectivité de la distanciation sociale, majoritairement, source de la contamination. Ils ont réclamé la jouissance des vaccins.",,
2021-06-04,2021,6,4,4,0,CAP D'AMBRE A MAHANORO,,BRICKAVILLE,,49.111397,-18.9537,original,,"Dans l’après-midi du 05 avril 2021, cinq jeunes vacanciers, originaires d'Ivato Antananarivo se sont noyés suite à leur baignade dans la mer d'Ambila Lemaitso, CR Andovorano et district de Brickaville. En effet, ils ont essayé de rejoindre le bord mais en vain. Une seule personne est rescapée et trois (03) corps dont 2 jeunes filles, âgées de 16 et 17 ans et un homme de 20 ans ont déjà été récupérés. Le corps sans vie de l’homme âgé de 25 ans, n'a pas été trouvé que dans la matinée du 07 avril 2021. Ces corps ont été transportés par voie fluviale pour rejoindre le village de Manambato où leur famille est installée, après la formalité effectuée par le médecin légiste.",,
2021-06-15,2021,6,15,1,0,ANTALAHA A TOAMASINA,,SOANIERANA IVONGO,,49.566,-16.9873,original,,"Dans la matinée du 14 juin 2021, deux pêcheurs sont partis à bord d’une même pirogue pêcher au large d’Andavaniobe, CU et district de Soanierana Ivongo, Région Analanjirofo. Quelques heures après, l’un d’eux a avisé les autorités dans le Fokontany d’Andavaniobe, de la disparition de son binôme après le chavirement de leur embarcation. Le lieu de l’incident est localisé au large d’Andavaniobe, à environ 07 km, à l’entrée de Soanierana Ivongo. Jusqu’à ce jour, le porté disparu demeure introuvable, mais les recherches se poursuivent.",,
2021-06-24,2021,6,24,3,0,,,MAYOTTE,,44.7,-13.8333333,original,,"Le navire marchand « ILES DES COMORES II » a quitté Mahajanga le 19 juin 2021 à 10 h 30 du matin, à destination d’Anjouan aux Comores le 21 juin 2021, avec 17 membres d’équipage, tous de nationalité comorienne, et transportait à son bord des planches et diverses marchandises. Ce navire, enregistré au port de Mutsamudu sous N°1600019 a été signalé par le CRFIM, comme non arrivé à son port de destination. A la suite de cette alerte, le navire a été retrouvé par MRCC Réunion, tombé en panne moteur, à la position 13 50’19’'S 044 42 25 ' à 57 nm de l’île de MAYOTTE. Un navire à proximité, le BW RYE, lui a fourni du carburant mais le moteur n'a pas pu redémarrer. En raison de la forte houle, le remorquage par le BW RYE n’était pas possible, et ce dernier devait repartir pour rejoindre sa destination initiale, en attendant un autre navire dépêché de Mutsamudu pour le remorquage.",,
2021-07-04,2021,7,4,6,0,ANTALAHA A TOAMASINA,,TOAMASINA,,49.407696,-18.121759,original,,"Le 03 avril 2021 vers 06 H 30 C, après un appel téléphonique émanant d’une certaine personne, rapportant la présence d’un cadavre sur la plage, près du lycée Jacques Rabemanajara, les éléments de la Police nationale se sont dépêchés sur les lieux pour constat. Ils ont trouvé un corps sans vie d’un homme d’une cinquantaine d’âge. Après le rapport du médecin chargé de l’autopsie, ce n’est pas un mort par noyade, car on n’a trouvé aucune trace d’eau dans ses poumons. La cause exacte du décès n’est pas encore identifiée, l’enquête a été ouverte par la Police Nationale.",,
2021-07-14,2021,7,14,2,0,,,MAHAJANGA,,44.41666667,-14.90166667,original,,"Le
13 juillet 2021 dans l’après midi, vers 1500 heure s
sur le plate forme d’échange et de partage d’informations
maritime IORIS, le Centre Régional de Coordination des
Opérations en Mer ( Seychelles a transmis des
informations concernant le navire M/V SAMBIRANO
pavillon Malagasy selon lesquelles c elui ci aurait signalé
un message de détresse « MAYDAY RELAY » Il a quitté
le port de Moroni, Comores, le 8 juillet 2021 vers 4 h 45
UTC avec 11 membres d'équipage. Le 15 juillet 2021, à 21H08C une équipe mixte composée par deux (02) policiers, (02) éléments de la Gendarmerie et un(01) médecin à bord de la vedette GAELLE, avec  1000 litres de carburant, a appareillé de Mahajanga pour aller à l’encontre du navire  MV SAMBIRANO , en suivant les informations relatives à la dérive calculée par le CROSS La Réunion concernant la position estimative dudit navire. Le 16 juillet 2021, vers 5 heures du matin, une position estimative a été transmise par CROSS RU,  entre le Cap Tanjo, au Sud-Ouest de Mahajanga et le Nosy Makamby, où se trouverait ledit navire.  Entre le 14 juillet et le 16  juillet 2021, le MV SAMBIRANO a reçu au total 2000 litres de gasoil dont 600 litres donnés par le navires BW BRUSSELS, 400 litres fournis par le pétrolier MV FLEVES et 1000 litres livrés par l’équipe à bord de la vedette GAELLE , en partance de Mahajanga. Depuis ce jour, vers 13 heures, le navire MV ALFIOS qui se trouvait à proximité, remplissait le rôle d’intermédiaire, en termes de communication, entre MRCC Madagascar et  le commandant du navire MV SAMBRANO.Le navire MV SAMBIRANO se trouvait au mouillage à la position 14°54.60'S - 044°25.90'E, au Nord- Ouest de Mahajanga et le 16 juillet 2021, vers 09H26, le ravitaillement en carburants par la vedette GAELLE, au profit de MV SAMBIRANO,  a été effectué. Le MV SAMBIRANO a ensuite quitté la zone pour rejoindre Mahajanga le 16 juillet 2021 vers 20H30C.",,
2021-07-19,2021,7,19,0,0,MOROMBE AU CAP SAINTE MARIE,,TOLIARA,,43.673008,-23.37055,original,,"Le 12 juillet 2021, le corps sans vie d’un homme, âgé de 40 ans, domicilié à Ankiebe Bas Toliara a été découvert au bord de la mer à l’Est du port de Toliara. Ce corps nu a été emporté par les vagues et a été allongé en position de cubitus ventral, deux bras légèrement fléchi au-dessus du thorax. D’après le constat effectué par le médecin légiste, aucune trace de lésion n’a été constatée. L’examen du corps n’a pas relevé la cause du décès. Les membres de sa famille n’ont pas voulu procéder à l’autopsie. Le corps a déjà été remis à sa famille. Par ailleurs, le Service Régional de la Police Judiciaire a saisi cette affaire.",,
2021-07-27,2021,7,27,1,0,NOSY BE ET ENVIRONS,,AMBANJA,,48.35192,-13.534433,original,,"Le 17 juillet 2021 vers 09h, au port d’Ankify, un camion chargé de sable est tombé à la mer lors de son embarquement à bord du bac dénommé L’ECLAIR, qui relie Ankify à Nosy Be. Après défaillance du frein arrière du camion, les cordes qui l’ont rattachées au bac se sont cassées, causant ainsi cet accident. Toutefois aucune perte en vie humaine n’est à déplorer.",,
2021-07-27,2021,7,27,1,0,MAHANORO AU CAP SAINTE MARIE,,TAOLAGNARO,,46.991177,-25.017182,original,,"Le 27 juillet 2021 en début d’après-midi, un cadavre a été découvert sur la plage de Blue Moon, Fokontany Amparihy, dans la CU Taolagnaro. Il s’agit d’un corps d’une femme de 27 ans déclarée disparue depuis le 24 juillet 2021, totalement abimé par le sable et les vagues. Les autorités locales (Police Nationale, Gendarmerie Nationale, BMH, Mairie de Taolagnaro, etc.) étaient présents sur les lieux pour récupérer la victime du sable. Durant l’investigation, sa famille affirme qu’elle a quittée son domicile le 18 juillet 2021 à partir de 17h sans aviser personne et est restée injoignable depuis, et c’est quelques jours après la déclaration de disparition a été faite auprès des autorités locales. Mais après avoir réquisitionné ses appels téléphoniques que la Brigade de la Gendarmerie Nationale de Taolagnaro puisse interpeller son compagnon. Néanmoins, cet acte pourrait être commis par son époux pour raison de jalousie. Cette affaire a été déferrée au parquet le 02 Août 2021, avec les présumés auteurs suscités.",,
2021-08-01,2021,8,1,6,0,CAP D'AMBRE A BESALAMPY,,MAHAJANGA,,46.35754,-15.753018,original,,"Dans la soirée du 08 janvier 2021, dans la partie du village touristique à Mahajanga lors d’une opération de sauvetage, un membre d’équipage d’une vedette est mort noyé. Ayant été alerté de la panne d’une autre vedette au large, ils sont venus au secours lorsque la victime s’est jetée à la mer pour secourir.",,
2021-08-14,2021,8,14,5,0,CAP D'AMBRE A BESALAMPY,,MAHAJANGA,,46.45301,-15.542773,original,,13 Août 2021 *Noyade à Antsanitia,,
2021-08-17,2021,8,17,1,0,CAP D'AMBRE A BESALAMPY,,MAHAJANGA,,46.319934,-15.716214,original, ,15 Août 2021 *Noayade à Maroala,,
2021-08-22,2021,8,22,6,0,NOSY BE ET ENVIRONS,,NOSY BE,,48.270073,-13.323155,original,,17 Août 2021 *Collision entre *boutre MARIA-2 et *Catamaran DIVING CATTITUDE,,
2021-08-30,2021,8,30,0,0,ANTALAHA A TOAMASINA,,Soanierana Ivongo,,49.590597,-16.913812,original,,29 Août 2021 *Echouement navire MS MANUELLA,,
2021-09-03,2021,9,3,4,0,CAP D'AMBRE A BESALAMPY,,SOALALA,,45.317202,-16.103145,original,,"Le vendredi 05 mars 2021 dans l’après-midi, une vedette de pêcheurs, avec 8 personnes à bord, a fait naufrage à environ 2 kilomètres au large des côtes de Soalala dans la région Boeny. Malgré le mauvais temps, les pêcheurs sont quand même sortis en mer. Leur bateau a été malmené par les violentes vagues. Certains occupants du bateau ont réussi à rejoindre la rive du fokontany de Baly, CR et District de Soalala car ils se sont agrippés au congélateur du bateau. Mais malheureusement deux d’entre eux, trop fatigués, n'ont pas survécu. Les corps des victimes ont déjà été retrouvés au bord de la mer au nord de Maroalika le jour même vers 18Heures et l’autre le 08 mars 2021 vers 04Heures.",,
2021-09-05,2021,9,5,6,0,CAP D'AMBRE A BESALAMPY,,SOALALA,,45.328388,-16.098865,original,,04 Septembre 2021*Naufrage du boutre TANTERAKA,,
2021-09-14,2021,9,14,1,0,MAHANORO AU CAP SAINTE MARIE,,TAOLAGNARO,,47.019736,-25.141988,original, ,01er Septembre 2021*Demande assistance médicale*navire LNG SOKOTO,,
2021-09-16,2021,9,16,3,0,CAP D'AMBRE A BESALAMPY,,NOSY MAKAMBY,,45.940822,-15.768447,original,,15 Septembre 2021*Naufrage navire MAMILAZA,,
2021-09-17,2021,9,17,4,0,CAP D'AMBRE A BESALAMPY,,Ile Glorieuse,,47.805135,-12.158382,original,,20 Août 2021*Disparition embarcation*ZANAKA MEVARANO,,
2021-09-20,2021,9,20,0,0,CAP D'AMBRE A BESALAMPY,,NOSY BE,,46.870771,-13.054604,original,,16 Septembre 2021*Panne technique de BOUROIKOU,,
2021-09-24,2021,9,24,4,0,BESALAMPY A MOROMBE,,BEMOKOTRA,,44.157123,-17.092196,original,,22 Septembre 2021*Echouement du boutre JERIMIRA,,
2021-09-26,2021,9,26,6,0,MAHANORO AU CAP SAINTE MARIE,,MANANJARY,,48.382618,-21.156153,original,,19 Septembre 2021*Echouement navire DAVINAH,,
2021-09-28,2021,9,28,1,0,CAP D'AMBRE A BESALAMPY,,MAHAJANGA,,46.312004,-15.699154,original,,26 Septembre 2021*Naufrage d'un Jet Ski,,
2021-10-03,2021,10,3,6,0,CAP D'AMBRE A BESALAMPY,,MAHAJANGA,,46.356949,-15.752311,original,,"Le dimanche 07 mars 2021 dans l’après-midi au Village Touristique à Mahajanga, un garçon de 12 ans s’est noyé. Le corps sans vie du garçon a été retrouvé quelques heures après sa disparition. Il est emmené à la morgue de l’hôpital d’Androva, car aucun membre de sa famille ne s’était présenté. ",,
2021-10-05,2021,10,5,1,0,CAP D'AMBRE A BESALAMPY,,ANALALAVA,,47.617002,-15.436772,original,,"Le 07 mai 2021, un chaland baptisé SALAGNA avec deux (02) membres de l'équipage, transportant 18 passagers et 6 paniers de poissons séchés à bord, a quitté Andamoty, CR Mahadrodroka à destination de Betsimipoaka CR Marovantaza dans le district d'Analalava. Le même jour vers 23 h, à Betsimipoaka au cours de la manœuvre à quai, l’embarcation a chaviré en raison de la forte houle et de la surcharge du navire. A cet effet, cinq (05) personnes sont tombées à l’eau dont l’une d’entre elles est retrouvée inanimée le jour de l’accident. Parmi les disparus figurent un bébé de neuf mois. Deux corps de femmes ont été trouvés le 10 mai 2021. ",,
2021-10-08,2021,10,8,4,0,BESALAMPY A MOROMBE,,BESALAMPY,,44.415904,-16.680105,original,,05 Octobre 2021*Naufrage du boutre FANANARADY,,
2021-10-12,2021,10,12,1,0,ANTALAHA A TOAMASINA,,MANANARA AVARATRA,,49.751348,-16.158587,original,,10 Octobre 2021*Naufrage d'une pirogue,,
2021-10-13,2021,10,13,2,0,ANTALAHA A TOAMASINA,,TOAMASINA,,49.412724,-18.131573,original,,09 Octobre 2021*Noyade mortel d'un pêcheur,,
2021-10-14,2021,10,14,3,0,MOROMBE AU CAP SAINTE MARIE,,AMPANIHY,,44.276007,-25.191062,original,,09 Octobre 2021*Naufrage d'une vedette,,
2021-10-20,2021,10,20,2,0,CAP D'AMBRE A BESALAMPY,,MAHAJANGA,,46.281042,-15.75281,original,,16 Octobre 2021*Naufrage d'une pirogue,,
2021-10-24,2021,10,24,6,0,MAHANORO AU CAP SAINTE MARIE,,NOSY VARIKA,,48.529795,-20.582528,original,,20 Octobre 2021*Collision des embarcations Trans POSÉIDON et Trans JOKER 3,,
2021-10-27,2021,10,27,2,0,,,TOLIARA,,41.03991,-22.654826,original,,25 Octobre 2021*Demande EVASAN CLIPPERTON,,
2021-11-02,2021,11,2,1,1,NOSY BE ET ENVIRONS,,NOSY BE,,47.804368,-13.546288,original,,1er Novembre 2021*Naufrage d'une embarcation en bois,,
2021-11-02,2021,11,2,1,1,NOSY BE ET ENVIRONS,,NOSY BE,,47.692778,-12.682222,original,,1er Novembre 2021*Une nappe de pollution marine,,
2021-11-02,2021,11,2,1,1,ANTALAHA A TOAMASINA,,SOANIERANA-IVONGO,,49.587855,-16.91525,original,,30 Octobre 2021*Echouage du navire,,
2021-11-03,2021,11,3,2,1,CAP D'AMBRE A BESALAMPY,,MAHAJANGA,,46.307713,-15.725428,original,,03 Novembre 2021*Accident de soudure à bord de VILLE DE FOMBONI,,
2021-11-07,2021,11,7,6,1,CAP D'AMBRE A BESALAMPY,,MAHAJANGA,,45.953015,-15.723273,original,,05 Novembre 2021*Panne technique d'une vedette,,
2021-11-10,2021,11,10,2,1,BESALAMPY A MOROMBE,,MAINTIRANO,,43.061825,-17.497003,original,,07 Novembre 2021*POLMAR detectée par le « RADARSAT-2 - SCWA»,,
2021-11-18,2021,11,18,3,1,CAP D'AMBRE A BESALAMPY,,MAHAJANGA,,46.291493,-15.782233,original,,18 Novembre 2021*Naufrage d'une pirogue TIALONGO,,
2021-11-29,2021,11,29,0,1,ANTALAHA A TOAMASINA,,FENERIVE ATSINANANA,,49.415345,-17.38063,original,,24 Novembre 2021*Noyade de deux collégiens,,
2021-12-05,2021,12,5,6,1,CAP D'AMBRE A BESALAMPY,,MAHAJANGA,,46.318354,-15.68541,original,,"Le 08 mai 2021 vers 06 heures du matin, les éléments du Service Régional de la Police Judiciaire ont découvert un corps sans vie, dépourvu de vêtements, allongé sur la plage au bord de la mer du village touristique, Fokontany Mahavoky Sud, CU de Mahajanga. Le médecin légiste du BMH de cette localité a procédé au constat. Il s'agit d'un homme âgé aux environs de 50 ans et la cause de la mort de la victime n'est pas encore déterminée. Aucun membre de sa famille ne s'est présenté auprès de l'autorité. A cet effet, son identité est également inconnue. Le corps a été enterré le 11 mai 2021 par les responsables du BMH.",,
2021-12-07,2021,12,7,1,1,CAP D'AMBRE A BESALAMPY,,MAHAJANGA,,46.315738,-15.725848,original,,07 Décembre 2021*Incendie à bord de ARIANE EXPRESS,,
2021-12-20,2021,12,20,0,1,ANTALAHA A TOAMASINA,,SOANIOERANA IVONGO,,49.729276,-16.869622,original,,20 décembre 2021*Naufrage de MS FRANCIA III,,
2021-12-20,2021,12,20,0,1,ANTALAHA A TOAMASINA,,FENOARIVO ATSINANANA,,49.472082,-17.521597,original,,20 décembre 2021*Crash de l'hélicoptère OSCAR OSCAR,,
2021-12-27,2021,12,27,0,1,,,MORONDAVA,,42.489722,-20.251389,original,,25 Décembre 2021*Présence POLMAR,,
2021-12-27,2021,12,27,0,1,,,BELO SUR MER,,43.990501,20.750735,original,,24 Décembre 2021*Naufrage de boutre VOLILISOA,,
2022-01-04,2022,1,4,1,1,ANTALAHA A TOAMASINA,,,Vinanivao,50.26725,-15.878718,original,ACC_NAUFRAGE,Le 1er avril 2022 après avoir été avisée par le chef secteur de Namatoana fokontany Fampotabe et Commune Rurale de Vinanivao sur l’existence d’un accident de navigation d’un navire dans sa circonscription administrative la Brigade de la Gendarmerie d'Ampanavoana s’est dépêchée sur place. L’équipe de la Gendarmerie a constaté que c’était le navire de cabotage en bois M.S SOLAYAH II immatriculé SM 20.026 avec cinq membres d’équipage à bord qui s’est échoué au large à 50 mètres environ du port naturel du village. Les membres de l’équipage sont sains et saufs. Toutefois les dégâts matériels étaient assez lourds. A l’issue d’une enquête sommaire le commandant de bord dudit navire a avoué que l'accident est survenu le 1er avril 2022 vers 10 heures 30 minutes suite à une violation des consignes lancés par des responsables portuaires et maritimes sur la présence d'un mauvais temps en mer.,,
2022-01-19,2022,1,19,2,1,ANTALAHA A TOAMASINA,ATSINANANA,TOAMASINA,Anjoma,49.39509,-18.18028,original,ACCIDENT_CADAVRE,Le 15 Janvier 2022 le cadavre d’un homme d’environ 40 ans a été découvert sur la plage du Fokontany Analakininina Commune Anjoma District de Toamasina. ,,
2022-01-25,2022,1,25,1,1,,,,COMORES,44.340745,-12.187962,original,ACCIDENT_ECHOUAGE,Le 24 janvier 2022 vers 16 h le navire SOAMIAFARA battant pavillon malagasy se trouvant à Anjouan Comores depuis plus de 8 mois pour un problème de moteur s’est échoué et a coulé sur la côte de Baudrani en raison du mauvais temps. Il avait à son bord (13) treize membres d’équipage de nationalité malagasy et transportait des tonnes de ciments en provenance de Dar es Salam Tanzanie. Le navire se trouve toujours sous la mer avec sa cargaison le commandant a été repêché et ramené à l’hôpital. Les autorités comoriennes ont ouvert une enquête et le CFIM est toujours en contact avec l’OLI des Comores du CRFIM pour s’enquérir de la suite  de l’affaire.,,
2022-01-25,2022,1,25,1,1,ANTALAHA A TOAMASINA,ATSINANANA,TOAMASINA,Toamasina,49.410375,-18.126982,original,ACCIDENT_DISPARITION,Suite au passage du mauvais temps dans la partie Est de Madagascar deux petites embarcations de pêcheurs membres de l’association de pêcheurs dénommée F3MA ont disparu. L’une des embarcations a été retrouvée cassée devant l’hôtel Marina Beach Fokontany Salazamay CU Toamasina I tandis que l’autre n’est pas encore retrouvée. Les pêcheurs demeurent encore introuvables jusqu’à ce jour.,,
2022-01-26,2022,1,26,2,1,ANTALAHA A TOAMASINA,ANALANJIROFO,Fenoarivo Atsinanana,Fenoarivo atsinanana,49.4329,-17.3899,original,SAR,Dans l'après-midi du 26 janvier 2022 16 pêcheurs partis en mer pour pêcher à bord de 5 pirogues traditionnels ont rencontré des difficultés au large de Rantalova district de Fenoarivo Atsinanana. Ils n’ont pas pu lutter longtemps contre les vagues. Les autorités locales ont déployé huit embarcations pour les sauver. Grace à cette intervention les victimes ont été retrouvées saines et sauves et ramenées à terre avec leurs embarcations respectives.,,
2022-01-27,2022,1,27,3,1,CAP D'AMBRE A BESALAMPY,BOENY,Mahajanga,Mariarano,46.794,-15.296,original,ACCIDENT_DERIVE,Le 24 janvier 2022 deux ressortissants comoriens à bord d’une vedette sans moteur ont été retrouvés au bord de la mer d’Antsanikira CR Mariarano district de Mahajanga II. D’après les autorités locales le Consul de Comores à Mahajanga a fait le nécessaire pour éclairer cette affaire car ces Comoriens étaient arrivés à Madagascar sans papier. Ces derniers ont expliqué qu’ils ont quitté leur pays Djoiezi Moheli Comores le 15 janvier 2022 et emportés jusqu’à Antsanikira CR Marerano district Mahajanga en raison du mauvais temps aux Comores. C’est la raison pour laquelle ils n’ont pas de pièces d’identité Le 26 janvier 2022 à 12h 30mn leur vedette a été remorquée jusqu’à Mahajanga ils sont sains et saufs. Le même jour ils ont fait l’objet d’enquête auprès de la direction régionale de la sécurité publique de Boeny. ,,
2022-02-07,2022,2,7,0,1,CAP D'AMBRE A BESALAMPY,SOFIA,,7 à bord,47.73799,-14.621826,original,ACC_NAUFRAGE,Le 02 juillet 2022 vers 5h du matin un boutre d’une longueur de 7m non baptisé ou sans nom transportant des sept (07) poteaux en beton de la JIRAMA venant d'Antsohihy a coulé à Ankazomiondriky fokontany d’Ampasikely Avaradrano Commune Urbaine d’Analalava. L’armateur une femme de 24 ans le capitaine un homme de 48 ans et  le proprietaire âgé de 22 ans  ont été à bord de ce boutre. Les deux premiers ont pu s'en sortir en s'agrippant sur une planche et ont été secourus par un certain Todisoa à bord de sa pirogue tandis que le proprietaire  reste encore introuvable. D’après le capitaine ce boutre a quitté Antsohihy le 1er juillet 2022 vers  18 h mais  à leur arrivée à l’endroit de l’accident ils ont été obligé de s’arreter à cause du vent fort et leur vedette a chaviré car les cordes tenant les poteaux ont lâché. Les éléménts de la Gendarmerie et la Police Nationale y ont été présents sous l’égide de l’adjoint du chef district pour constat. Les autorités locales continuent les recherches.,,
2022-02-10,2022,2,10,3,1,BESALAMPY A MOROMBE,,,Morondava centre,44.264175,-20.302701,original,ACC_NOYADE,Le 02 octobre 2022 vers 11h30 dans le fokontany Morondava centre Commune Urbaine de Morondava un jeune homme de 27 ans originaire d’Antananarivo employé d’une entreprise chargée de construire un pont à Betela Morondava a trouvé la mort au cours d’un accident de baignade. Deux policiers issus du Commissariat Central et deux gendarmes de cette localité se sont dépêchés sur les lieux. Après l’intervention des plongeurs le corps sans vie de la victime a été retrouvé vers 15h15 dans cet endroit et a été récupéré par le personnel du BMH. ,,
2022-02-11,2022,2,11,4,1,CAP D'AMBRE A ANTALAHA,,,,50.005313,-13.353273,original,ACC_NOYADE,Le 02 novembre 2022 vers 15h dans le quartier d’Andranomasibe I à 200 m du port de Vohémar une fillette de 11ans s'est noyée. La victime domiciliée à Andranomasikely II Commune Urbaine de Vohémar nageait avec ses amies puis était emportée au large par le courant marin. Elle a émis des gestes d’alertes et certaines personnes ont tenté de la secourir mais en vain. Après constatation du décès le médecin légiste a remis le corps sans vie à la famille,1 mort,
2022-02-16,2022,2,16,2,1,ANTALAHA A TOAMASINA,,,Maitsokely,49.582811,-16.918798,original,ACCIDENT_NAUFRAGE,"Le 15 février 2022 vers 17h10mn une petite pirogue avec 04 personnes à bord a fait naufrage dans le fokontany Matsokely. La pirogue est partie de ce fokontany le même jour vers 17h pour rallier Soanierana Ivongo. Cet incident est dû au passage de la tempête tropicale modérée Dumako. A cet effet 02 personnes ont survécu alors que les autorités locales le Bureau National de Gestion de Risque et de Catastrophe (BNGRC) et les villageois sont à la recherche des 02 autres. Ils ont ainsi déployé la vedette du BNGRC pour l’opération SAR. Le 15 février 2022 vers 11h un corps d’un homme sans vie a été retrouvé à l’embouchure près de Matsokely et ramené par sa famille après le constat effectué par la Police Nationale et le Médecin légiste. L’opération se poursuivie ce 16 février 2022.
Le 17 février 2022 vers 11h le corps du deuxième défunt a été retrouvé dans le fokontany Andakazaha Commune rurale de Andratabe.  Après constat le jour même vers 17h il a été transporté à Vavatenina.",,
2022-02-24,2022,2,24,3,1,NOSY BE ET ENVIRONS,,,nosy tanikely,48.239862,-13.483604,original,SAR,Le 22 février 2022 vers 14 heures au large de Nosy Tanikely deux (02) pirogues à voile en bois en provenance de Madirokely Nosy Be avec sept (07) pêcheurs à bord ont fait naufrage. La cause de l’incident serait un changement brusque des conditions météorologiques occasionnant des vents forts et des fortes houles ayant entrainé la déchirure de la voile de l’une des pirogues et le chavirement de l’autre. L’équipe de l’APMF de Nosy Tanikely a déployé la vedette rapide FAED II pour procéder à l'opération de sauvetage des victimes. Ces dernières ont pu être ramenées à terre à Nosy Be saines et sauves. L’opération de sauvetage a duré environ 2heures à la suite de laquelle les responsables auprès de l’APMF ont sensibilisé les pêcheurs sur la vérification au préalable des conditions météorologiques avant de sortir en mer,,
2022-02-24,2022,2,24,3,1,ANTALAHA A TOAMASINA,,,depot Analakininnina toamsina,49.418745,-18.1547,original,ACCIDENT_NOYADE,Dans l’après-midi du 23 février 2022 un petit garçon s’est baigné dans la partie du quartier de Dépôt Analakininina à Toamasina. Il a été emporté par les vagues et sa tête a violemment heurté une branche de bois. Suite à ce coup et malgré les secours effectués par le fokonolona il n’a pas pu être sauvé. Son corps a été remis à sa famille,,
2022-03-07,2022,3,7,0,1,ANTALAHA A TOAMASINA,ANALANJIROFO,,11 à bord,50.02985,-16.042554,original,ACC_NAUFRAGE,Le 08 juillet 2022 vers 10 heures le navire MS FANEVASOA battant pavillon malagasy a appareillé de Namantoana à destination de Mananara Nord. Vers 16h30mn les éléments du poste fixe de la GN de Fampotabe commune rurale de Vinanivao ont été avisé par le chef secteur de Namantoana que le navire est injoignable après avoir subi une panne de moteur à quelques heures de son départ et demeure introuvable jusqu’à ce jour. Afin de recueillir plus amples informations pour les recherches et sauvetage éventuels les éléments du PF de Fampotabe se sont dépêchés sur Namantoana. 04 membres d'équipage se trouvaient à bord avec 07 passagers dont le propriétaire. D'après une communication faite à l'APMF de Mananara avaratra le 08 juillet 2022 dans la matinée le corps sans vie d'un homme tatoué de portrait d'un navire a été découvert à Tanambe Mananara Nord. Des 11 personnes à bord seul un corps a été trouvé. Les responsables du district de Mananara zone du drame continuent les recherches conjointement avec ceux de Masoala et Namantoana.,,
2022-03-18,2022,3,18,4,1,,,,,51.946667,-15.125,original,ACCIDENT_NAUFRAGE, Le 18 mars 2022 à 15h45 une information a été reçue par MRCC Réunion (CROSSRU) qu'un bateau de plaisance mauricien environ 12 mètres immatriculé PC 7731OL15 équipé d’un moteur hors-bord avec le logo « TICANON » a été localisé en état renversé à l’Est des eaux de Madagascar notamment à 70 nautiques à l’est d’Antalaha à la position 15° 07.50 S et 051 °56.80 E.  Aucune personne n’a été trouvée aux alentours de cette embarcation. A noter que TICANON a été déclaré voler dans les zones maritimes de l’ile Maurice depuis janvier 2022. Le CFIM a reçu les informations le 22 mars 2022.,,
2022-03-21,2022,3,21,0,1,,,,,42.573333,-20.860833,original,SAR,Le 19 mars 2022 vers 17h12 heures locales le voilier baptisé S.V LORRIGRAY II (MMSI 601145000 pavillon Afrique du Sud) a chaviré au large à environ 68 nautiques (127km) au Nord-Ouest de Morombe dans le Canal de Mozambique à la position 20°51’ 39’’S et 42°34’ 24’’E. En partance de Dzaoudzi Comores le 15 mars 2022 vers 07h28mn UTC le voilier avait trois (03) membres d’équipage à bord dont 1 Canadien 1 Suédois et 1 Italien. Suite à une importante voie d’eau il a coulé le 20 mars 2022 en fin d’après-midi. Alerté par le CROSS La Réunion le MRCC Madagascar a coordonné l’opération SAR en contactant le pétrolier PETALOUDA (MMSI 311001200 pavillon Bahamas) qui est arrivé sur le lieu de l’incident le 20 mars 2021 vers 10h30 heures locales en partance de Mossel Bay Afrique du Sud. Les 03 marins à bord ont pu être récupérés sains et saufs et ont été débarqués au large de Mayotte le 22 mars 2022 vers 08h00 UTC,,
2022-03-26,2022,3,26,5,1,CAP D'AMBRE A BESALAMPY,,,,46.327774,-15.725333,original,ACCIDENT_CADAVRE,Le 26 mars 2022 dans le quartier Secteur 3 d’Aranta Commune Urbaine de Mahajanga un corps sans vie a été découvert sur la plage. Il s'agit d’un homme âgé de 22 ans domicilié au secteur 3 Aranta tireur de ‘’pousse-pousse ‘’dans cette ville. Les éléments du BMH et la Police Nationale se sont dépêchés pour constat en présence du Chef de Secteur 3 Aranta. Le corps du défunt a déjà été remis à sa famille. Une enquête judiciaire a été ouverte et confiée au Service Régional de la Police Judiciaire de Mahajanga. Il est à souligner qu’il s’agit d’un mort suspect.,,
2022-04-04,2022,4,4,0,1,ANTALAHA A TOAMASINA,,,NOSY BORAHA ,49.856382,-17.038908,original,SAR,Dans la journée du lundi 04 avril 2022 une vedette équipée d’un moteur hors-bord nouvellement construite dénommée « S.Mer La Pirogue » TM 13 020 est partie de Mahambo pour rejoindre Ambodifotatra Nosy Boraha. Dépourvue d’équipement d’aide à la navigation la vedette avec 5 équipages à bord s’est perdue en mer à l’Est de l’île pour se retrouver coincé dans les récifs d’Ambohidena à la position 16°52’00’’S 49°58’55’’E. Son ancre s’est brisée en raison des conditions météorologiques. Suite à l’appel de détresse lancé par l’équipage les autorités maritimes de Nosy Boraha sont venues à leurs secours. Les éléments de l’APMF et du DMSM (Détachement de la Marine Nationale de Sainte Marie) se sont déplacés en moto vers Sahasifotra pour diriger les opérations de sauvetage. Les pêcheurs des villages aux alentours à bord de deux pirogues ont été utilisés pour chercher et ramener la vedette vers le rivage. Les membres d’équipage sont arrivés sains et saufs le 05 avril à 0100C dans l’anse d'Ampanihy avec leur vedette.,,
2022-04-13,2022,4,13,2,1,ANTALAHA A TOAMASINA,,,Ile aux Prunes,49.45793,-18.050924,original,ACC_CADAVRE, Le 12 avril 2022 vers 13h 30 le corps sans vie d’un enfant de 14 ans sexe masculin et identité inconnue a été découvert sur la plage de l’île aux Prunes une petite île qui se trouve au Nord de Toamasina. D’après le constat effectué par les Officiers de Polices Judiciaires en présence de l’APMF Toamasina et du BMH l’enfant était mort de noyade en mer depuis 72 heures avec une fracture crânienne.,,
2022-04-17,2022,4,17,6,1,CAP D'AMBRE A BESALAMPY,,,,46.26725,-15.878718,original,ACC_,Dans la matinée du 17 avril 2022 au port de Mahajanga une voiture 4x4 a glissé vers le contrebas au bord de la mer lorsque le conducteur a fait une manœuvre et n’a pas pu maitriser l’opération. Aucune perte en vie humaine n’est à déplorer mais le dégât matériel est assez considérable.,,
2022-04-18,2022,4,18,0,1,MOROMBE AU CAP SAINTE MARIE,,,LAVANONO,44.945253,-25.429066,original,ACC_NOYADE,Le 18 avril 2022 sur la plage de Lavanono commune de Tranovaho district de Beloha région Androy trois jeunes de 16 à 23 ans ont été emportés par les vagues lors de leur baignade. Trois autres jeunes de même âge ont tenté de leur porter secours mais ont également péri. Les autorités ainsi que les éléments de la gendarmerie se sont dépêchés sur les lieux du drame. Trois corps ont été récupérés le 19 avril tandis que les trois autres ont été retrouvés aux alentours du lieu de l’incident le 20 avril vers 12heures,,
2022-04-18,2022,4,18,0,1,ANTALAHA A TOAMASINA,,,,49.416912,-17.377436,original,ACC_NOYADE,Le 18 avril 2022 vers 17 heures sur la plage dénommée « La Piscine » à Fenoarivo Atsinanana trois jeunes du Lycée Saint Joseph Vavatenina ont été emportés par les vagues lors d’une baignade. A la suite des recherches effectuées par la Gendarmerie et les pompiers un premier corps a été retrouvé le 19 avril vers 11 heures un autre vers midi et le troisième a été découvert par des pêcheurs au large à 1 km à l’Est du lieu de l’incident le 20 avril vers 08h50,,
2022-04-20,2022,4,20,2,1,NOSY BE ET ENVIRONS,,,Dzamandzar,48.19257,-13.357996,original,SAR,La nuit du 20 avril 2022 48 pêcheurs répartis dans 21 pirogues ont quitté la côte de Nosy Be dans le quartier d’Ampasy fokontany Dzamandzar. Le 22 avril 2022 en fin de l’après-midi 24 pêcheurs seulement sont retournés. Le 23 avril 2022 les Forces de l’Ordre et l’équipe de l’APMF ont procédé à l’opération SAR des disparus en déployant une vedette pour trouver les victimes. Depuis le 22 avril jusqu’au 24 avril 2022 au total 45 pêcheurs ont été retrouvés sains et sauf à bord des 19 pirogues. Ainsi 02 pirogues ayant à bord les dénommés Mako Jao et Mbola sont encore introuvables jusqu’au 29 avril 2022. Il semble que pendant leur navigation en mer il y ait eu des vents forts. ,,
2022-04-21,2022,4,21,3,1,ANTALAHA A TOAMASINA,,,Plage Miou Miou,49.407157,-18.120616,original,ACC_NOYADE,Le 21 avril 2022 vers 07h du matin un homme âgé de 21 ans parti pêcher au large du Lycée Jacques Rabemananjara Commune Urbaine de Toamasina I a subitement disparu. Ayant remarqué sa disparition ses coéquipiers sont partis à sa recherche depuis le jour d’incident. Le 23 avril 2022 vers 04h du matin le corps sans vie de la victime a été retrouvé au bord de la mer de MIOU-MIOU Toamasina. Le corps a été remis à sa famille après le constat effectué par le BMH et la Police Scientifique et Technique au sein de la Police Judiciaire du Commissariat Central de Toamasina. Il se serait noyé.,,
2022-04-21,2022,4,21,3,1,CAP D'AMBRE A BESALAMPY,,,Petite Plage ,46.323277,-15.67107,original,ACC_DISPARITION,En partance de la Petite Plage de Mahajanga le 21 avril 2022 vers 06h du matin deux (02) pêcheurs à bord d’une pirogue à voile ne se sont pas revenus à terre. Suite à cette disparition la famille de la victime avec l’aide de l’Association des pêcheurs de la Petite Plage est partie à la recherche des victimes le 22 23 et 24 avril 2022 en utilisant une vedette privée appartenant à un ressortissant étranger mais le résultat de la recherche était resté vain. Après avoir contacté les autorités locales l’opération de recherche a continuée le 25 avril 2022 mais toujours sans résultat. Dans la matinée du 27 avril 2022 un corps sans vie de l’un des deux pêcheurs a été retrouvé sur la plage de la Commune Rurale de Namakia. Son coéquipier n’a pas encore été retrouvé.,,
2022-04-26,2022,4,26,1,1,MOROMBE AU CAP SAINTE MARIE,,,Mahavatsy I,43.667964,-23.359946,original,SAR,Le 26 avril 2022 vers 17h au large de Nosinihita fokotany Mahavatsy I Commune Urbaine de Toliara I District Toliara une pirogue avec quatre (04) pêcheurs à bord a fait naufrage à cause du passage de la Forte Tempête Tropicale JASMINE. Deux des quatre pêcheurs ont été ramenés par les vagues vers la côte dont l’un a perdu la vie. Un autre a été retrouvé vivant le 27 avril 2022. Quant au dernier il n’a pas encore été retrouvé. L’Agence Portuaire Maritime et Fluviale (APMF) et la Gendarmerie Nationale ont entamé l’opération SAR depuis le jour de l’incident.,,
2022-05-11,2022,5,11,2,0,ANTALAHA A TOAMASINA,,,,49.424142,-18.155819,original,ACC_INCENDIE,Le 05 novembre 2022 à 07h du matin le navire « BALEINE » immatriculé TM 14-113 pavillon malagasy a pris feu au quai Plage du port de Toamasina. Le feu s’est déclenché par des étincelles d’un poste de soudure que l’équipage a utilisé sur le pont dudit navire. La passerelle de navigation du navire a été complètement brûlée mais suite aux interventions des pompiers le feu a été maîtrisé vers 07h45. Aucun blessé ni perte de vie humaine n’a été signalé. Ce navire était sur le point de partir pour Taolagnaro le soir transportant 400Tonnes de riz. Les responsables ont déjà débarqué toutes les marchandises. Aucun dommage n’a été déclaré. Les éléments de la Police Nationale du Port et l’APMF de Toamasina ont été présents pour constater l’incident et procéder à l’enquête.,,
2022-05-31,2022,5,31,1,0,ANTALAHA A TOAMASINA,,,,49.423801,-18.163201,original,ACC_NOYADE,Dans l’après-midi du 30 mai 2022 à Toamasina trois (03) personnels de sécurité de la société d’Ambatovy ont été noyés pendant qu’il se baignaient à Tapak’ala près de la cité des cadres de la société d’Ambatovy. Disparues depuis ce jour l’une de ces trois personnes a été retrouvée sans vie près du port de Toamasina le 31 mai 2022 vers 5h du matin alors que les deux autres restent introuvables. A cet effet le service de la Police Judiciaire du Commissariat Central de Toamasina s’est déplacé au port pour constater ce décès. La société d’Ambatovy ainsi que la famille des victimes ont poursuivi la recherche des disparues. Le Centre de Fusion d’Informations Maritimes (CFIM) a déjà informé le MRCC ((Maritime Rescue Coordination Centre) auprès de l’Agence Portuaire Maritime et Fluviale (APMF) sur cet incident. L’un des corps sans vie a été trouvé par un pêcheur le 14 juin 2022 près du lieu d’incident.,,
2022-06-02,2022,6,2,3,0,CAP D'AMBRE A BESALAMPY,,,,46.30034,-15.710816,original,ACCIDENT_NOYADE,Le 06 février 2022 un graisseur est tombé à la mer lorsqu’il était en train de manipuler les amarres du navire MS LUMINA. Ce navire battant pavillon malagasy était amarré au Port de Mahajanga lors de l’incident. Malgré les recherches effectuées par les autorités il n’a pas encore été retrouvé. Les recherches se poursuivent. ,,
2022-06-05,2022,6,5,6,0,CAP D'AMBRE A ANTALAHA,NORD,,,49.370287,-12.215292,original,ACC_PANNE,Le 04 mai 2022 vers 21h28 UTC lors du monitoring journalier effectué par le CFIM le navire cargo STAR PAOLA pavillon Liberia MMSI 636020465 a été détecté sur les plateformes SEAVISION et SKYLIGHT au mouillage près du port d’Antsiranana dans la mer territoriale malagasy. Des informations reçues de l’APMF d’Antsiranana le commandant de ce navire a informé qu’en raison d’une panne technique le navire a demandé de rejoindre le port d’Antsiranana. Suite aux opérations d’interventions techniques des plongeurs professionnels du 07 au 10 mai 2022 le navire STAR PAOLA a quitté son lieu de mouillage le 11 mai 2022 vers 01h00 du matin à destination de Singapour.,,
2022-06-07,2022,6,7,1,0,,SOFIA,,3 à bord,44.872551,-16.143312,original,ACC_NAUFRAGE,Le 02 juillet 2022 un boutre en bois non baptisé avec sept (07) pêcheurs à bord a fait naufrage et a coulé au large de Bevatry District de Soalala. Le même jour un autre boutre baptisé « JEAN NOEL » de passage sur le lieu leur a porté secours. A l’issue de cette intervention 05 personnes sur les 07 ont été secourues tandis qu’une personne est morte noyée et une autre portée disparue en mer. Le boutre JEAN NOEL est tombé en panne de moteur le 03 et 04 juillet 2022 au large. Le 05 juillet 2022 vers 15h un navire loué par la société AQUALMA venant de Besalampy est passé sur le lieu et leur a porté assistance. Ce dernier a remorqué le boutre JEAN NOEL jusqu’à Mahajanga. Les 05 personnes secourues sont actuellement entre les mains des responsables sanitaires à Mahajanga.,,
2022-06-11,2022,6,11,5,0,,,,,48.032223,-25.97922,original,ACC_NOYADE,Le 06 novembre 2022 le JRCC Madagascar a reçu une information en provenance du CROSS REUNION portant alerte sur la disparition d’un homme de 27 ans marin professionnel ressortissant philippins à bord du navire vraquier GALAXY GLOBE pavillon Iles Marshall. L’incident est survenu au Sud-Est de Taolagnaro (26°00.02'S - 048°01.80'E). L’alerte initiale a eu lieu le 05 novembre 2022 vers 22H01 GMT. Des actions ont été menées par le JRCC Madagascar appuyé par le CROSS SUD OCÉAN INDIEN. Malgré des efforts déployés l’équipage du navire GALAXY GLOBE a lancé un communiqué à l’endroit du JRCC Madagascar d’arrêter les recherches compte tenu de la marge de temps écoulée depuis la disparition du marin (48H). La diffusion de l’alerte concernant l'homme à la mer a été ainsi stoppée le 06 novembre à 17h32 suite à l'échange de la situation entre Cap Town Cross Réunion JRCC et le navire.,1 mort,
2022-06-12,2022,6,12,6,0,CAP D'AMBRE A BESALAMPY,,,SAR,46.363475,-15.303948,original,ACC_DERIVE,Le 06 décembre 2022 durant le monitoring le navire cargo CHAMDA 3 de pavillon Malagasy MMSI 647861302 avec 24 passagers et 9 équipages à bord a été localisé à la dérive avec une vitesse de 08 nœud dans la partie Ouest des côtes de Madagascar soit à   8518 nautiques (157 km) au Nord-Ouest de Mahajanga. Il a été chargé des produits locaux et des planches. Ce navire a quitté le port de Mahajanga le 04 décembre 2022 vers 12h 22 heures locales pour rallier Anjouan Comores.  Le 05 décembre 2022 à 03 heures 02 heures locales il a commencé de diminuer sa vitesse. D’après l’entretien téléphonique avec un responsable auprès de l’APMF Mahajanga ce navire a rencontré un problème de propulsion et a demandé une assistance. Le 07 décembre le navire caboteur CHAMDA 3 a été récupéré par le patrouilleur de la Surveillance des pêches ATSANTSA et est arrivé au port de Mahajanga le 07 décembre vers 23h20mn. ,,
2022-06-29,2022,6,29,2,0,ANTALAHA A TOAMASINA,,,,49.719247,-15.446874,original,ASSISTANCE,Le 29 juin 2022 vers 5h du matin une embarcation équipée d’un moteur avec dix (10) passagers et trois (3) équipages ont sciemment quitté le quartier d’Ambanizana district de Maroantsetra pour rejoindre la ville de Maroantsetra à l’insu de toutes les autorités locales. Le même jour vers 9h à quelques miles nautiques de son arrivée à l’entrée de la passe l’embarcation n’a pas pu continuer de naviguer car elle n’arriva plus à rester à flot à cause du mauvais temps. Une opération de sauvetage a été déclenchée par les autorités locales et toutes les personnes à bord ont été sauvées. Toutefois le pilote de cette embarcation a été arrêté par la Gendarmerie et sera présenté au Parquet après une enquête judiciaire.,,
2022-06-29,2022,6,29,2,0,NOSY BE ET ENVIRONS,,,,48.275567,-13.407329,original,ACC,Le 29 juin 2022 vers 2 heures du matin dans le fokontany Befitina Andavakotoko district de Nosy Be des centaines de palissandres et deux (02) boutres en cours de réparation ont été calcinés. D’après les informations sommaires le feu serait venu du brûlage des ordures à l’air libre près de cet endroit. Une enquête judiciaire a été ouverte et est menée par le Service de la Police Judiciaire du Commissariat de Police de Nosy Be.,,
2022-07-03,2022,7,3,6,0,CAP D'AMBRE A BESALAMPY,,,Baie de Mahajamba,47.015424,-15.229069,original,SAR,Le 07 mars 2022 l’APMF a été avisé par le pétrolier AVISOA qui a fait route de Mahajanga pour Antsiranana qu’un homme accroché à un morceau de bois se trouvait en mer au large de la Baie de Mahajamba. Le navire était positionné à 15°06S 046°35E à l’Ouest de la Pointe Ambararata. Le Commandant de l’AVISOA a procédé à l’opération de sauvetage de la victime qui a pu être sauvée en état de conscience ; la vedette AIDA de l’APMF a été déployée pour récupérer le pêcheur rescapé au Grand Pavois lieu de rendez-vous avec l’Avisoa. Selon le rescapé ils étaient 2 à bord de la pirogue SARY ITOVIZANA partis de Mahajanga le 05 mars pour aller pêcher mais au retour ils ont fait une fausse manœuvre ayant entrainé le naufrage de la pirogue. Les 2 pêcheurs ont pu s’accrocher au balancier qui restait de la pirogue mais le plus jeune a péri n’ayant pas pu lutter contre la faim et la chaleur. Son corps n’a pas encore été retrouvé. Le rescapé est sorti de l’hôpital le 08 mars après avoir reçu les soins nécessaires.,,
2022-07-05,2022,7,5,1,0,ANTALAHA A TOAMASINA,EST,,,49.425413,-18.155559,original,ACC_PANNE,Le 07 mai 2022 vers 18 heures le bateau de pêche FANANTARA pavillon malagasy appartenant à la société REFRIGEPECHE est entré au quai du port de Toamasina à cause du problème technique qu’il a eu en mer. Il a dû débarquer ses captures dont 6Tonnes 851 de crevettes et 13Tonnes 710 de poissons. Le 09 mai 2022 vers 17 h 30 ce navire repart en pêche dans la zone D 1 de la Zone de pêche malagasy.,,
2022-07-07,2022,7,7,3,0,CAP D'AMBRE A BESALAMPY,BOENY,,port,46.309929,-15.726833,original,ACC_INCENDIE,Le 06 juillet 2022 vers 16H54MnC une flamme avec une fumée blanche a été aperçue provenant d’un conteneur vide qui a servi à barricader le portail d’un des magasins se trouvant dans l’enceinte du port de Mahajanga. Dans ce conteneur étaient empilés des cartons vides empruntés par les dockers pour se reposer après le travail. Les sapeurs pompiers sont arrivés à temps pour maitriser le feu en 15 minutes sans aucun dégât matériel important. La Gendarmerie Nationale est en charge de l’enquête.,,
2022-07-13,2022,7,13,2,0,MOROMBE AU CAP SAINTE MARIE,ATSIMO ANDREFANA,,34 à bord,43.740956,-23.428784,original,ACC_CHAVIREMENT,Le 13 juillet 2022 entre Ankilibe et Sarodrano district Toliara II une pirogue en bois à moteur a chaviré vers 03h du matin à cause du détachement du balancier de sa coque. Trente quatre (34) personnes étaient à bord de cette pirogue en partance de Toliara le jour même vers 02h du matin. Trente (30) sont rescapées trois (03) personnes retrouvées sans vie et un (01) passager demeure introuvable. L’Agence Portuaire Maritime et Fluviale (APMF) de Toliara et la Gendarmerie Nationale poursuivent la recherche de la dernière victime.,,
2022-07-16,2022,7,16,5,0,CAP D'AMBRE A BESALAMPY,,,9 à bord,45.057177,-13.064937,original,ACC_DERIVE,Le 16 juillet 2022 à 11h30mn heures locales le caboteur de pavillon malagasy « SHANNY » immatriculation 04006 MJ avec 09 équipages à bord s’était trouvé en difficulté à l’intérieur d’un lagon au large de Ngouja à environ 63 nautiques au Sud de Mayotte ; à la position 13°03.90'S et 045°03.43'E / 195° au Sud de Mayotte. Le 14 juillet 2022 vers 17H45MnC le navire a quitté le port de Mahajanga à destination d’Anjouan aux Comores mais en raison de la forte houle de 4m le navire a dérivé vers la barrière récifale de Mayotte. Suite au lancement d’alerte effectué par le Capitaine dudit navire et les divers échanges d’informations entrepris par les différentes entités concernées le SNS 976 TAMANI de la station de Dzaoudzi qui était en exercice dans le Sud de Mayotte est venu l’assister afin de le sortir de cette zone dangereuse. Tous les membres l’équipage sont sains et saufs. Le navire SHANNY a pu repartir vers sa destination le soir.,,
2022-07-17,2022,7,17,6,0,ANTALAHA A TOAMASINA,ANALANJIROFO,,Ilot sables,49.833408,-17.11503,original,ACC_ECHOUAGE,"Le 17 juillet 2022 vers 13H00MnC le voilier monocoque dénommé ""DJINN 7"" pavillon mauricien immatriculé PPC61030L06 a été trouvé par deux pêcheurs du Fokontany de Vohilava échoué et abandonné sur l’îlot aux sables au Sud-Est de Nosy Boraha. Ce voilier a été déclaré volé par son propriétaire qui réside à Roche Brunes Île Maurice le 03 juillet 2022. Les pêcheurs l’ont tiré jusqu’à la plage près de leur fokontany qui se trouve dans la partie sud-ouest de l’île. Les autorités locales composées de la Direction de l’APMF du Commandant de détachement de la Marine du Commandant de Brigade de la GN se sont rendues sur le lieu pour procéder au constat. Aucune personne ne se trouvait à bord et la cabine était fermée. A l’intérieur se trouvaient des gilets de sauvetage une boîte à pharmacie des coussins et quelques ustensiles de cuisine mais aucune trace de vie récente. De plus le voilier était démâté et de l’eau de mer était entré à l’intérieur de la cabine.",,
2022-07-18,2022,7,18,0,0,ANTALAHA A TOAMASINA,ANALANJIROFO,,2 à bord,49.600721,-16.904546,original,ACC_NAUFRAGE,Le lundi 18 juillet 2022 vers 05h45 du matin deux pêcheurs à bord de leur pirogue respective ont quitté le fokontany Ambinany Soanierana Ivongo malgré l’avis de mauvais temps annoncé par les autorités locales. Vers 11h à leur retour pour rejoindre les côtes l’une des pirogues a chaviré en raison du vent fort d’importantes vagues ont emporté un des occupants de l’embarcation. Les autres pêcheurs se sont mis à sa recherche de ce dernier qui a été finalement trouvé en vie à 3km au large. Aucune perte en vie humaine ni dégât matériel n'est à déplorer lors de cet incident.,,
2022-07-22,2022,7,22,4,0,BESALAMPY A MOROMBE,MELAKY,,11 à bord,43.694368,-17.385735,original,ACC_DISPARITION,Des informations transmises au CFIM par l’APMF et après recoupements auprès de la famille des victimes ce 22 juillet 2022 une pirogue en bois baptisée EXOTIC de couleur bleue avec bandes rouge et blanc munie de voile blanche avec 11 pêcheurs à bord a quitté Mahajanga le 22 juin 2022 pour aller pêcher aux alentours de Besalampy et Maintirano. Dans leurs habitudes ces pêcheurs reviennent après 15 à 20 jours de pêche en mer mais cette fois ci ils n’étaient pas rentrés. La famille des pêcheurs a alors alerté l’APMF régional de Mahajanga le 18 juillet 2022 pour les aider dans les recherches. Le CFIM a déjà diffusé l’information aux institutions concernées locales et dans la région de l’Afrique orientale.,,
2022-07-26,2022,7,26,1,0,ANTALAHA A TOAMASINA,ANALANJIROFO,,,49.591928,-16.917803,original,ACC_NAUFRAGE,Le 22 juillet 2022 une pirogue en bois avec moteur a quitté le quartier d’Antsiraka dans le district de Soanierana Ivongo pour rallier Lokintsy Île Boraha. Lors de son départ à 15 mètres de la plage cette embarcation a coulé et à cet effet les personnes à bord ont pu nager pour rejoindre le lieu de départ. Elles étaient saines et sauves. Cette embarcation a été récupérée et a déjà été remise à son propriétaire. Le Détachement de la Marine Nationale de Sainte-Marie responsable dans cette zone maritime a renforcé ses contrôles en mer.,,
2022-07-27,2022,7,27,2,0,BESALAMPY A MOROMBE,MELAKY,,,44.408064,-16.729087,original,ACC_NAUFRAGE,Le 27 juillet 2022 vers 17heures un boutre baptisé BONNE FAMILLE a été victime de naufrage. Ce boutre avait à bord 6 membres d’équipage et a été chargé de 80 balles de raphia pesant 4 tonnes 100 sacs de maïs pesant 5 tonnes et 100 cageots vides. L'accident s'est produit au large du quartier Afolaha fokontany Makadany CR Ankasakasa district de Besalampy. Il a quitté le port de Besalampy le 24 juillet 2022 pour rallier le port de Mahajanga. La coque de cette embarcation s’est brisée partiellement après avoir percuté un banc de sable et l’irruption de l’eau dans ce boutre est la cause principale de ce naufrage. Toutefois l’équipage a pu le déplacer jusqu’à la rive. Aucune perte de vie n'a été observée mais le préjudice est considérable pour le propriétaire car presque la totalité des cargaisons a été engloutie par la mer.,,
2022-07-30,2022,7,30,5,0,ANTALAHA A TOAMASINA,ANALANJIROFO,,6 à bord_1mort,49.809437,-17.089293,original,ACC_NAUFRAGE,Le 29 juillet 2022 vers 21h30 une embarcation en bois appelée « kapakapa » baptisée BRASANIA chargée de planches en bois avec six personnes à bord dont quatre équipages et deux passagers a fait naufrage dans la partie du fokontany de Vohilava district de Nosy Boraha. Ce navire a quitté le fokontany de Sahabevava district de Soanierana Ivongo pour rallier Nosy Boraha. Après avoir été avisées les autorités locales se sont rendues sur les lieux pour constat. L’équipe de l’APMF a effectué l’opération SAR avec le Détachement Marine de Sainte Marie. Cinq personnes sont rescapées tandis qu’une personne a disparue. Selon les rescapés le navire a heurté un récif et par la suite il a coulé dans cet endroit.,,
2022-08-04,2022,8,4,3,0,CAP D'AMBRE A ANTALAHA,,,,49.283702,-12.279167,original,POLMAR,Le 08 avril 2022 au port d’Antsiranana un tuyau de transfert souterrain a fuité en laissant propager du carburant à la surface. Le déversement a été estimé à moins de 50m3. Grâce à l’intervention des éléments de la Marine Nationale BANA (Base Navale d’Antsiranana) l’OLEP (Organe de Lutte contre l'Evénement de Pollution marine) l’APMF (Agence Portuaire Maritime et Fluvial) ainsi que la société LPSA (Logistique Pétrolière S.A.) l'incident a pu être maîtrisé. La mer a été par la suite nettoyée.,,
2022-08-05,2022,8,5,4,0,NOSY BE ET ENVIRONS,NORD,,,48.260461,-13.334513,original,ACC_PANNE,Le 08 mai 2022 vers 10 heures le navire passager BOUROIKOU N° 20 002 71 avec six (06) membres d’équipage de pavillon Comorien était à la dérive au large de Nosy Be. En partance de Mutsamudu (Comores) le 06 mai 2022 à destination de Mahajanga ledit navire a subi une panne mécanique suite au mauvais temps et a dérivé vers Nosy Be. L’APMF l’a arraisonné et avec la décision unanime avec la Douane la Police Nationale et la Gendarmerie Nationale ce navire a été refoulé et escorté par la Marine Nationale jusqu’à sa sortie de la zone maritime de Nosy Be le 09 mai 2022. Le navire s’est dirigé vers Mahajanga et était arrivé au large du port le 11 mai 2022 à 23 heures mais les autorités portuaires et maritimes locales ont également refusé son entrée au Port. Une équipe médicale est montée à bord pour procéder à une analyse PCR du Covid-19 aux 6 membres de l’équipage. Le 13 mai 2022 un problème technique sur le navire a été rapporté par l’équipage. Le consignataire a négocié avec les Autorités portuaires que le navire puisse y effectuer les réparations avant de repartir. Le 27 mai 2022 à Mahajanga le navire passager est entré en carénage. ,,
2022-08-05,2022,8,5,4,0,CAP D'AMBRE A ANTALAHA,NORD,,,50.006686,-13.361875,original,ACC_PANNE,Le 08 mai 2022 vers 23 heures le navire cargo malagasy M/S SHISSIWANI –II avec 10 membres d’équipage IM DS 20 021 a échoué sur un récif corallien à Ambavalapasy au large du port de Vohémar. Ce navire a quitté le port de Vohémar le 08 avril 2022 vers 0800C pour rejoindre le port de Toamasina mais faute de panne technique du moteur le navire était en dérive jusqu’à Nosy Ankao où il a pu faire un mouillage. Suite à une longue durée de dépannage à cet endroit le 08 mai 2022 le navire a quitté le lieu de mouillage à destination du port de Vohémar pour y effectuer un entretien normal mais a subi une nouvelle panne technique entrainant l’échouage sur le récif. Le 12 mai 2022 une équipe de plongeur professionnelle va descendre sur place pour diagnostiquer la situation et de définir la nouvelle technique à adopter pour déséchouer ce navire.,,
2022-08-06,2022,8,6,5,0,,,,,44.806079,-26.933163,original,ACC,En provenance du port de Kakinada Inde le 23 Mai 2022 vers 10h UTC le navire cargo NAVDHENU SUN MMSI 419095900 pavillon Inde est entré dans la ZEE de Madagascar le 04 juin 2022 vers 09:42:42 UTC. Ce navire est à la dérive maitrisée depuis le 05 juin 2022 vers 19:35:40C au large à environ 48 nautiques (8890 km) au sud du port d’Ehoala à Taolagnaro à cause du problème mécanique du moteur. Réparé le 07 juin 2022 vers 23H24C ledit navire a repris son cap vers le port Durban en Afrique du Sud. Le 08 juin 2022 vers 12H46MnC le navire cargo s’est trouvé en transit au Sud de Madagascar à 69 nautiques (12778 km) au Sud-Est du cap Sainte Marie avec une vitesse de 45 nœuds.,,
2022-08-06,2022,8,6,5,0,CAP D'AMBRE A BESALAMPY,,,village d’Antsanitia,46.418809,-15.564907,original,SAR,Le 05 juin 2022 matin 15 pêcheurs du village d’Antsanitia CR Belobaka district de Mahajanga II étaient partis à bord d’une embarcation traditionnelle en bois équipée de moteur hors-bord pour pêcher en mer. Le même jour vers 17h du soir le moteur de l’embarcation a été tombé en panne à environ 22 nautiques (40 km) au large dudit village. A cet effet l’un des pêcheurs a communiqué par téléphone à sa femme les coordonnées GPS de leur position pour trouver des solutions pour leurs secourir en mer. Alerté par la dame l’équipe SAR de l’APMF Mahajanga a pris la vedette d’un particulier ayant une puissance de 300 chevaux x 2 permettant d’embarquer plusieurs individus. Arrivés sur le lieu d’incident vers 22h30 ils sont embarqués à bord de la vedette et ramenés vers Antsanitia tandis que leur embarcation a été abandonnée en mer à cause du mauvais temps (vagues plus de 2.5 m vent plus de 25 nœuds).,,
2022-09-25,2022,9,25,6,0,CAP D'AMBRE A BESALAMPY,,,nosy Makamby,45.917225,-15.71477,original,SAR,Le 23 Septembre 2022 l’APMF de Mahajanga a reçu une alerte de détresse émanant d’un boutre baptisé LAZAMAHASOA MIKARAMA II. Ayant reçu l’alerte l’APMF et l’équipe de la Sécurité Civile « Tanora Vonona Hampandroso ny Faritra Boeny (TVHFB) ont déployé deux vedettes pour récupérer les passagers. Le boutre a été ainsi trouvé au nord du Nosy Makamba au Sud-Ouest de Mahajanga. Tous les passagers ont été transbordés dans la vedette rapide. Le 24 septembre 2022 vers midi ils ont été ramenés à terre à Mahajanga sains et saufs.,,
2022-09-30,2022,9,30,4,0,CAP D'AMBRE A MAHANORO,,,Ambalakininina,48.800494,-19.907389,original,ACC_ECHOUAGE,Le vendredi 30 septembre 2022 vers 20h00 le navire transporteur de marchandises FIHAVANA-NA pavillon Malagasy chargé des sacs de micaLe vendredi 30 septembre 2022 vers 20h00 le chaland transporteur de marchandises FIHAVANANA pavillon Malagasy chargé des sacs de mica en provenance de Fort Dauphin s’est dérouté et a essayé de rallier la côte de Mahanoro à cause d’une insuffisance de gasoil. Au cours de cet accostage ce navire s’est échoué à cause de mauvaise manœuvre perpétrée par le commandant. Il n’a pas pu convenablement tenir l’ancre et le navire a été porté par le courant et les vagues vers le bord de la mer. L’équipe de l’APMF s’est rendu sur les lieux de l’incident entre Ambalakininina et Antarafina district Mahanoro pour effectuer un constat. Aucune perte de vie ni blessure n’a été observée. Toutefois la mer est rentrée à l’intérieur du navire. Les dix (10) équipages sont en cours de réparation car ils ont l’intention de reprendre leur voyage vers Toamasina. Aucune menace de marée noire n’a été rapportée jusqu’ici. Dans la matinée du 06 octobre 2022 un engin d’une entreprise de construction de route locale a essayé le déséchouage mais sans résultat à cause des fortes houles. en provenance de Fort Dauphin a été dérouté et a essayé de rallier la côte de Mahanoro. Au cours de cet accostage ce navire s’est échoué à cause de mauvaise manœuvre perpétrée par le commandant. Il n’a pas pu convenablement tenir l’ancre et le navire a été porté par le courant et les vagues vers le bord de la mer. Selon les autorités policières de cette ville ce navire était obligé de rallier la côte à cause de l’insuffisance de gas-oil. L’équipe de l’APMF s’est rendu sur les lieux de l’incident entre Ambalakininina et Antarafina district Mahanoro pour effectuer un constat. Aucune perte de vie ni blessure. Toutefois depuis le vendredi les eaux sont entrées à l’intérieur de ce navire. Les dix (10) équipages sont en cours de réparation car ils ont l’intention de reprendre leur voyage vers Toamasina.,,
2022-10-19,2022,10,19,2,0,CAP D'AMBRE A BESALAMPY,,,Betamanga,46.314843,-15.693995,original,ACC_CADAVRE,Le 19 octobre 2022 à l’aube le corps sans vie d’un jeune pêcheur a été trouvé par les riverains à bord de la vedette baptisée GCWG matricule MJ21036 dans le quartier de Betamanga fokontany Amborovy dans la CU Mahajanga. L’embarcation était au mouillage au moment du drame. Ils étaient deux (02) à bord. Le défunt travaillait comme pêcheur à bord de l’embarcation de pêches appartenant à un ressortissant chinois.  Une équipe de la Gendarmerie et le BMH de Mahajanga sont descendus sur le lieu pour constater l’accident. Une corde est attachée sur son coup. L’autopsie effectué par le médecin légiste de la BMH aurait avancé un acte de suicide commis vers 2h du matin.,,
2022-10-31,2022,10,31,0,0,MAHANORO AU CAP SAINTE MARIE,,,,46.999747,-25.046043,original,ACC_NAUFRAGE,Le 31 octobre 2022 entre 05h30 à 06h du matin une pirogue traditionnelle avec quatre (04) pêcheurs à bord a fait naufrage au large de Taolagnaro en raison d’une forte vague. Deux des pêcheurs ont pu nagé jusqu’à la plage de Monseigneur l’un a été trouvé mort tandis que la quatrième demeure introuvable. La DRPEB l’APMF locale le Détachement de la Marine Nationale Taolagnaro et la société minière QMM ont effectué les opérations SAR avec deux (02) vedettes déployées.,,
2022-11-09,2022,11,9,2,1,CAP D'AMBRE A BESALAMPY,,,Ampondrabe,47.7365,-14.617461,original,ACC_COLLISION,Le 11 septembre 2022 dans la soirée dans le détroit d'Ampondrabe Antsohihy à 3km du port une vedette de transport de passagers MAZAVA II est entré en collision avec le boutre de marchandises l’EAU VIVE FENORANO. Le bilan de ce naufrage fait état de 14 passagers sans vie et une dizaine de personnes portées disparues. 5 personnes sont rescapées dont un enfant de 8 ans qui s’est accroché à un sac de charbon et une jeune étudiante de 22 ans. Grace à la présence de la nouvelle représentation de l’APMF à Analalava le boutre en fuite a pu être arrêté cinq heures après la collision. Selon le code pénal et le code maritime les quatre membres de l’équipage devraient être jugés pour « accident mortel » et « délit de fuite ». Quatre personnes parmi les six déférées  au Parquet ont été placées sous Mandat de Dépôt.,,
2022-11-10,2022,11,10,3,1,MAHANORO AU CAP SAINTE MARIE,,,,46.991415,-25.023604,original,ACC_NAUFRAGE,Le 11 octobre 2022 une pirogue traditionnelle avec trois (03) pêcheurs à bord a fait naufrage au large de Taolagnaro. Ces pêcheurs ont quitté la ville à 02h du matin pour pêcher en mer. Frappés par de grosses vagues ils ont perdu le contrôle de la pirogue et ont fini par tomber dans la mer. Deux d’entre eux ont pu s’en sortir en s’accrochant à la pirogue tandis que le troisième a été emporté par le courant marin. Arrivés sur la côte vers 08h du matin les deux rescapés ont alerté les autorités locales qui ont commencé la recherche en mer à 10h du matin. Deux vedettes rapides ont été mobilisées dont l’une appartient à la société minière QMM et l’autre à un pêcheur local. Ce 13 octobre à 12h il n’est pas encore retrouvé et la recherche se poursuit. ,,
2022-11-14,2022,11,14,0,1,CAP D'AMBRE A BESALAMPY,,,Ambolobozo,47.697357,-14.436795,original,ACC_ECHOUAGE,"Le 12 novembre 2022 vers 4h 30 du matin les représentants de l’APMF la Gendarmerie Nationale la Police Nationale et le Maire conduits par Mr le Gouverneur se sont rendus à la plage d’Ambalahonko à environ 30 km au Nord d'Analalava dans la Commune Rurale d'Ambolobozo afin de procéder une constatation d’un navire de pêche avec un moteur de 6 cylindre marque YANNMAR presque neuf de 250 chevaux. Échoué sur la plage d’Ambalahonko il s’agit du navire en fibre de polyester mesurant environ 12 m de long sur 5 m de large ayant 3 m d'hauteur de couleur verte jaune rouge et blanche baptisé IMUL-A-0620-KLT MMSI 417062034. C’est l’embarcation abandonnée par les trois équipages de nationalité Sri lankaise le 27 octobre 2022 à la position 11° 39' 35"" S et 48° 4' 17"" E à environ 46 nautiques au Sud-Est de l’île Glorieuse à cause d’une panne de batterie depuis le 22 octobre 2022. A souligner que le 24 octobre 2022 vers 08h44MnC ce navire a été localisé à environ 6743 nautiques au Nord-Ouest du Cap d’Ambre. Ce bateau a été laissé sur la rive car il a été endommagé par les rochers en attendant sa réparation afin de le ramener à Analalava tandis que les matériaux retrouvés sur le bateau : (03) filets mesurant 1000 m environ et les 2 autres 200 m de chaque - 14 colis de palanques (pêche à la traînée) - 03 colis de bouées ainsi qu'une bouteille de gaz vide ont été confiés aux responsables du fokontany de cette localité. Une enquête a été ouverte et confiée à la Gendarmerie.",,
2022-11-16,2022,11,16,2,1,MAHANORO AU CAP SAINTE MARIE,,,Savana,47.918633,-22.413644,original,ACC_ECHOUAGE,Le 15 novembre 2022 vers 13h un boutre mesurant environ 10m de long sans nom sans immatriculation et sans pavillon a été trouvé par la population du fokontany d’Ambohitsara CR de Savana District de Vohipeno échoué à l’embouchure du fleuve de Matitanana. Aucun membre d’équipage ni document permettant de connaître son identité n'a été trouvé sur place. Informé sur l’incident le Chef de District de Vohipeno est descendu sur le lieu. Et selon le témoignage de la population de ce fokontany ce boutre a fait naufrage en mer la soirée du 14 novembre 2022 et un navire opérant de la pêche INN dans ses environs a mobilisé un autre boutre pour sauver son équipage. Elle a estimé ainsi que ce boutre appartient à ce navire de pêche. Il est laissé sur le lieu d’échouement sous la surveillance du Chef de fokontany locale et l’enquête poursuit.,,
2022-11-22,2022,11,22,1,1,ANTALAHA A TOAMASINA,,,Rantabe,49.650586,-15.700872,original,ACC_CHAVIREMENT,Le 22 novembre 2022 à 10h du matin une coque baptisée TSAPAKA en provenance de Maroantsetra a rencontré une grosse vague en raison du mauvais temps au large de la Commune Rurale de Rantabe District de Maroantsetra. Cette vedette à destination de Mananara Avaratra avec à son bord 23 passagers s’est vue sa vitre brisée ayant conduit le capitaine à couper le moteur. Portée en dérive par les courants marins la coque a fini par se heurter sur un rocher. Six passagers membres du groupe artistique Wawa ont plongé dans l’eau pour essayer de se sauver et ont été emporté par les courants marins. Une coque en partance de Maroantsetra et un boutre de Mananara Avaratra ont été mobilisés pour procéder à la recherche assistés du paquebot P/S HANSEATIC SPIRIT de passage dans la baie d’Antongil qui a déployé sa vedette de sauvetage pour récupérer les victimes secourues saines et sauves.,,
2022-11-30,2022,11,30,2,1,ANTALAHA A TOAMASINA,,,,49.418745,-18.142665,original,ACC_NOYADE,Le 27 novembre 2022 deux hommes âgés de 25 ans et 17 ans ont été emportés par les vagues lors d’une baignade dans la partie du pont de l’hôpital be et la plage du bord Canada. Le sauvetage a été déployé mais en vain. Les corps ont été tous récupérés et les défunts ont été remis à leurs familles respectives.,2 morts ,EST
2022-12-01,2022,12,1,3,1,MAHANORO AU CAP SAINTE MARIE,ATSIMO ATSINANANA,FARAFANGANA,Farafangana,47.835306,-22.797606,original,ACCIDENT_NOYADE,Le 12 janvier 2022 vers 16h les autorités de Farafangana ont été informées de la disparition d’un ressortissant indien après une baignade aux environs de Relax Beach à l'embouchure du fleuve de Manapatrana ; la gendarmerie et l’APMF ont aidé dans la recherche en mer et sur les plages sans découvrir aucun signe de la victime. Le lendemain à partir de 8 heures les riverains ont été sensibilisés et sollicités à fournir des informations qui pourraient aider dans la recherche. 08 plongeurs à bord de vedette rapide ont été déployés avec des gendarmes faisant les recherches le long de la berge jusqu’à la tombée d’une pluie torrentielle. Les recherches ont continué le 14 janvier mais toujours sans aucun résultat jusqu’à ce jour. Des rites ont même été effectués pour demander à la mer de rejeter la victime.,,
2022-12-22,2022,12,22,3,1,ANTALAHA A TOAMASINA,,,,50.283898,-14.902816,original,ACC_INCENDIE,Le 20 décembre 2022 à 14h30m le navire « SIRENE » a pris feu au sud du port d’Antalaha lors d’un essai entrepris par ses 04 membres d’équipage suite à des travaux de réparations qu’ils ont effectués sur ce navire. La cause de l’incendie est une explosion de gaz à son intérieur. Le dommage matériel causé par cet incendie a été très lourd tandis qu’aucune perte de vie humaine n’a été déclarée.,,
2022-12-31,2022,12,31,5,1,MAHANORO AU CAP SAINTE MARIE,,,SAR,48.783666,-20.001311,original,ACC_CHAVIREMENT,Le 29 décembre 2022 un pêcheur de la Commune rurale de Betsizaraina région Antsinanana est parti en mer pour effectuer ses activités quotidiennes. Arrivé au niveau de l’embouchure de la rivière Mangoro vers l'océan Indien son embarcation a été prise au milieu d’immenses vagues et a chaviré. Des recherches ont été menées mais le pêcheur n’a pas encore été retrouvé.,1 MORT,
