Date debut,Date fin,Thématique,Objets,District,Commune,Localite,Region,Types,Longitude,Latitude,Personne concerne,Mort,Colonne1,description,Commentaire,Date_debut_dt
01/01/2017,01/01/2017,Incident maritime,,,,,,,,,,,,Aucun incident maritime,,
02/01/2017,02/01/2017,Incident maritime,,,,,,,,,,,,Aucun incident maritime,,
03/01/2017,03/01/2017,Incident maritime,,,,,,,,,,,,Aucun incident maritime,,
04/01/2017,04/01/2017,Incident maritime,,,,,,,,,,,,Aucun incident maritime,,
05/01/2017,05/01/2017,Incident maritime,,,,,,,,,,,,Aucun incident maritime,,
06/01/2017,06/01/2017,Incident maritime,,,,,,,,,,,,Aucun incident maritime,,
07/01/2017,07/01/2017,Incident maritime,,,,,,,,,,,,Aucun incident maritime,,
08/01/2017,08/01/2017,Incident maritime,,,,,,,,,,,,Aucun incident maritime,,
09/01/2017,09/01/2017,Incident maritime,,,,,,,,,,,,Aucun incident maritime,,
10/01/2017,10/01/2017,Incident maritime,,,,,,,,,,,,Aucun incident maritime,,
11/01/2017,11/01/2017,Incident maritime,,,,,,,,,,,,Aucun incident maritime,,
12/01/2017,12/01/2017,Incident maritime,,,,,,,,,,,,Aucun incident maritime,,
13/01/2017,13/01/2017,Incident maritime,,,,,,,,,,,,Aucun incident maritime,,
14/01/2017,14/01/2017,Incident maritime,,,,,,,,,,,,Aucun incident maritime,,
15/01/2017,15/01/2017,Incident maritime,,,,,,,,,,,,Aucun incident maritime,,
16/01/2017,16/01/2017,Incident maritime,,,,,,,,,,,,Aucun incident maritime,,
17/01/2017,17/01/2017,Incident maritime,,,,,,,,,,,,Aucun incident maritime,,
18/01/2017,18/01/2017,Incident maritime,,,,,,,,,,,,Aucun incident maritime,,
19/01/2017,19/01/2017,Incident maritime,,,,,,,,,,,,Aucun incident maritime,,
20/01/2017,20/01/2017,Incident maritime,,,,,,,,,,,,Aucun incident maritime,,
21/01/2017,21/01/2017,Incident maritime,,,,,,,,,,,,Aucun incident maritime,,
22/01/2017,22/01/2017,Incident maritime,,,,,,,,,,,,Aucun incident maritime,,
23/01/2017,23/01/2017,Incident maritime,,,,,,,,,,,,Aucun incident maritime,,
24/01/2017,24/01/2017,Incident maritime,,,,,,,,,,,,Aucun incident maritime,,
25/01/2017,25/01/2017,Incident maritime,,,,,,,,,,,,Aucun incident maritime,,
26/01/2017,26/01/2017,Incident maritime,,,,,,,,,,,,Aucun incident maritime,,
27/01/2017,27/01/2017,Incident maritime,,,,,,,,,,,,Aucun incident maritime,,
28/01/2017,28/01/2017,Incident maritime,,,,,,,,,,,,Aucun incident maritime,,
29/01/2017,29/01/2017,Incident maritime,,,,,,,,,,,,Aucun incident maritime,,
30/01/2017,30/01/2017,Incident maritime,,,,,,,,,,,,Aucun incident maritime,,
31/01/2017,31/01/2017,Incident maritime,,,,,,,,,,,,Aucun incident maritime,,
01/02/2017,01/02/2017,Incident maritime,,,,,,,,,,,,Aucun incident maritime,,
02/02/2017,02/02/2017,Incident maritime,,,,,,,,,,,,Aucun incident maritime,,
03/02/2017,03/02/2017,Incident maritime,,,,,,,,,,,,Aucun incident maritime,,
04/02/2017,04/02/2017,Incident maritime,,,,,,,,,,,,Aucun incident maritime,,
05/02/2017,,Incidents Maritimes ,,MADAGASCAR,,,,,46.32589,-15.766938,,,,"A Mahajanga, le cadavre d’un homme retrouvé au port. Le corps sans vie d’un homme âgé d’une quarantaine d’années et non identifié a été rejeté par la mer. La victime avait encore sur lui tous ses vêtements. Son identification n’a pas été possible.",,2017-02-05
06/02/2017,06/02/2017,Incident maritime,,,,,,,,,,,,Aucun incident maritime,,
07/02/2017,07/02/2017,Incident maritime,,,,,,,,,,,,Aucun incident maritime,,
08/02/2017,08/02/2017,Incident maritime,,,,,,,,,,,,Aucun incident maritime,,
09/02/2017,09/02/2017,Incident maritime,,,,,,,,,,,,Aucun incident maritime,,
10/02/2017,10/02/2017,Incident maritime,,,,,,,,,,,,Aucun incident maritime,,
11/02/2017,11/02/2017,Incident maritime,,,,,,,,,,,,Aucun incident maritime,,
12/02/2017,12/02/2017,Incident maritime,,,,,,,,,,,,Aucun incident maritime,,
13/02/2017,13/02/2017,Incident maritime,,,,,,,,,,,,Aucun incident maritime,,
14/02/2017,14/02/2017,Incident maritime,,,,,,,,,,,,Aucun incident maritime,,
15/02/2017,15/02/2017,Incident maritime,,,,,,,,,,,,Aucun incident maritime,,
16/02/2017,16/02/2017,Incident maritime,,,,,,,,,,,,Aucun incident maritime,,
17/02/2017,17/02/2017,Incident maritime,,,,,,,,,,,,Aucun incident maritime,,
18/02/2017,18/02/2017,Incident maritime,,,,,,,,,,,,Aucun incident maritime,,
19/02/2017,19/02/2017,Incident maritime,,,,,,,,,,,,Aucun incident maritime,,
20/02/2017,20/02/2017,Incident maritime,,,,,,,,,,,,Aucun incident maritime,,
21/02/2017,21/02/2017,Incident maritime,,,,,,,,,,,,Aucun incident maritime,,
22/02/2017,22/02/2017,Incident maritime,,,,,,,,,,,,Aucun incident maritime,,
23/02/2017,23/02/2017,Incident maritime,,,,,,,,,,,,Aucun incident maritime,,
24/02/2017,24/02/2017,Incident maritime,,,,,,,,,,,,Aucun incident maritime,,
25/02/2017,,Incidents maritimes,,Katsepy Mahajanga/ Madagascar,,,,,46.289816,-15.737907,,,naufrage, Le bac Makuba a coulé 25 Fév,,2017-02-25
26/02/2017,26/02/2017,Incident maritime,,,,,,,,,,,,Aucun incident maritime,,
27/02/2017,27/02/2017,Incident maritime,,,,,,,,,,,,Aucun incident maritime,,
28/02/2017,28/02/2017,Incident maritime,,,,,,,,,,,,Aucun incident maritime,,
01/03/2017,01/03/2017,Incident maritime,,,,,,,,,,,,Aucun incident maritime,,
02/03/2017,02/03/2017,Incident maritime,,,,,,,,,,,,Aucun incident maritime,,
03/03/2017,03/03/2017,Incident maritime,,,,,,,,,,,,Aucun incident maritime,,
04/03/2017,04/03/2017,Incident maritime,,,,,,,,,,,,Aucun incident maritime,,
05/03/2017,05/03/2017,Incident maritime,,,,,,,,,,,,Aucun incident maritime,,
06/03/2017,06/03/2017,Incident maritime,,,,,,,,,,,,Aucun incident maritime,,
07/03/2017,,Incidents Maritimes,, OCEAN INDIEN,,,,,54.740555,-21.401068,,,assistance technique,"Le vraquier IRIS II (IMO 9286906, dwt 75798, construit 2004) a subi une panne moteur en route de l'Afrique du Sud vers Qasim au Pakistan à environ 140 nm à l'ouest de la Réunion dans l’Océan Indien.",,2017-03-07
08/03/2017,08/03/2017,Incident maritime,,,,,,,,,,,,Aucun incident maritime,,
09/03/2017,09/03/2017,Incident maritime,,,,,,,,,,,,Aucun incident maritime,,
10/03/2017,10/03/2017,Incident maritime,,,,,,,,,,,,Aucun incident maritime,,
11/03/2017,11/03/2017,Incident maritime,,,,,,,,,,,,Aucun incident maritime,,
12/03/2017,12/03/2017,Incident maritime,,,,,,,,,,,,Aucun incident maritime,,
13/03/2017,13/03/2017,Incident maritime,,,,,,,,,,,,Aucun incident maritime,,
14/03/2017,14/03/2017,Incident maritime,,,,,,,,,,,,Aucun incident maritime,,
15/03/2017,15/03/2017,Incident maritime,,,,,,,,,,,,Aucun incident maritime,,
16/03/2017,16/03/2017,Incident maritime,,,,,,,,,,,,Aucun incident maritime,,
17/03/2017,,Incidents Maritimes,,madagascar,,,,,43.872715,-18.042964,,,naufrage,"Un boutre qui a quitté Morondava  pour aller à Maintirano a sombré en mer, près d’un îlot de Maroantaly alors qu’il transportait une cinquantaine de passagers et 48 tonnes de marchandises. ",,2017-03-17
18/03/2017,18/03/2017,Incident maritime,,,,,,,,,,,,Aucun incident maritime,,
19/03/2017,19/03/2017,Incident maritime,,,,,,,,,,,,Aucun incident maritime,,
20/03/2017,20/03/2017,Incident maritime,,,,,,,,,,,,Aucun incident maritime,,
21/03/2017,21/03/2017,Incident maritime,,,,,,,,,,,,Aucun incident maritime,,
22/03/2017,22/03/2017,Incident maritime,,,,,,,,,,,,Aucun incident maritime,,
23/03/2017,23/03/2017,Incident maritime,,,,,,,,,,,,Aucun incident maritime,,
24/03/2017,24/03/2017,Incident maritime,,,,,,,,,,,,Aucun incident maritime,,
25/03/2017,25/03/2017,Incident maritime,,,,,,,,,,,,Aucun incident maritime,,
26/03/2017,26/03/2017,Incident maritime,,,,,,,,,,,,Aucun incident maritime,,
27/03/2017,27/03/2017,Incident maritime,,,,,,,,,,,,Aucun incident maritime,,
28/03/2017,28/03/2017,Incident maritime,,,,,,,,,,,,Aucun incident maritime,,
29/03/2017,29/03/2017,Incident maritime,,,,,,,,,,,,Aucun incident maritime,,
30/03/2017,30/03/2017,Incident maritime,,,,,,,,,,,,Aucun incident maritime,,
31/03/2017,,Incidents Maritimes,,OCEAN INDIEN,,,,,68.761516,-20.827302,,,décès à bord,Un marin philippin âgé de 48 ans a été découvert inconscient dans son lit à bord du M/V Marine Star.,,2017-03-31
01/04/2017,01/04/2017,Incident maritime,,,,,,,,,,,,Aucun incident maritime,,
02/04/2017,02/04/2017,Incident maritime,,,,,,,,,,,,Aucun incident maritime,,
03/04/2017,03/04/2017,Incident maritime,,,,,,,,,,,,Aucun incident maritime,,
04/04/2017,04/04/2017,Incident maritime,,,,,,,,,,,,Aucun incident maritime,,
05/04/2017,05/04/2017,Incident maritime,,,,,,,,,,,,Aucun incident maritime,,
06/04/2017,06/04/2017,Incident maritime,,,,,,,,,,,,Aucun incident maritime,,
07/04/2017,07/04/2017,Incident maritime,,,,,,,,,,,,Aucun incident maritime,,
08/04/2017,08/04/2017,Incident maritime,,,,,,,,,,,,Aucun incident maritime,,
09/04/2017,09/04/2017,Incident maritime,,,,,,,,,,,,Aucun incident maritime,,
10/04/2017,10/04/2017,Incident maritime,,,,,,,,,,,,Aucun incident maritime,,
11/04/2017,11/04/2017,Incident maritime,,,,,,,,,,,,Aucun incident maritime,,
12/04/2017,12/04/2017,Incident maritime,,,,,,,,,,,,Aucun incident maritime,,
13/04/2017,13/04/2017,Incident maritime,,,,,,,,,,,,Aucun incident maritime,,
14/04/2017,14/04/2017,Incident maritime,,,,,,,,,,,,Aucun incident maritime,,
15/04/2017,15/04/2017,Incident maritime,,,,,,,,,,,,Aucun incident maritime,,
16/04/2017,16/04/2017,Incident maritime,,,,,,,,,,,,Aucun incident maritime,,
17/04/2017,,Incidents Maritimes,,MADAGASCAR,,,,,49.420532,-18.150623,,,noyade,Un garçon de 14 ans vient de se noyer en mer quand sa mère l'a envoyé nager devant un grand hôtel sur la plage vers 11 heures du matin.,,2017-04-17
18/04/2017,18/04/2017,Incident maritime,,,,,,,,,,,,Aucun incident maritime,,
19/04/2017,19/04/2017,Incident maritime,,,,,,,,,,,,Aucun incident maritime,,
20/04/2017,,Incidents Maritimes,,MADAGASCAR ,,,,,50.063335,-13.360009,,,,MADAGASCAR,,2017-04-20
21/04/2017,21/04/2017,Incident maritime,,,,,,,,,,,,Aucun incident maritime,,
22/04/2017,22/04/2017,Incident maritime,,,,,,,,,,,,Aucun incident maritime,,
23/04/2017,23/04/2017,Incident maritime,,,,,,,,,,,,Aucun incident maritime,,
24/04/2017,24/04/2017,Incident maritime,,,,,,,,,,,,Aucun incident maritime,,
25/04/2017,25/04/2017,Incident maritime,,,,,,,,,,,,Aucun incident maritime,,
26/04/2017,26/04/2017,Incident maritime,,,,,,,,,,,,Aucun incident maritime,,
27/04/2017,27/04/2017,Incident maritime,,,,,,,,,,,,Aucun incident maritime,,
28/04/2017,28/04/2017,Incident maritime,,,,,,,,,,,,Aucun incident maritime,,
29/04/2017,29/04/2017,Incident maritime,,,,,,,,,,,,Aucun incident maritime,,
30/04/2017,30/04/2017,Incident maritime,,,,,,,,,,,,Aucun incident maritime,,
01/05/2017,01/05/2017,Incident maritime,,,,,,,,,,,,Aucun incident maritime,,
02/05/2017,02/05/2017,Incident maritime,,,,,,,,,,,,Aucun incident maritime,,
03/05/2017,03/05/2017,Incident maritime,,,,,,,,,,,,Aucun incident maritime,,
04/05/2017,04/05/2017,Incident maritime,,,,,,,,,,,,Aucun incident maritime,,
05/05/2017,05/05/2017,Incident maritime,,,,,,,,,,,,Aucun incident maritime,,
06/05/2017,06/05/2017,Incident maritime,,,,,,,,,,,,Aucun incident maritime,,
07/05/2017,07/05/2017,Incident maritime,,,,,,,,,,,,Aucun incident maritime,,
08/05/2017,08/05/2017,Incident maritime,,,,,,,,,,,,Aucun incident maritime,,
09/05/2017,,Incidents Maritimes ,,MADAGASCAR,,,,,49.86958,-15.966218,,,,"Le bateau à moteur FIDELYS, avec à son bord des marchandises et 24 passagers, a coulé à l’entrée de Maroantsetra ; 20 personnes ont été secourues et emmenées à l’hôpital pour contrôle, tandis que 4 autres ont disparu,",,2017-05-09
10/05/2017,10/05/2017,Incident maritime,,,,,,,,,,,,Aucun incident maritime,,
11/05/2017,11/05/2017,Incident maritime,,,,,,,,,,,,Aucun incident maritime,,
12/05/2017,12/05/2017,Incident maritime,,,,,,,,,,,,Aucun incident maritime,,
13/05/2017,13/05/2017,Incident maritime,,,,,,,,,,,,Aucun incident maritime,,
14/05/2017,14/05/2017,Incident maritime,,,,,,,,,,,,Aucun incident maritime,,
15/05/2017,15/05/2017,Incident maritime,,,,,,,,,,,,Aucun incident maritime,,
16/05/2017,16/05/2017,Incident maritime,,,,,,,,,,,,Aucun incident maritime,,
17/05/2017,17/05/2017,Incident maritime,,,,,,,,,,,,Aucun incident maritime,,
18/05/2017,18/05/2017,Incident maritime,,,,,,,,,,,,Aucun incident maritime,,
19/05/2017,19/05/2017,Incident maritime,,,,,,,,,,,,Aucun incident maritime,,
20/05/2017,20/05/2017,Incident maritime,,,,,,,,,,,,Aucun incident maritime,,
21/05/2017,21/05/2017,Incident maritime,,,,,,,,,,,,Aucun incident maritime,,
22/05/2017,22/05/2017,Incident maritime,,,,,,,,,,,,Aucun incident maritime,,
23/05/2017,23/05/2017,Incident maritime,,,,,,,,,,,,Aucun incident maritime,,
24/05/2017,24/05/2017,Incident maritime,,,,,,,,,,,,Aucun incident maritime,,
25/05/2017,25/05/2017,Incident maritime,,,,,,,,,,,,Aucun incident maritime,,
26/05/2017,26/05/2017,Incident maritime,,,,,,,,,,,,Aucun incident maritime,,
27/05/2017,27/05/2017,Incident maritime,,,,,,,,,,,,Aucun incident maritime,,
28/05/2017,28/05/2017,Incident maritime,,,,,,,,,,,,Aucun incident maritime,,
29/05/2017,29/05/2017,Incident maritime,,,,,,,,,,,,Aucun incident maritime,,
30/05/2017,30/05/2017,Incident maritime,,,,,,,,,,,,Aucun incident maritime,,
31/05/2017,31/05/2017,Incident maritime,,,,,,,,,,,,Aucun incident maritime,,
01/06/2017,01/06/2017,Incident maritime,,,,,,,,,,,,Aucun incident maritime,,
02/06/2017,02/06/2017,Incident maritime,,,,,,,,,,,,Aucun incident maritime,,
03/06/2017,03/06/2017,Incident maritime,,,,,,,,,,,,Aucun incident maritime,,
04/06/2017,04/06/2017,Incident maritime,,,,,,,,,,,,Aucun incident maritime,,
05/06/2017,05/06/2017,Incident maritime,,,,,,,,,,,,Aucun incident maritime,,
06/06/2017,06/06/2017,Incident maritime,,,,,,,,,,,,Aucun incident maritime,,
07/06/2017,07/06/2017,Incident maritime,,,,,,,,,,,,Aucun incident maritime,,
08/06/2017,08/06/2017,Incident maritime,,,,,,,,,,,,Aucun incident maritime,,
09/06/2017,09/06/2017,Incident maritime,,,,,,,,,,,,Aucun incident maritime,,
10/06/2017,10/06/2017,Incident maritime,,,,,,,,,,,,Aucun incident maritime,,
11/06/2017,11/06/2017,Incident maritime,,,,,,,,,,,,Aucun incident maritime,,
12/06/2017,12/06/2017,Incident maritime,,,,,,,,,,,,Aucun incident maritime,,
13/06/2017,13/06/2017,Incident maritime,,,,,,,,,,,,Aucun incident maritime,,
14/06/2017,14/06/2017,Incident maritime,,,,,,,,,,,,Aucun incident maritime,,
15/06/2017,15/06/2017,Incident maritime,,,,,,,,,,,,Aucun incident maritime,,
16/06/2017,16/06/2017,Incident maritime,,,,,,,,,,,,Aucun incident maritime,,
17/06/2017,17/06/2017,Incident maritime,,,,,,,,,,,,Aucun incident maritime,,
18/06/2017,18/06/2017,Incident maritime,,,,,,,,,,,,Aucun incident maritime,,
19/06/2017,19/06/2017,Incident maritime,,,,,,,,,,,,Aucun incident maritime,,
20/06/2017,20/06/2017,Incident maritime,,,,,,,,,,,,Aucun incident maritime,,
21/06/2017,21/06/2017,Incident maritime,,,,,,,,,,,,Aucun incident maritime,,
22/06/2017,22/06/2017,Incident maritime,,,,,,,,,,,,Aucun incident maritime,,
23/06/2017,23/06/2017,Incident maritime,,,,,,,,,,,,Aucun incident maritime,,
24/06/2017,24/06/2017,Incident maritime,,,,,,,,,,,,Aucun incident maritime,,
25/06/2017,25/06/2017,Incident maritime,,,,,,,,,,,,Aucun incident maritime,,
26/06/2017,26/06/2017,Incident maritime,,,,,,,,,,,,Aucun incident maritime,,
27/06/2017,27/06/2017,Incident maritime,,,,,,,,,,,,Aucun incident maritime,,
28/06/2017,28/06/2017,Incident maritime,,,,,,,,,,,,Aucun incident maritime,,
29/06/2017,29/06/2017,Incident maritime,,,,,,,,,,,,Aucun incident maritime,,
30/06/2017,30/06/2017,Incident maritime,,,,,,,,,,,,Aucun incident maritime,,
01/07/2017,01/07/2017,Incident maritime,,,,,,,,,,,,Aucun incident maritime,,
02/07/2017,02/07/2017,Incident maritime,,,,,,,,,,,,Aucun incident maritime,,
03/07/2017,03/07/2017,Incident maritime,,,,,,,,,,,,Aucun incident maritime,,
04/07/2017,04/07/2017,Incident maritime,,,,,,,,,,,,Aucun incident maritime,,
05/07/2017,05/07/2017,Incident maritime,,,,,,,,,,,,Aucun incident maritime,,
06/07/2017,06/07/2017,Incident maritime,,,,,,,,,,,,Aucun incident maritime,,
07/07/2017,07/07/2017,Incident maritime,,,,,,,,,,,,Aucun incident maritime,,
08/07/2017,08/07/2017,Incident maritime,,,,,,,,,,,,Aucun incident maritime,,
09/07/2017,,Incidents Maritimes ,,OCEAN INDIEN,,,,,59.665862,13.417318,,,,"Un navire grec ""AEGEAN ANGEL"" a  demandé de l'aide pour un marin grec blessé, qui a été transféré à bord d’une frégate turque par un hélicoptère Le marin grec a ensuite été transféré au port de Salalah à Oman pour recevoir une intervention médicale supplémentaire,",,2017-07-09
10/07/2017,10/07/2017,Incident maritime,,,,,,,,,,,,Aucun incident maritime,,
11/07/2017,,Incidents Maritimes ,,MADAGASCAR,,,,,49.502451,-17.514099,,,,"Le MS ATLANTIS II, avec 9 équipages à bord et 89T de marchandises, s’est échoué sur la côte de Mahambo, Fénérive-Est. Lors de son passage à Foulpointe, il a embarqué de l’eau à cause de la mauvaise météo l’obligeant ainsi à changer de route vers Mahambo. Toutes les marchandises ont été perdues en mer. Aucun mort ni blessé n’a été à déplorer.",,2017-07-11
12/07/2017,12/07/2017,Incident maritime,,,,,,,,,,,,Aucun incident maritime,,
13/07/2017,13/07/2017,Incident maritime,,,,,,,,,,,,Aucun incident maritime,,
14/07/2017,14/07/2017,Incident maritime,,,,,,,,,,,,Aucun incident maritime,,
15/07/2017,15/07/2017,Incident maritime,,,,,,,,,,,,Aucun incident maritime,,
16/07/2017,16/07/2017,Incident maritime,,,,,,,,,,,,Aucun incident maritime,,
17/07/2017,17/07/2017,Incident maritime,,,,,,,,,,,,Aucun incident maritime,,
18/07/2017,18/07/2017,Incident maritime,,,,,,,,,,,,Aucun incident maritime,,
19/07/2017,19/07/2017,Incident maritime,,,,,,,,,,,,Aucun incident maritime,,
20/07/2017,20/07/2017,Incident maritime,,,,,,,,,,,,Aucun incident maritime,,
21/07/2017,21/07/2017,Incident maritime,,,,,,,,,,,,Aucun incident maritime,,
22/07/2017,22/07/2017,Incident maritime,,,,,,,,,,,,Aucun incident maritime,,
23/07/2017,23/07/2017,Incident maritime,,,,,,,,,,,,Aucun incident maritime,,
24/07/2017,24/07/2017,Incident maritime,,,,,,,,,,,,Aucun incident maritime,,
25/07/2017,,Incidents Maritimes ,,OCEAN INDIEN,,,,,45.816666,-29.383333,,,assistance médicale,"A la position 29°23.00 S / 045°49.00 E, un membre d’équipage du navire de pêche « HSIN MING SHEN N°28 » a alerté le CROSS RU pour indiquer que le capitaine du navire (59 ans) était sérieusement malade à bord:  ",,2017-07-25
26/07/2017,26/07/2017,Incident maritime,,,,,,,,,,,,Aucun incident maritime,,
27/07/2017,27/07/2017,Incident maritime,,,,,,,,,,,,Aucun incident maritime,,
28/07/2017,28/07/2017,Incident maritime,,,,,,,,,,,,Aucun incident maritime,,
29/07/2017,,Incidents Maritimes ,,MADAGSCAR,,,,,45.695134,-14.77237,,,incendie,"Le MV Babou Salama, un bateau battant pavillon comorien, qui effectue des liaisons commerciales entre le Nord-Est de la Madgascar et l’archipel des Comores, s’est embrasé en pleine traversée.",,2017-07-29
30/07/2017,30/07/2017,Incident maritime,,,,,,,,,,,,Aucun incident maritime,,
31/07/2017,31/07/2017,Incident maritime,,,,,,,,,,,,Aucun incident maritime,,
01/08/2017,01/08/2017,Incident maritime,,,,,,,,,,,,Aucun incident maritime,,
02/08/2017,02/08/2017,Incident maritime,,,,,,,,,,,,Aucun incident maritime,,
03/08/2017,03/08/2017,Incident maritime,,,,,,,,,,,,Aucun incident maritime,,
04/08/2017,,Incidents Maritimes,,MADAGASCAR,,,,,50.028404,-13.357719,,,naufrage,"Un bateau dénommé « Zandry kely », partant d’Ambolibozy vers Vohémar s’est cassé à proximité de Vohémar avec 40 passagers à bord, suite à une surcharge.",,2017-08-04
05/08/2017,05/08/2017,Incident maritime,,,,,,,,,,,,Aucun incident maritime,,
06/08/2017,,Incidents Maritimes ,,MADAGASCAR,,,,,46.31118,-15.655496,,,pollution d'hydrocarbure,Le satellite de l’EMSA (CLEANSEANET) a détecté 3 petites pollutions hydrocarbures en ZEE malgache ,,2017-08-06
06/08/2017,,Incidents Maritimes ,,MADAGASCAR,,,,,48.185439,-13.43336,,,pollution d'hydrocarbure,Le satellite de l’EMSA (CLEANSEANET) a détecté 3 petites pollutions hydrocarbures en ZEE malgache ,,2017-08-06
07/08/2017,,Incidents Maritimes,,OCEAN INDIEN,,,,,32.213449,-28.847401,,,naufrage,"Le palangrier de thon HSIANG FUH 6 (Pavillon Taiwan)  a coulé à environ 350 nm à l'Est de Richards Bay, en Afrique du Sud.",,2017-08-07
08/08/2017,08/08/2017,Incident maritime,,,,,,,,,,,,Aucun incident maritime,,
09/08/2017,09/08/2017,Incident maritime,,,,,,,,,,,,Aucun incident maritime,,
10/08/2017,,Incidents Maritimes ,,MADAGASCAR/MAURICE,,,,,49.017762,-19.313423,,,,Une embarcation mauricienne a dérivé pendant des jours jusqu’aux côtes de Madagascar et a atteint Vatomandry (côte est malgache). Ils ont été secourus par des villageois et dirigés vers la gendarmerie. ,,2017-08-10
11/08/2017,,Incidents Maritimes ,,MADAGASCAR,,,,,49.321113,-12.241541,,,,L’opération de remorquage au profit du MT WIGMORE a finalement réussi après 3 semaines de tentatives conduites par les remorqueurs LANPAN 23 et VB MAHAVEL. Le MT WIGMORE est maintenant en sécurité dans la baie d’Antsiranana. Il poursuit sa réparation du moteur principal et de son gouvernail.,,2017-08-11
12/08/2017,12/08/2017,Incident maritime,,,,,,,,,,,,Aucun incident maritime,,
13/08/2017,13/08/2017,Incident maritime,,,,,,,,,,,,Aucun incident maritime,,
14/08/2017,14/08/2017,Incident maritime,,,,,,,,,,,,Aucun incident maritime,,
15/08/2017,15/08/2017,Incident maritime,,,,,,,,,,,,Aucun incident maritime,,
16/08/2017,16/08/2017,Incident maritime,,,,,,,,,,,,Aucun incident maritime,,
17/08/2017,17/08/2017,Incident maritime,,,,,,,,,,,,Aucun incident maritime,,
18/08/2017,18/08/2017,Incident maritime,,,,,,,,,,,,Aucun incident maritime,,
19/08/2017,19/08/2017,Incident maritime,,,,,,,,,,,,Aucun incident maritime,,
20/08/2017,20/08/2017,Incident maritime,,,,,,,,,,,,Aucun incident maritime,,
21/08/2017,21/08/2017,Incident maritime,,,,,,,,,,,,Aucun incident maritime,,
22/08/2017,22/08/2017,Incident maritime,,,,,,,,,,,,Aucun incident maritime,,
23/08/2017,23/08/2017,Incident maritime,,,,,,,,,,,,Aucun incident maritime,,
24/08/2017,24/08/2017,Incident maritime,,,,,,,,,,,,Aucun incident maritime,,
25/08/2017,25/08/2017,Incident maritime,,,,,,,,,,,,Aucun incident maritime,,
26/08/2017,26/08/2017,Incident maritime,,,,,,,,,,,,Aucun incident maritime,,
27/08/2017,27/08/2017,Incident maritime,,,,,,,,,,,,Aucun incident maritime,,
28/08/2017,28/08/2017,Incident maritime,,,,,,,,,,,,Aucun incident maritime,,
29/08/2017,29/08/2017,Incident maritime,,,,,,,,,,,,Aucun incident maritime,,
30/08/2017,30/08/2017,Incident maritime,,,,,,,,,,,,Aucun incident maritime,,
31/08/2017,31/08/2017,Incident maritime,,,,,,,,,,,,Aucun incident maritime,,
01/09/2017,01/09/2017,Incident maritime,,,,,,,,,,,,Aucun incident maritime,,
02/09/2017,02/09/2017,Incident maritime,,,,,,,,,,,,Aucun incident maritime,,
03/09/2017,03/09/2017,Incident maritime,,,,,,,,,,,,Aucun incident maritime,,
04/09/2017,04/09/2017,Incident maritime,,,,,,,,,,,,Aucun incident maritime,,
05/09/2017,05/09/2017,Incident maritime,,,,,,,,,,,,Aucun incident maritime,,
06/09/2017,06/09/2017,Incident maritime,,,,,,,,,,,,Aucun incident maritime,,
07/09/2017,07/09/2017,Incident maritime,,,,,,,,,,,,Aucun incident maritime,,
08/09/2017,08/09/2017,Incident maritime,,,,,,,,,,,,Aucun incident maritime,,
09/09/2017,09/09/2017,Incident maritime,,,,,,,,,,,,Aucun incident maritime,,
10/09/2017,10/09/2017,Incident maritime,,,,,,,,,,,,Aucun incident maritime,,
11/09/2017,11/09/2017,Incident maritime,,,,,,,,,,,,Aucun incident maritime,,
12/09/2017,12/09/2017,Incident maritime,,,,,,,,,,,,Aucun incident maritime,,
13/09/2017,,Incidents Maritimes ,,OCEAN INDIEN,,,,,37.486101,-28.78011,,,,"Le vraquier MV TINA (IMO 9215749)  a rencontré des problèmes de moteur le 3 septembre en Atlantique, et a réussi à poursuivre sa navigation jusqu’à l'Océan Indien en se déplaçant à faible vitesse, 10 jours après, il a été pris en remorque par« PACIFIC DILIGENCE » (OMI 9631395), jusqu’au port de Durban, ",,2017-09-13
14/09/2017,14/09/2017,Incident maritime,,,,,,,,,,,,Aucun incident maritime,,
15/09/2017,15/09/2017,Incident maritime,,,,,,,,,,,,Aucun incident maritime,,
16/09/2017,16/09/2017,Incident maritime,,,,,,,,,,,,Aucun incident maritime,,
17/09/2017,17/09/2017,Incident maritime,,,,,,,,,,,,Aucun incident maritime,,
18/09/2017,18/09/2017,Incident maritime,,,,,,,,,,,,Aucun incident maritime,,
19/09/2017,19/09/2017,Incident maritime,,,,,,,,,,,,Aucun incident maritime,,
20/09/2017,20/09/2017,Incident maritime,,,,,,,,,,,,Aucun incident maritime,,
21/09/2017,,Incidents Maritimes ,,MAYOTTE/MADAGASCAR,,,,,46.230973,-13.600933,,,,"Durant la journée du 21 septembre, 6 nappes hydrocarbures distinctes ont été détectées par le satellite européen CLEANSEANET entre Mayotte et le Nord-Ouest de Madagascar en 6 points différents, Ces pollutions pourraient être imputées à 3 navires se situant à proximité (Chimiquier, 'Melati 6', vraquier ‘Elgiznur Cebi’ et Porte-conteneurs 'Frisia Hannover')",,2017-09-21
22/09/2017,22/09/2017,Incident maritime,,,,,,,,,,,,Aucun incident maritime,,
23/09/2017,23/09/2017,Incident maritime,,,,,,,,,,,,Aucun incident maritime,,
24/09/2017,,Incidents Maritimes ,,OCEAN INDIEN ,,,,,41.15,-16.616666,,,,"Le navire cargo M/V AT 40, pavillon Belize, a dérivé dans la zone Nord-Ouest au large de Juan de Nova depuis le 24 Septembre 2017, à cause d’une avarie de propulsion,  ",,2017-09-24
25/09/2017,25/09/2017,Incident maritime,,,,,,,,,,,,Aucun incident maritime,,
26/09/2017,26/09/2017,Incident maritime,,,,,,,,,,,,Aucun incident maritime,,
27/09/2017,27/09/2017,Incident maritime,,,,,,,,,,,,Aucun incident maritime,,
28/09/2017,,Incidents Maritimes ,,MADAGASCAR,,,,,46.487103,-13.328309,,,,"Dans la journée du 28 septembre, 3 nappes hydrocarbures distinctes ont été détectées par le satellite européen CLEANSEANET entre Mayotte et le Nord-Ouest de Madagascar en 6 points différents, Ces pollutions pourraient être imputées à 2 navires se situant à proximité (Vraquier, 'Angel 2', vraquier ‘Harm’)",,2017-09-28
29/09/2017,29/09/2017,Incident maritime,,,,,,,,,,,,Aucun incident maritime,,
30/09/2017,30/09/2017,Incident maritime,,,,,,,,,,,,Aucun incident maritime,,
01/10/2017,01/10/2017,Incident maritime,,,,,,,,,,,,Aucun incident maritime,,
02/10/2017,,Incidents maritimes,,Katsepy Mahajanga/ Madagascar,,,,,46.279045,-15.746659,,,chavirement,chavirement d'une embarcation : mort d'un touriste français 10 Fév,,2017-10-02
03/10/2017,03/10/2017,Incident maritime,,,,,,,,,,,,Aucun incident maritime,,
04/10/2017,04/10/2017,Incident maritime,,,,,,,,,,,,Aucun incident maritime,,
05/10/2017,05/10/2017,Incident maritime,,,,,,,,,,,,Aucun incident maritime,,
06/10/2017,06/10/2017,Incident maritime,,,,,,,,,,,,Aucun incident maritime,,
07/10/2017,07/10/2017,Incident maritime,,,,,,,,,,,,Aucun incident maritime,,
08/10/2017,08/10/2017,Incident maritime,,,,,,,,,,,,Aucun incident maritime,,
09/10/2017,09/10/2017,Incident maritime,,,,,,,,,,,,Aucun incident maritime,,
10/10/2017,10/10/2017,Incident maritime,,,,,,,,,,,,Aucun incident maritime,,
11/10/2017,11/10/2017,Incident maritime,,,,,,,,,,,,Aucun incident maritime,,
12/10/2017,12/10/2017,Incident maritime,,,,,,,,,,,,Aucun incident maritime,,
13/10/2017,,Incidents Maritimes ,,MADAGASCAR,,,,,49.460531,-10.215093,,,,"Le navire pétrolier et chimiquier WIGMORE, pavillon des îles Marshall, n’a pas réussi à pénétrer dans la Baie de Diégo, à cause d’une avarie de gouvernail et de mauvais temps. Pour des raisons de sécurité, il a dû s’écarter de la côte et s’est trouvé à 108 Nm au large du Cap d’Ambre. Le 21 Octobre, le remorqueur LANPAN 23 basé à Antsiranana a été dépêché sur zone pour conduire une opération de remorquage d’urgence du pétrolier vers la baie de Diégo ",,2017-10-13
14/10/2017,14/10/2017,Incident maritime,,,,,,,,,,,,Aucun incident maritime,,
15/10/2017,15/10/2017,Incident maritime,,,,,,,,,,,,Aucun incident maritime,,
16/10/2017,16/10/2017,Incident maritime,,,,,,,,,,,,Aucun incident maritime,,
17/10/2017,17/10/2017,Incident maritime,,,,,,,,,,,,Aucun incident maritime,,
18/10/2017,18/10/2017,Incident maritime,,,,,,,,,,,,Aucun incident maritime,,
19/10/2017,19/10/2017,Incident maritime,,,,,,,,,,,,Aucun incident maritime,,
20/10/2017,20/10/2017,Incident maritime,,,,,,,,,,,,Aucun incident maritime,,
21/10/2017,21/10/2017,Incident maritime,,,,,,,,,,,,Aucun incident maritime,,
22/10/2017,22/10/2017,Incident maritime,,,,,,,,,,,,Aucun incident maritime,,
23/10/2017,23/10/2017,Incident maritime,,,,,,,,,,,,Aucun incident maritime,,
24/10/2017,24/10/2017,Incident maritime,,,,,,,,,,,,Aucun incident maritime,,
25/10/2017,25/10/2017,Incident maritime,,,,,,,,,,,,Aucun incident maritime,,
26/10/2017,26/10/2017,Incident maritime,,,,,,,,,,,,Aucun incident maritime,,
27/10/2017,27/10/2017,Incident maritime,,,,,,,,,,,,Aucun incident maritime,,
28/10/2017,28/10/2017,Incident maritime,,,,,,,,,,,,Aucun incident maritime,,
29/10/2017,29/10/2017,Incident maritime,,,,,,,,,,,,Aucun incident maritime,,
30/10/2017,,Incidents Maritimes ,,MADAGASCAR,,,,,46.711778,-15.107306,,,,"Une pollution mineure au Nord-Ouest de Madagascar a été reportée dans la nuit du 30 0ctobre à 03h20Z, à la position 15° 01' S / 046° 44' E dans l’azimuth 313 de la POINTE AMBARATA à 15.8 nq. Caractéristiques de la pollution :longueur:14.31nq ;largeur:0.37nq ; superficie: 5.32nq² ; le vent vient du 120 pour 6 nds.",,2017-10-30
31/10/2017,31/10/2017,Incident maritime,,,,,,,,,,,,Aucun incident maritime,,
01/11/2017,01/11/2017,Incident maritime,,,,,,,,,,,,Aucun incident maritime,,
02/11/2017,,Incidents maritimes,,Ambodiatafana Madagascar,,,,,49.467173,-18.167217,,,noyade,noyade d'un jeune étudiant 11 Fév,,2017-11-02
03/11/2017,03/11/2017,Incident maritime,,,,,,,,,,,,Aucun incident maritime,,
04/11/2017,04/11/2017,Incident maritime,,,,,,,,,,,,Aucun incident maritime,,
05/11/2017,05/11/2017,Incident maritime,,,,,,,,,,,,Aucun incident maritime,,
06/11/2017,06/11/2017,Incident maritime,,,,,,,,,,,,Aucun incident maritime,,
07/11/2017,07/11/2017,Incident maritime,,,,,,,,,,,,Aucun incident maritime,,
08/11/2017,08/11/2017,Incident maritime,,,,,,,,,,,,Aucun incident maritime,,
09/11/2017,09/11/2017,Incident maritime,,,,,,,,,,,,Aucun incident maritime,,
10/11/2017,10/11/2017,Incident maritime,,,,,,,,,,,,Aucun incident maritime,,
11/11/2017,,Incidents Maritimes ,,MADAGASCAR,,,,,49.42089,-18.150514,,,,Le MS AGNIRIBE s’est échoué à l’entrée de la rade de Toamasina à cause d’une avarie moteur vers 01h du matin. Il a été assisté par le remorqueur VOLAZARA (IMO: 9209738) ; l’opération de déséchouage a permis au navire de reprendre sa route.,,2017-11-11
12/11/2017,12/11/2017,Incident maritime,,,,,,,,,,,,Aucun incident maritime,,
13/11/2017,13/11/2017,Incident maritime,,,,,,,,,,,,Aucun incident maritime,,
14/11/2017,14/11/2017,Incident maritime,,,,,,,,,,,,Aucun incident maritime,,
15/11/2017,15/11/2017,Incident maritime,,,,,,,,,,,,Aucun incident maritime,,
16/11/2017,,Incidents Maritimes ,,CANAL DE MOZAMBIQUE,,,,,40.665188,-19.585904,,,,"Un yacht sud-africain, le KINDA MAGIC a connu des difficultés et a coulé peu de temps après avoir été secouru. Les 4 occupants du yacht - tous sud-africains - ont été secourus par un tanker de passage, le MT MERSINI, après qu'ils aient abandonné le yacht. ",,2017-11-16
17/11/2017,17/11/2017,Incident maritime,,,,,,,,,,,,Aucun incident maritime,,
18/11/2017,18/11/2017,Incident maritime,,,,,,,,,,,,Aucun incident maritime,,
19/11/2017,19/11/2017,Incident maritime,,,,,,,,,,,,Aucun incident maritime,,
20/11/2017,20/11/2017,Incident maritime,,,,,,,,,,,,Aucun incident maritime,,
21/11/2017,21/11/2017,Incident maritime,,,,,,,,,,,,Aucun incident maritime,,
22/11/2017,22/11/2017,Incident maritime,,,,,,,,,,,,Aucun incident maritime,,
23/11/2017,23/11/2017,Incident maritime,,,,,,,,,,,,Aucun incident maritime,,
24/11/2017,24/11/2017,Incident maritime,,,,,,,,,,,,Aucun incident maritime,,
25/11/2017,25/11/2017,Incident maritime,,,,,,,,,,,,Aucun incident maritime,,
26/11/2017,26/11/2017,Incident maritime,,,,,,,,,,,,Aucun incident maritime,,
27/11/2017,,Incidents Maritimes ,,MADAGASCAR,,,,,48.885201,-19.93376,,,,"Un canot, avec 11 personnes et beaucoup de marchandises diverses à bord, qui partait de Mahanoro pour rejoindre Ambavasahavato, a coulé à Sohihy, dans la commune de Masomeloka, suite à un problème technique survenu en pleine mer. 6 des passagers ont perdu la vie, 2 sont toujours portés disparus, 3 ont survécu et sont en sécurité.",,2017-11-27
28/11/2017,28/11/2017,Incident maritime,,,,,,,,,,,,Aucun incident maritime,,
29/11/2017,29/11/2017,Incident maritime,,,,,,,,,,,,Aucun incident maritime,,
30/11/2017,30/11/2017,Incident maritime,,,,,,,,,,,,Aucun incident maritime,,
01/12/2017,01/12/2017,Incident maritime,,,,,,,,,,,,Aucun incident maritime,,
02/12/2017,02/12/2017,Incident maritime,,,,,,,,,,,,Aucun incident maritime,,
03/12/2017,03/12/2017,Incident maritime,,,,,,,,,,,,Aucun incident maritime,,
04/12/2017,04/12/2017,Incident maritime,,,,,,,,,,,,Aucun incident maritime,,
05/12/2017,05/12/2017,Incident maritime,,,,,,,,,,,,Aucun incident maritime,,
06/12/2017,06/12/2017,Incident maritime,,,,,,,,,,,,Aucun incident maritime,,
07/12/2017,07/12/2017,Incident maritime,,,,,,,,,,,,Aucun incident maritime,,
08/12/2017,,Incidents Maritimes ,,MADAGASCAR,,,,,45.934955,-15.719766,,,pollution  marine,"Des possibles traces de pollutions marines ont été détectées par le satellite de CleanSeaNet au large de Nosy Makamby, au Nord-Ouest de Madagascar.",,2017-12-08
09/12/2017,09/12/2017,Incident maritime,,,,,,,,,,,,Aucun incident maritime,,
10/12/2017,10/12/2017,Incident maritime,,,,,,,,,,,,Aucun incident maritime,,
11/12/2017,11/12/2017,Incident maritime,,,,,,,,,,,,Aucun incident maritime,,
12/12/2017,12/12/2017,Incident maritime,,,,,,,,,,,,Aucun incident maritime,,
13/12/2017,,Incidents Maritimes ,,CANAL DU MOZAMBIQUE ,,,,,41.999991,-16.066675,,,,"À la position 16°04S 042°E, le BW EAGLE (IMO 970807, pavillon Singapour), a demandé une assistance médicale pour un membre d'équipage qui s’est coupé les doigts. La victime est dans un état stable.",,2017-12-13
14/12/2017,14/12/2017,Incident maritime,,,,,,,,,,,,Aucun incident maritime,,
15/12/2017,15/12/2017,Incident maritime,,,,,,,,,,,,Aucun incident maritime,,
16/12/2017,16/12/2017,Incident maritime,,,,,,,,,,,,Aucun incident maritime,,
17/12/2017,17/12/2017,Incident maritime,,,,,,,,,,,,Aucun incident maritime,,
18/12/2017,18/12/2017,Incident maritime,,,,,,,,,,,,Aucun incident maritime,,
19/12/2017,19/12/2017,Incident maritime,,,,,,,,,,,,Aucun incident maritime,,
20/12/2017,20/12/2017,Incident maritime,,,,,,,,,,,,Aucun incident maritime,,
21/12/2017,21/12/2017,Incident maritime,,,,,,,,,,,,Aucun incident maritime,,
22/12/2017,22/12/2017,Incident maritime,,,,,,,,,,,,Aucun incident maritime,,
23/12/2017,23/12/2017,Incident maritime,,,,,,,,,,,,Aucun incident maritime,,
24/12/2017,24/12/2017,Incident maritime,,,,,,,,,,,,Aucun incident maritime,,
25/12/2017,,Incidents Maritimes ,,MADAGASCAR,,,,,46.251548,-15.76635,,,,"Le bateau denommé FANANTENANA, qui a transporté un total de 13 personnes et des marchandises, partait de Mahajanga pour rejoindre Tambohorano. Non loin de Katsepy, à la suite d’un problème technique, le navire s’est heurté à un rocher et l'eau a commencé à entrer. Tous les passagers ont pu être sauvés mais toutes les marchandises ont été emportées par la mer.",,2017-12-25
26/12/2017,26/12/2017,Incident maritime,,,,,,,,,,,,Aucun incident maritime,,
27/12/2017,,Incidents Maritimes ,,MADAGASCAR,,,,,50.01169,-16.338567,,,,"Le bateau MS ATLANTIS, qui transporte régulièrement des marchandises sur l’axe Toamasina-Maroantsetra, a rencontré un problème technique : le gouvernail s’est détaché et est tombé à la mer, empêchant le navire d’être manœuvré. Après plusieurs heures de dérive en mer, le bateau en détresse a été repéré à 20 nautiques (37 kilomètres) au Sud-Est de Mananara et a pu être remorqué au port de Sainte-Marie. Il n'y a eu aucune perte de vie et les 6 marins à bord sont en sécurité.",,2017-12-27
28/12/2017,28/12/2017,Incident maritime,,,,,,,,,,,,Aucun incident maritime,,
29/12/2017,29/12/2017,Incident maritime,,,,,,,,,,,,Aucun incident maritime,,
30/12/2017,30/12/2017,Incident maritime,,,,,,,,,,,,Aucun incident maritime,,
31/12/2017,31/12/2017,Incident maritime,,,,,,,,,,,,Aucun incident maritime,,
01/01/2018,01/01/2018,Incident maritime,,,,,,,,,,,,Aucun incident maritime,,
02/01/2018,02/01/2018,Incident maritime,,,,,,,,,,,,Aucun incident maritime,,
03/01/2018,03/01/2018,Incident maritime,,,,,,,,,,,,Aucun incident maritime,,
04/01/2018,04/01/2018,Incident maritime,,,,,,,,,,,,Aucun incident maritime,,
05/01/2018,05/01/2018,Incident maritime,,,,,,,,,,,,Aucun incident maritime,,
06/01/2018,06/01/2018,Incident maritime,,,,,,,,,,,,Aucun incident maritime,,
07/01/2018,07/01/2018,Incident maritime,,,,,,,,,,,,Aucun incident maritime,,
08/01/2018,08/01/2018,Incident maritime,,,,,,,,,,,,Aucun incident maritime,,
09/01/2018,09/01/2018,Incident maritime,,,,,,,,,,,,Aucun incident maritime,,
10/01/2018,10/01/2018,Incident maritime,,,,,,,,,,,,Aucun incident maritime,,
11/01/2018,11/01/2018,Incident maritime,,,,,,,,,,,,Aucun incident maritime,,
12/01/2018,12/01/2018,Incident maritime,,,,,,,,,,,,Aucun incident maritime,,
13/01/2018,13/01/2018,Incident maritime,,,,,,,,,,,,Aucun incident maritime,,
14/01/2018,14/01/2018,Incident maritime,,,,,,,,,,,,Aucun incident maritime,,
15/01/2018,15/01/2018,Incident maritime,,,,,,,,,,,,Aucun incident maritime,,
16/01/2018,16/01/2018,Incident maritime,,,,,,,,,,,,Aucun incident maritime,,
17/01/2018,17/01/2018,Incident maritime,,,,,,,,,,,,Aucun incident maritime,,
18/01/2018,18/01/2018,Incident maritime,,,,,,,,,,,,Aucun incident maritime,,
19/01/2018,19/01/2018,Incident maritime,,,,,,,,,,,,Aucun incident maritime,,
20/01/2018,20/01/2018,Incident maritime,,,,,,,,,,,,Aucun incident maritime,,
21/01/2018,21/01/2018,Incident maritime,,,,,,,,,,,,Aucun incident maritime,,
22/01/2018,22/01/2018,Incident maritime,,,,,,,,,,,,Aucun incident maritime,,
23/01/2018,23/01/2018,Incident maritime,,,,,,,,,,,,Aucun incident maritime,,
24/01/2018,24/01/2018,Incident maritime,,,,,,,,,,,,Aucun incident maritime,,
25/01/2018,25/01/2018,Incident maritime,,,,,,,,,,,,Aucun incident maritime,,
26/01/2018,26/01/2018,Incident maritime,,,,,,,,,,,,Aucun incident maritime,,
27/01/2018,27/01/2018,Incident maritime,,,,,,,,,,,,Aucun incident maritime,,
28/01/2018,28/01/2018,Incident maritime,,,,,,,,,,,,Aucun incident maritime,,
29/01/2018,29/01/2018,Incident maritime,,,,,,,,,,,,Aucun incident maritime,,
30/01/2018,30/01/2018,Incident maritime,,,,,,,,,,,,Aucun incident maritime,,
31/01/2018,31/01/2018,Incident maritime,,,,,,,,,,,,Aucun incident maritime,,
01/02/2018,01/02/2018,Incident maritime,,,,,,,,,,,,Aucun incident maritime,,
02/02/2018,02/02/2018,Incident maritime,,,,,,,,,,,,Aucun incident maritime,,
03/02/2018,03/02/2018,Incident maritime,,,,,,,,,,,,Aucun incident maritime,,
04/02/2018,04/02/2018,Incident maritime,,,,,,,,,,,,Aucun incident maritime,,
05/02/2018,05/02/2018,Incident maritime,,,,,,,,,,,,Aucun incident maritime,,
06/02/2018,06/02/2018,Incident maritime,,,,,,,,,,,,Aucun incident maritime,,
07/02/2018,07/02/2018,Incident maritime,,,,,,,,,,,,Aucun incident maritime,,
08/02/2018,08/02/2018,Incident maritime,,,,,,,,,,,,Aucun incident maritime,,
09/02/2018,09/02/2018,Incident maritime,,,,,,,,,,,,Aucun incident maritime,,
10/02/2018,10/02/2018,Incident maritime,,,,,,,,,,,,Aucun incident maritime,,
11/02/2018,11/02/2018,Incident maritime,,,,,,,,,,,,Aucun incident maritime,,
12/02/2018,12/02/2018,Incident maritime,,,,,,,,,,,,Aucun incident maritime,,
13/02/2018,13/02/2018,Incident maritime,,,,,,,,,,,,Aucun incident maritime,,
14/02/2018,14/02/2018,Incident maritime,,,,,,,,,,,,Aucun incident maritime,,
15/02/2018,,Incidents Maritimes ,,MADAGASCAR,,,,,47.882059,-14.197934,,,,"L’équipe SAR de l’Agence Portuaire Maritime et Fluviale (APMF), à bord de la vedette AIDA, a organisé une opération d’assistance au boutre SAMY ÇA VA, en détresse, au nord d’Antsanitia, à Mahajanga. Le boutre transportait des rondins de bois, en provenance de Mariarano et avait un mât cassé avec des voiles déchirées en mer agitée et à la marée montante. Les 5 membres d’équipage ont pu être secourus. Leur boutre a été ensuite pris en remorque vers la plage du Grand Pavois à Mahajanga ",,2018-02-15
16/02/2018,16/02/2018,Incident maritime,,,,,,,,,,,,Aucun incident maritime,,
17/02/2018,17/02/2018,Incident maritime,,,,,,,,,,,,Aucun incident maritime,,
18/02/2018,18/02/2018,Incident maritime,,,,,,,,,,,,Aucun incident maritime,,
19/02/2018,19/02/2018,Incident maritime,,,,,,,,,,,,Aucun incident maritime,,
20/02/2018,20/02/2018,Incident maritime,,,,,,,,,,,,Aucun incident maritime,,
21/02/2018,21/02/2018,Incident maritime,,,,,,,,,,,,Aucun incident maritime,,
22/02/2018,22/02/2018,Incident maritime,,,,,,,,,,,,Aucun incident maritime,,
23/02/2018,23/02/2018,Incident maritime,,,,,,,,,,,,Aucun incident maritime,,
24/02/2018,24/02/2018,Incident maritime,,,,,,,,,,,,Aucun incident maritime,,
25/02/2018,25/02/2018,Incident maritime,,,,,,,,,,,,Aucun incident maritime,,
26/02/2018,26/02/2018,Incident maritime,,,,,,,,,,,,Aucun incident maritime,,
27/02/2018,27/02/2018,Incident maritime,,,,,,,,,,,,Aucun incident maritime,,
28/02/2018,28/02/2018,Incident maritime,,,,,,,,,,,,Aucun incident maritime,,
01/03/2018,01/03/2018,Incident maritime,,,,,,,,,,,,Aucun incident maritime,,
02/03/2018,02/03/2018,Incident maritime,,,,,,,,,,,,Aucun incident maritime,,
03/03/2018,03/03/2018,Incident maritime,,,,,,,,,,,,Aucun incident maritime,,
04/03/2018,04/03/2018,Incident maritime,,,,,,,,,,,,Aucun incident maritime,,
05/03/2018,05/03/2018,Incident maritime,,,,,,,,,,,,Aucun incident maritime,,
06/03/2018,06/03/2018,Incident maritime,,,,,,,,,,,,Aucun incident maritime,,
07/03/2018,07/03/2018,Incident maritime,,,,,,,,,,,,Aucun incident maritime,,
08/03/2018,08/03/2018,Incident maritime,,,,,,,,,,,,Aucun incident maritime,,
09/03/2018,09/03/2018,Incident maritime,,,,,,,,,,,,Aucun incident maritime,,
10/03/2018,10/03/2018,Incident maritime,,,,,,,,,,,,Aucun incident maritime,,
11/03/2018,11/03/2018,Incident maritime,,,,,,,,,,,,Aucun incident maritime,,
12/03/2018,12/03/2018,Incident maritime,,,,,,,,,,,,Aucun incident maritime,,
13/03/2018,13/03/2018,Incident maritime,,,,,,,,,,,,Aucun incident maritime,,
14/03/2018,14/03/2018,Incident maritime,,,,,,,,,,,,Aucun incident maritime,,
15/03/2018,15/03/2018,Incident maritime,,,,,,,,,,,,Aucun incident maritime,,
16/03/2018,16/03/2018,Incident maritime,,,,,,,,,,,,Aucun incident maritime,,
17/03/2018,17/03/2018,Incident maritime,,,,,,,,,,,,Aucun incident maritime,,
18/03/2018,18/03/2018,Incident maritime,,,,,,,,,,,,Aucun incident maritime,,
19/03/2018,19/03/2018,Incident maritime,,,,,,,,,,,,Aucun incident maritime,,
20/03/2018,20/03/2018,Incident maritime,,,,,,,,,,,,Aucun incident maritime,,
21/03/2018,21/03/2018,Incident maritime,,,,,,,,,,,,Aucun incident maritime,,
22/03/2018,22/03/2018,Incident maritime,,,,,,,,,,,,Aucun incident maritime,,
23/03/2018,23/03/2018,Incident maritime,,,,,,,,,,,,Aucun incident maritime,,
24/03/2018,24/03/2018,Incident maritime,,,,,,,,,,,,Aucun incident maritime,,
25/03/2018,25/03/2018,Incident maritime,,,,,,,,,,,,Aucun incident maritime,,
26/03/2018,26/03/2018,Incident maritime,,,,,,,,,,,,Aucun incident maritime,,
27/03/2018,,Incidents Maritimes ,,MADAGASCAR,,,,,48.41196,-13.354035,,,,"L’équipage de l’AKIO a été lancé à la recherche d’un ressortissant français, qui s’est aventuré, à bord de son kayak, dans la longue traversée entre Nosy Be et Nosy Faly, sans moyen de communication ni équipements pour une traversée maritime. Il a été retrouvé sur la plage de Nosy Be après des heures de recherche.  ",,2018-03-27
28/03/2018,28/03/2018,Incident maritime,,,,,,,,,,,,Aucun incident maritime,,
29/03/2018,29/03/2018,Incident maritime,,,,,,,,,,,,Aucun incident maritime,,
30/03/2018,30/03/2018,Incident maritime,,,,,,,,,,,,Aucun incident maritime,,
31/03/2018,31/03/2018,Incident maritime,,,,,,,,,,,,Aucun incident maritime,,
01/04/2018,01/04/2018,Incident maritime,,,,,,,,,,,,Aucun incident maritime,,
02/04/2018,02/04/2018,Incident maritime,,,,,,,,,,,,Aucun incident maritime,,
03/04/2018,03/04/2018,Incident maritime,,,,,,,,,,,,Aucun incident maritime,,
04/04/2018,04/04/2018,Incident maritime,,,,,,,,,,,,Aucun incident maritime,,
05/04/2018,05/04/2018,Incident maritime,,,,,,,,,,,,Aucun incident maritime,,
06/04/2018,06/04/2018,Incident maritime,,,,,,,,,,,,Aucun incident maritime,,
07/04/2018,07/04/2018,Incident maritime,,,,,,,,,,,,Aucun incident maritime,,
08/04/2018,08/04/2018,Incident maritime,,,,,,,,,,,,Aucun incident maritime,,
09/04/2018,09/04/2018,Incident maritime,,,,,,,,,,,,Aucun incident maritime,,
10/04/2018,10/04/2018,Incident maritime,,,,,,,,,,,,Aucun incident maritime,,
11/04/2018,11/04/2018,Incident maritime,,,,,,,,,,,,Aucun incident maritime,,
12/04/2018,12/04/2018,Incident maritime,,,,,,,,,,,,Aucun incident maritime,,
13/04/2018,13/04/2018,Incident maritime,,,,,,,,,,,,Aucun incident maritime,,
14/04/2018,14/04/2018,Incident maritime,,,,,,,,,,,,Aucun incident maritime,,
15/04/2018,15/04/2018,Incident maritime,,,,,,,,,,,,Aucun incident maritime,,
16/04/2018,16/04/2018,Incident maritime,,,,,,,,,,,,Aucun incident maritime,,
17/04/2018,17/04/2018,Incident maritime,,,,,,,,,,,,Aucun incident maritime,,
18/04/2018,18/04/2018,Incident maritime,,,,,,,,,,,,Aucun incident maritime,,
19/04/2018,19/04/2018,Incident maritime,,,,,,,,,,,,Aucun incident maritime,,
20/04/2018,20/04/2018,Incident maritime,,,,,,,,,,,,Aucun incident maritime,,
21/04/2018,21/04/2018,Incident maritime,,,,,,,,,,,,Aucun incident maritime,,
22/04/2018,22/04/2018,Incident maritime,,,,,,,,,,,,Aucun incident maritime,,
23/04/2018,23/04/2018,Incident maritime,,,,,,,,,,,,Aucun incident maritime,,
24/04/2018,24/04/2018,Incident maritime,,,,,,,,,,,,Aucun incident maritime,,
25/04/2018,25/04/2018,Incident maritime,,,,,,,,,,,,Aucun incident maritime,,
26/04/2018,26/04/2018,Incident maritime,,,,,,,,,,,,Aucun incident maritime,,
27/04/2018,27/04/2018,Incident maritime,,,,,,,,,,,,Aucun incident maritime,,
28/04/2018,28/04/2018,Incident maritime,,,,,,,,,,,,Aucun incident maritime,,
29/04/2018,29/04/2018,Incident maritime,,,,,,,,,,,,Aucun incident maritime,,
30/04/2018,30/04/2018,Incident maritime,,,,,,,,,,,,Aucun incident maritime,,
01/05/2018,01/05/2018,Incident maritime,,,,,,,,,,,,Aucun incident maritime,,
02/05/2018,02/05/2018,Incident maritime,,,,,,,,,,,,Aucun incident maritime,,
03/05/2018,03/05/2018,Incident maritime,,,,,,,,,,,,Aucun incident maritime,,
04/05/2018,04/05/2018,Incident maritime,,,,,,,,,,,,Aucun incident maritime,,
05/05/2018,05/05/2018,Incident maritime,,,,,,,,,,,,Aucun incident maritime,,
06/05/2018,06/05/2018,Incident maritime,,,,,,,,,,,,Aucun incident maritime,,
07/05/2018,07/05/2018,Incident maritime,,,,,,,,,,,,Aucun incident maritime,,
08/05/2018,08/05/2018,Incident maritime,,,,,,,,,,,,Aucun incident maritime,,
09/05/2018,09/05/2018,Incident maritime,,,,,,,,,,,,Aucun incident maritime,,
10/05/2018,10/05/2018,Incident maritime,,,,,,,,,,,,Aucun incident maritime,,
11/05/2018,11/05/2018,Incident maritime,,,,,,,,,,,,Aucun incident maritime,,
12/05/2018,12/05/2018,Incident maritime,,,,,,,,,,,,Aucun incident maritime,,
13/05/2018,13/05/2018,Incident maritime,,,,,,,,,,,,Aucun incident maritime,,
14/05/2018,14/05/2018,Incident maritime,,,,,,,,,,,,Aucun incident maritime,,
15/05/2018,,Incidents Maritimes ,,MADAGASCAR,,,,,49.768243,-16.15418,,,,"Le corps sans vie d’un capitaine de navire a été retrouvé dans la rivière de Mananara, à environ 1 km du port. Des traces de sang ont été découvertes sur le corps et une blessure profonde a été localisée au niveau de sa tête. D’après les blessures constatées, il aurait été tué avant d’être jeté par-dessus bord.  ",,2018-05-15
16/05/2018,16/05/2018,Incident maritime,,,,,,,,,,,,Aucun incident maritime,,
17/05/2018,17/05/2018,Incident maritime,,,,,,,,,,,,Aucun incident maritime,,
18/05/2018,18/05/2018,Incident maritime,,,,,,,,,,,,Aucun incident maritime,,
19/05/2018,,Incidents Maritimes ,,MADAGASCAR,,,,,46.10692,-15.496723,,,,"Une légère pollution d’hydrocarbure d’une surface de 0.38nm² a été détectée par CLEANSEANET, au large de Majunga, à la position 15°37' S  045°41' E, à 36 mn de la ZEE de Madagascar ",,2018-05-19
20/05/2018,20/05/2018,Incident maritime,,,,,,,,,,,,Aucun incident maritime,,
21/05/2018,21/05/2018,Incident maritime,,,,,,,,,,,,Aucun incident maritime,,
22/05/2018,22/05/2018,Incident maritime,,,,,,,,,,,,Aucun incident maritime,,
23/05/2018,23/05/2018,Incident maritime,,,,,,,,,,,,Aucun incident maritime,,
24/05/2018,24/05/2018,Incident maritime,,,,,,,,,,,,Aucun incident maritime,,
25/05/2018,25/05/2018,Incident maritime,,,,,,,,,,,,Aucun incident maritime,,
26/05/2018,26/05/2018,Incident maritime,,,,,,,,,,,,Aucun incident maritime,,
27/05/2018,27/05/2018,Incident maritime,,,,,,,,,,,,Aucun incident maritime,,
28/05/2018,28/05/2018,Incident maritime,,,,,,,,,,,,Aucun incident maritime,,
29/05/2018,29/05/2018,Incident maritime,,,,,,,,,,,,Aucun incident maritime,,
30/05/2018,30/05/2018,Incident maritime,,,,,,,,,,,,Aucun incident maritime,,
31/05/2018,31/05/2018,Incident maritime,,,,,,,,,,,,Aucun incident maritime,,
01/06/2018,01/06/2018,Incident maritime,,,,,,,,,,,,Aucun incident maritime,,
02/06/2018,02/06/2018,Incident maritime,,,,,,,,,,,,Aucun incident maritime,,
03/06/2018,03/06/2018,Incident maritime,,,,,,,,,,,,Aucun incident maritime,,
04/06/2018,,Incidents Maritimes ,,MADAGASCAR,,,,,44.236828,-16.664569,,,," Chargé de carburant destiné à la centrale thermique de la compagnie de l’électricité et de l’eau (JIRAMA) et de produits de première nécessité, un cargo baptisé  LA SAGESSE, a coulé à l’approche de Besalampy. Une dizaine de naufragés ont survécu.Au total, 8 000 litres de carburant, répartis dans 40 barils, ainsi que des produits de première nécessité, ont été engloutis sous les eaux. L’équipage a pu être évacué.",,2018-06-04
05/06/2018,05/06/2018,Incident maritime,,,,,,,,,,,,Aucun incident maritime,,
06/06/2018,06/06/2018,Incident maritime,,,,,,,,,,,,Aucun incident maritime,,
07/06/2018,07/06/2018,Incident maritime,,,,,,,,,,,,Aucun incident maritime,,
08/06/2018,08/06/2018,Incident maritime,,,,,,,,,,,,Aucun incident maritime,,
09/06/2018,,Incidents Maritimes ,,MADAGASCAR,,,,,50.2826,-14.900575,,,,"A la position 14°54’S/050°16’E, vers 14 heures, un chaland chargé des marchandises tracté par un remorquer dénommé PAPRIKA a sombré à l’entrée du port d’Antalaha, Des caisses de bières ont coulé, Aucune perte en vie humaine n’est à déplorer, ",,2018-06-09
10/06/2018,10/06/2018,Incident maritime,,,,,,,,,,,,Aucun incident maritime,,
11/06/2018,11/06/2018,Incident maritime,,,,,,,,,,,,Aucun incident maritime,,
12/06/2018,12/06/2018,Incident maritime,,,,,,,,,,,,Aucun incident maritime,,
13/06/2018,13/06/2018,Incident maritime,,,,,,,,,,,,Aucun incident maritime,,
14/06/2018,14/06/2018,Incident maritime,,,,,,,,,,,,Aucun incident maritime,,
15/06/2018,15/06/2018,Incident maritime,,,,,,,,,,,,Aucun incident maritime,,
16/06/2018,16/06/2018,Incident maritime,,,,,,,,,,,,Aucun incident maritime,,
17/06/2018,17/06/2018,Incident maritime,,,,,,,,,,,,Aucun incident maritime,,
18/06/2018,,Incidents Maritimes ,,MADAGASCAR,,,,,50.311009,-20.710113,,,,"Le vraquier LADY Z, battant pavillon Panama, IMO 9465784, a signalé la présence d’un malade à bord, à la position 20°42.00 S 050°19.00 E (SRR malgache). Le navire était en route depuis Rio (Brésil) vers Singapour. Le lendemain, le malade, un matelot de nationalité Ukrainienne, a été annoncé mort et le navire a fait route vers La Réunion pour débarquer son corps. ",,2018-06-18
19/06/2018,19/06/2018,Incident maritime,,,,,,,,,,,,Aucun incident maritime,,
20/06/2018,20/06/2018,Incident maritime,,,,,,,,,,,,Aucun incident maritime,,
21/06/2018,21/06/2018,Incident maritime,,,,,,,,,,,,Aucun incident maritime,,
22/06/2018,22/06/2018,Incident maritime,,,,,,,,,,,,Aucun incident maritime,,
23/06/2018,23/06/2018,Incident maritime,,,,,,,,,,,,Aucun incident maritime,,
24/06/2018,24/06/2018,Incident maritime,,,,,,,,,,,,Aucun incident maritime,,
25/06/2018,25/06/2018,Incident maritime,,,,,,,,,,,,Aucun incident maritime,,
26/06/2018,26/06/2018,Incident maritime,,,,,,,,,,,,Aucun incident maritime,,
27/06/2018,27/06/2018,Incident maritime,,,,,,,,,,,,Aucun incident maritime,,
28/06/2018,28/06/2018,Incident maritime,,,,,,,,,,,,Aucun incident maritime,,
29/06/2018,29/06/2018,Incident maritime,,,,,,,,,,,,Aucun incident maritime,,
30/06/2018,30/06/2018,Incident maritime,,,,,,,,,,,,Aucun incident maritime,,
01/07/2018,01/07/2018,Incident maritime,,,,,,,,,,,,Aucun incident maritime,,
02/07/2018,02/07/2018,Incident maritime,,,,,,,,,,,,Aucun incident maritime,,
03/07/2018,03/07/2018,Incident maritime,,,,,,,,,,,,Aucun incident maritime,,
04/07/2018,04/07/2018,Incident maritime,,,,,,,,,,,,Aucun incident maritime,,
05/07/2018,05/07/2018,Incident maritime,,,,,,,,,,,,Aucun incident maritime,,
06/07/2018,06/07/2018,Incident maritime,,,,,,,,,,,,Aucun incident maritime,,
07/07/2018,07/07/2018,Incident maritime,,,,,,,,,,,,Aucun incident maritime,,
08/07/2018,08/07/2018,Incident maritime,,,,,,,,,,,,Aucun incident maritime,,
09/07/2018,09/07/2018,Incident maritime,,,,,,,,,,,,Aucun incident maritime,,
10/07/2018,10/07/2018,Incident maritime,,,,,,,,,,,,Aucun incident maritime,,
11/07/2018,11/07/2018,Incident maritime,,,,,,,,,,,,Aucun incident maritime,,
12/07/2018,12/07/2018,Incident maritime,,,,,,,,,,,,Aucun incident maritime,,
13/07/2018,13/07/2018,Incident maritime,,,,,,,,,,,,Aucun incident maritime,,
14/07/2018,14/07/2018,Incident maritime,,,,,,,,,,,,Aucun incident maritime,,
15/07/2018,15/07/2018,Incident maritime,,,,,,,,,,,,Aucun incident maritime,,
16/07/2018,16/07/2018,Incident maritime,,,,,,,,,,,,Aucun incident maritime,,
17/07/2018,17/07/2018,Incident maritime,,,,,,,,,,,,Aucun incident maritime,,
18/07/2018,18/07/2018,Incident maritime,,,,,,,,,,,,Aucun incident maritime,,
19/07/2018,19/07/2018,Incident maritime,,,,,,,,,,,,Aucun incident maritime,,
20/07/2018,20/07/2018,Incident maritime,,,,,,,,,,,,Aucun incident maritime,,
21/07/2018,21/07/2018,Incident maritime,,,,,,,,,,,,Aucun incident maritime,,
22/07/2018,22/07/2018,Incident maritime,,,,,,,,,,,,Aucun incident maritime,,
23/07/2018,23/07/2018,Incident maritime,,,,,,,,,,,,Aucun incident maritime,,
24/07/2018,,Incidents Maritimes ,,MADAGASCAR,,,,,51.620566,-19.904801,,,,"A 05h00LOC, le CROSS a informé l’armement Enez qu’un marin de ses marins de nationalité malgache avait perdu connaissance, alors que LE GRAND MORNE était en route en direction de La Réunion, avec des conditions de vent et de mer difficiles, pour rejoindre une zone accessible par hélicoptère. Malheureusement, l’état du marin a empiré et le décès a été constaté en début d’après-midi, des suites d'une forte fièvre. ",,2018-07-24
25/07/2018,25/07/2018,Incident maritime,,,,,,,,,,,,Aucun incident maritime,,
26/07/2018,26/07/2018,Incident maritime,,,,,,,,,,,,Aucun incident maritime,,
27/07/2018,27/07/2018,Incident maritime,,,,,,,,,,,,Aucun incident maritime,,
28/07/2018,28/07/2018,Incident maritime,,,,,,,,,,,,Aucun incident maritime,,
29/07/2018,29/07/2018,Incident maritime,,,,,,,,,,,,Aucun incident maritime,,
30/07/2018,30/07/2018,Incident maritime,,,,,,,,,,,,Aucun incident maritime,,
31/07/2018,31/07/2018,Incident maritime,,,,,,,,,,,,Aucun incident maritime,,
01/08/2018,01/08/2018,Incident maritime,,,,,,,,,,,,Aucun incident maritime,,
02/08/2018,02/08/2018,Incident maritime,,,,,,,,,,,,Aucun incident maritime,,
03/08/2018,,Incidents Maritimes ,,MADAGASCAR,,,,,43.155788,-14.549915,,,,"2 déversements d'hydrocarbures possibles ont été observés par le Satellite de l’EMSA à 16h07 UTC, dans la ZEE de Madagascar, avec une possible dérive vers la ZEE des Comores, aux positions suivantes: 14°32,82S-043°09,81E,14°01,70E-043°16,05E. Le MV ORIENT DEFENDER (OMI 9522881) présent sur la zone au moment du déversement, est le seul navire dont la cinématique pourrait coïncider avec le premier possible déversement localisé. ",,2018-08-03
04/08/2018,04/08/2018,Incident maritime,,,,,,,,,,,,Aucun incident maritime,,
05/08/2018,05/08/2018,Incident maritime,,,,,,,,,,,,Aucun incident maritime,,
06/08/2018,06/08/2018,Incident maritime,,,,,,,,,,,,Aucun incident maritime,,
07/08/2018,07/08/2018,Incident maritime,,,,,,,,,,,,Aucun incident maritime,,
08/08/2018,08/08/2018,Incident maritime,,,,,,,,,,,,Aucun incident maritime,,
09/08/2018,09/08/2018,Incident maritime,,,,,,,,,,,,Aucun incident maritime,,
10/08/2018,10/08/2018,Incident maritime,,,,,,,,,,,,Aucun incident maritime,,
11/08/2018,,Incidents Maritimes ,,MADAGASCAR,,,,,45.349926,-16.000989,,,,"L’APMF a reçu un appel de détresse du voilier LIBERTE, (indicatif d'appel AIS : WDI2058, pavillon américain), ancré dans la baie de Soalala (16°00S 45°21E). Le voilier a 2 personnes à son bord, et demande de l’aide pour l'une d’elles qui est très malade et qui nécessite des soins médicaux immédiats. L'ambassade des États-Unis a coordonné les activités avec les professionnels de la santé à Mahajanga et le bateau de sauvetage de l'APMF.   ",,2018-08-11
12/08/2018,12/08/2018,Incident maritime,,,,,,,,,,,,Aucun incident maritime,,
13/08/2018,13/08/2018,Incident maritime,,,,,,,,,,,,Aucun incident maritime,,
14/08/2018,14/08/2018,Incident maritime,,,,,,,,,,,,Aucun incident maritime,,
15/08/2018,15/08/2018,Incident maritime,,,,,,,,,,,,Aucun incident maritime,,
16/08/2018,16/08/2018,Incident maritime,,,,,,,,,,,,Aucun incident maritime,,
17/08/2018,17/08/2018,Incident maritime,,,,,,,,,,,,Aucun incident maritime,,
18/08/2018,18/08/2018,Incident maritime,,,,,,,,,,,,Aucun incident maritime,,
19/08/2018,19/08/2018,Incident maritime,,,,,,,,,,,,Aucun incident maritime,,
20/08/2018,20/08/2018,Incident maritime,,,,,,,,,,,,Aucun incident maritime,,
21/08/2018,21/08/2018,Incident maritime,,,,,,,,,,,,Aucun incident maritime,,
22/08/2018,22/08/2018,Incident maritime,,,,,,,,,,,,Aucun incident maritime,,
23/08/2018,23/08/2018,Incident maritime,,,,,,,,,,,,Aucun incident maritime,,
24/08/2018,24/08/2018,Incident maritime,,,,,,,,,,,,Aucun incident maritime,,
25/08/2018,25/08/2018,Incident maritime,,,,,,,,,,,,Aucun incident maritime,,
26/08/2018,26/08/2018,Incident maritime,,,,,,,,,,,,Aucun incident maritime,,
27/08/2018,27/08/2018,Incident maritime,,,,,,,,,,,,Aucun incident maritime,,
28/08/2018,28/08/2018,Incident maritime,,,,,,,,,,,,Aucun incident maritime,,
29/08/2018,29/08/2018,Incident maritime,,,,,,,,,,,,Aucun incident maritime,,
30/08/2018,30/08/2018,Incident maritime,,,,,,,,,,,,Aucun incident maritime,,
31/08/2018,,Incidents Maritimes ,,MADAGASCAR,,,,,49.833333,-16.816667,,,,"A la position 16°49S 49°50E, un boutre de nom inconnu, avec 20 personnes à bord, a chaviré : 5 personnes décédées, 15 rescapées. ",,2018-08-31
01/09/2018,01/09/2018,Incident maritime,,,,,,,,,,,,Aucun incident maritime,,
02/09/2018,02/09/2018,Incident maritime,,,,,,,,,,,,Aucun incident maritime,,
03/09/2018,03/09/2018,Incident maritime,,,,,,,,,,,,Aucun incident maritime,,
04/09/2018,04/09/2018,Incident maritime,,,,,,,,,,,,Aucun incident maritime,,
05/09/2018,05/09/2018,Incident maritime,,,,,,,,,,,,Aucun incident maritime,,
06/09/2018,06/09/2018,Incident maritime,,,,,,,,,,,,Aucun incident maritime,,
07/09/2018,,Incidents Maritimes ,,MADAGASCAR,,,,,49.728767,-15.516714,,,,"Un canot transportant 15 personnes a chaviré en mer, à cause du mauvais temps, entre Ambinanibe et Androngoza, dans le district de Maroantsetra. Une personne est portée disparue.  ",,2018-09-07
08/09/2018,08/09/2018,Incident maritime,,,,,,,,,,,,Aucun incident maritime,,
09/09/2018,09/09/2018,Incident maritime,,,,,,,,,,,,Aucun incident maritime,,
10/09/2018,10/09/2018,Incident maritime,,,,,,,,,,,,Aucun incident maritime,,
11/09/2018,11/09/2018,Incident maritime,,,,,,,,,,,,Aucun incident maritime,,
12/09/2018,,Incidents Maritimes ,,MADAGASCAR,,,,,49.43089,-18.14418,,,,"Le SEBAE 6, palangrier de la société Refrigepêche Est, s’est échoué sur le récif de Tamatave, à l’entrée du port. Lors d’une tentative de déséchouage de la coque, la structure du palangrier s’est disloquée. L’armateur s’est depuis engagé dans des opérations de nettoyage et désengagement de l’épave. Aucune pollution n’a été détectée lors de ces opérations. ",,2018-09-12
13/09/2018,,Incidents Maritimes ,, MADAGASCAR,,,,,42.462726,-19.209726,,,,"A 04h31Z, à la position 19° 12' S 042° 28' E - 186°, à 133nm JUAN DE NOVA, une pollution légère (1,81 nm de longueur - 0,74 nm de largeur - forme irrégulière - Etendue : 0,68 nm²) a été observée en ZEE malgache -, ",,2018-09-13
13/09/2018,,Incidents Maritimes ,,MADAGASCAR,,,,,48.763295,-13.003882,,,,"Vers 06 heures du matin, entre Amboanio et Nosy Mangeo, à la position 13° 0'12,96""S 48°45'47,84""E, district Ambilobe, une vedette sans nom, en partance pour Nosy Mitsio, avec 26 personnes à bord et beaucoup de marchandises, a coulé en raison d’une surcharge, 3 corps ont été retrouvés, 23 personnes ont pu être secourues, ",,2018-09-13
14/09/2018,14/09/2018,Incident maritime,,,,,,,,,,,,Aucun incident maritime,,
15/09/2018,15/09/2018,Incident maritime,,,,,,,,,,,,Aucun incident maritime,,
16/09/2018,16/09/2018,Incident maritime,,,,,,,,,,,,Aucun incident maritime,,
17/09/2018,17/09/2018,Incident maritime,,,,,,,,,,,,Aucun incident maritime,,
18/09/2018,18/09/2018,Incident maritime,,,,,,,,,,,,Aucun incident maritime,,
19/09/2018,19/09/2018,Incident maritime,,,,,,,,,,,,Aucun incident maritime,,
20/09/2018,20/09/2018,Incident maritime,,,,,,,,,,,,Aucun incident maritime,,
21/09/2018,21/09/2018,Incident maritime,,,,,,,,,,,,Aucun incident maritime,,
22/09/2018,22/09/2018,Incident maritime,,,,,,,,,,,,Aucun incident maritime,,
23/09/2018,23/09/2018,Incident maritime,,,,,,,,,,,,Aucun incident maritime,,
24/09/2018,24/09/2018,Incident maritime,,,,,,,,,,,,Aucun incident maritime,,
25/09/2018,25/09/2018,Incident maritime,,,,,,,,,,,,Aucun incident maritime,,
26/09/2018,26/09/2018,Incident maritime,,,,,,,,,,,,Aucun incident maritime,,
27/09/2018,27/09/2018,Incident maritime,,,,,,,,,,,,Aucun incident maritime,,
28/09/2018,28/09/2018,Incident maritime,,,,,,,,,,,,Aucun incident maritime,,
29/09/2018,29/09/2018,Incident maritime,,,,,,,,,,,,Aucun incident maritime,,
30/09/2018,30/09/2018,Incident maritime,,,,,,,,,,,,Aucun incident maritime,,
01/10/2018,,Incidents Maritimes ,,,,,,,25.166606,-34.522291,,,,"Un homme a chuté de son bateau de pêche MARYKE, au large d'Aasvogelspunt, à 30 mn au Sud-Est de St Francis Bay. Malgré une vaste opération de recherche aérienne, maritime et littorale, aucun signe du pêcheur disparu n'a été trouvé. ,,,, ",,2018-10-01
02/10/2018,02/10/2018,Incident maritime,,,,,,,,,,,,Aucun incident maritime,,
03/10/2018,03/10/2018,Incident maritime,,,,,,,,,,,,Aucun incident maritime,,
04/10/2018,04/10/2018,Incident maritime,,,,,,,,,,,,Aucun incident maritime,,
05/10/2018,,Incidents Maritimes ,,MADAGASCAR,,,,,49.54398,-17.702741,,,,"Du fait d’une mauvaise appréciation et du non suivi des règles de navigation, 2 caboteurs, de pavillon Malagasy, le STEFANO et le VOGUE, sont entrés en collision au large de Foulpointe. Le STEFANO, navire en bois en provenance de Toamasina, a coulé après collision avec le VOGUE, navire en acier qui venait de Vohémar. Aucune victime humaine n’est à déplorer, car tous les passagers du STEFANO ont pu être récupérés par l’équipage du VOGUE, mais le navire et toutes ses marchandises ont sombré.  ",,2018-10-05
06/10/2018,06/10/2018,Incident maritime,,,,,,,,,,,,Aucun incident maritime,,
07/10/2018,07/10/2018,Incident maritime,,,,,,,,,,,,Aucun incident maritime,,
08/10/2018,08/10/2018,Incident maritime,,,,,,,,,,,,Aucun incident maritime,,
09/10/2018,09/10/2018,Incident maritime,,,,,,,,,,,,Aucun incident maritime,,
10/10/2018,10/10/2018,Incident maritime,,,,,,,,,,,,Aucun incident maritime,,
11/10/2018,11/10/2018,Incident maritime,,,,,,,,,,,,Aucun incident maritime,,
12/10/2018,12/10/2018,Incident maritime,,,,,,,,,,,,Aucun incident maritime,,
13/10/2018,13/10/2018,Incident maritime,,,,,,,,,,,,Aucun incident maritime,,
14/10/2018,14/10/2018,Incident maritime,,,,,,,,,,,,Aucun incident maritime,,
15/10/2018,15/10/2018,Incident maritime,,,,,,,,,,,,Aucun incident maritime,,
16/10/2018,16/10/2018,Incident maritime,,,,,,,,,,,,Aucun incident maritime,,
17/10/2018,17/10/2018,Incident maritime,,,,,,,,,,,,Aucun incident maritime,,
18/10/2018,18/10/2018,Incident maritime,,,,,,,,,,,,Aucun incident maritime,,
19/10/2018,19/10/2018,Incident maritime,,,,,,,,,,,,Aucun incident maritime,,
20/10/2018,,Incidents Maritimes ,,MADAGASCAR,,,,,50.282541,-14.900761,,,,"Vers 13h00, le navire SIRENE (Immatriculation : DS08.019), avec 7 membres d'équipage et 5 passagers à bord, s'est échoué au port d'Antalaha, pendant la manœuvre de sortie du navire à destination d'Antsiranana. D'après le Capitaine du navire accidenté, le cordage de la manœuvre sur le navire SARAH IV à quai s'est lâché et le courant a emmené le navire vers le récif. Aucune victime n’est à déplorer.  ",,2018-10-20
21/10/2018,21/10/2018,Incident maritime,,,,,,,,,,,,Aucun incident maritime,,
22/10/2018,22/10/2018,Incident maritime,,,,,,,,,,,,Aucun incident maritime,,
23/10/2018,23/10/2018,Incident maritime,,,,,,,,,,,,Aucun incident maritime,,
24/10/2018,24/10/2018,Incident maritime,,,,,,,,,,,,Aucun incident maritime,,
25/10/2018,25/10/2018,Incident maritime,,,,,,,,,,,,Aucun incident maritime,,
26/10/2018,26/10/2018,Incident maritime,,,,,,,,,,,,Aucun incident maritime,,
27/10/2018,27/10/2018,Incident maritime,,,,,,,,,,,,Aucun incident maritime,,
28/10/2018,28/10/2018,Incident maritime,,,,,,,,,,,,Aucun incident maritime,,
29/10/2018,29/10/2018,Incident maritime,,,,,,,,,,,,Aucun incident maritime,,
30/10/2018,30/10/2018,Incident maritime,,,,,,,,,,,,Aucun incident maritime,,
31/10/2018,31/10/2018,Incident maritime,,,,,,,,,,,,Aucun incident maritime,,
01/11/2018,01/11/2018,Incident maritime,,,,,,,,,,,,Aucun incident maritime,,
02/11/2018,02/11/2018,Incident maritime,,,,,,,,,,,,Aucun incident maritime,,
03/11/2018,03/11/2018,Incident maritime,,,,,,,,,,,,Aucun incident maritime,,
04/11/2018,04/11/2018,Incident maritime,,,,,,,,,,,,Aucun incident maritime,,
05/11/2018,05/11/2018,Incident maritime,,,,,,,,,,,,Aucun incident maritime,,
06/11/2018,06/11/2018,Incident maritime,,,,,,,,,,,,Aucun incident maritime,,
07/11/2018,07/11/2018,Incident maritime,,,,,,,,,,,,Aucun incident maritime,,
08/11/2018,08/11/2018,Incident maritime,,,,,,,,,,,,Aucun incident maritime,,
09/11/2018,09/11/2018,Incident maritime,,,,,,,,,,,,Aucun incident maritime,,
10/11/2018,10/11/2018,Incident maritime,,,,,,,,,,,,Aucun incident maritime,,
11/11/2018,11/11/2018,Incident maritime,,,,,,,,,,,,Aucun incident maritime,,
12/11/2018,12/11/2018,Incident maritime,,,,,,,,,,,,Aucun incident maritime,,
13/11/2018,13/11/2018,Incident maritime,,,,,,,,,,,,Aucun incident maritime,,
14/11/2018,14/11/2018,Incident maritime,,,,,,,,,,,,Aucun incident maritime,,
15/11/2018,15/11/2018,Incident maritime,,,,,,,,,,,,Aucun incident maritime,,
16/11/2018,16/11/2018,Incident maritime,,,,,,,,,,,,Aucun incident maritime,,
17/11/2018,17/11/2018,Incident maritime,,,,,,,,,,,,Aucun incident maritime,,
18/11/2018,18/11/2018,Incident maritime,,,,,,,,,,,,Aucun incident maritime,,
19/11/2018,19/11/2018,Incident maritime,,,,,,,,,,,,Aucun incident maritime,,
20/11/2018,20/11/2018,Incident maritime,,,,,,,,,,,,Aucun incident maritime,,
21/11/2018,21/11/2018,Incident maritime,,,,,,,,,,,,Aucun incident maritime,,
22/11/2018,22/11/2018,Incident maritime,,,,,,,,,,,,Aucun incident maritime,,
23/11/2018,23/11/2018,Incident maritime,,,,,,,,,,,,Aucun incident maritime,,
24/11/2018,24/11/2018,Incident maritime,,,,,,,,,,,,Aucun incident maritime,,
25/11/2018,25/11/2018,Incident maritime,,,,,,,,,,,,Aucun incident maritime,,
26/11/2018,26/11/2018,Incident maritime,,,,,,,,,,,,Aucun incident maritime,,
27/11/2018,27/11/2018,Incident maritime,,,,,,,,,,,,Aucun incident maritime,,
28/11/2018,28/11/2018,Incident maritime,,,,,,,,,,,,Aucun incident maritime,,
29/11/2018,29/11/2018,Incident maritime,,,,,,,,,,,,Aucun incident maritime,,
30/11/2018,30/11/2018,Incident maritime,,,,,,,,,,,,Aucun incident maritime,,
01/12/2018,01/12/2018,Incident maritime,,,,,,,,,,,,Aucun incident maritime,,
02/12/2018,02/12/2018,Incident maritime,,,,,,,,,,,,Aucun incident maritime,,
03/12/2018,03/12/2018,Incident maritime,,,,,,,,,,,,Aucun incident maritime,,
04/12/2018,04/12/2018,Incident maritime,,,,,,,,,,,,Aucun incident maritime,,
05/12/2018,,Incidents Maritimes ,,MADAGASCAR,,,,,46.292193,-15.72966,,,,"Le navire de transport SIKA, pavillon comorien, a chaviré à quai au port de Mahajanga, juste avant son appareillage pour Moroni. Aucune perte en vie humaine n’a été recensée, de faibles quantités carburants et des huiles moteur se sont déversées; Un barrage antipollution a été mis en place afin d’isoler la pollution par l’organisme de lutte contre les pollutions (OLEP), avec l’aide du Détachement Marine de Mahajanga. Les opérations de relevage et de remise à flot du navire ont commencé, les carburants des soutes ont également été pompés. Le chavirement aurait pu être occasionné par le défaut de chargement, qui a engagé la stabilité du navire. ",,2018-12-05
06/12/2018,06/12/2018,Incident maritime,,,,,,,,,,,,Aucun incident maritime,,
07/12/2018,07/12/2018,Incident maritime,,,,,,,,,,,,Aucun incident maritime,,
08/12/2018,08/12/2018,Incident maritime,,,,,,,,,,,,Aucun incident maritime,,
09/12/2018,,Incidents Maritimes ,,MADAGASCAR,,,,,44.911528,-15.013982,,,,"Le navire de pêche PANNAGIA, en avarie moteur suite à un feu sur l'alternateur, était en dérive depuis le 11 septembre, à 50 mn des côtes de Mahajunga, A la suite d’une alerte transmise au CROSS Réunion par le PC AEM de Mayotte, le navire de pêche a pu être relocalisé et les 3 marins à bord ont pu être sauvés, en déroutant le MV VITA FUTURE, qui se trouvait aux alentours, Le FV PANNAGIA a été abandonné à la dérive, à la position 14°59S 044°55E à 21h07 UTC,  ",,2018-12-09
10/12/2018,10/12/2018,Incident maritime,,,,,,,,,,,,Aucun incident maritime,,
11/12/2018,11/12/2018,Incident maritime,,,,,,,,,,,,Aucun incident maritime,,
12/12/2018,12/12/2018,Incident maritime,,,,,,,,,,,,Aucun incident maritime,,
13/12/2018,13/12/2018,Incident maritime,,,,,,,,,,,,Aucun incident maritime,,
14/12/2018,14/12/2018,Incident maritime,,,,,,,,,,,,Aucun incident maritime,,
15/12/2018,15/12/2018,Incident maritime,,,,,,,,,,,,Aucun incident maritime,,
16/12/2018,16/12/2018,Incident maritime,,,,,,,,,,,,Aucun incident maritime,,
17/12/2018,17/12/2018,Incident maritime,,,,,,,,,,,,Aucun incident maritime,,
18/12/2018,18/12/2018,Incident maritime,,,,,,,,,,,,Aucun incident maritime,,
19/12/2018,19/12/2018,Incident maritime,,,,,,,,,,,,Aucun incident maritime,,
20/12/2018,20/12/2018,Incident maritime,,,,,,,,,,,,Aucun incident maritime,,
21/12/2018,21/12/2018,Incident maritime,,,,,,,,,,,,Aucun incident maritime,,
22/12/2018,22/12/2018,Incident maritime,,,,,,,,,,,,Aucun incident maritime,,
23/12/2018,23/12/2018,Incident maritime,,,,,,,,,,,,Aucun incident maritime,,
24/12/2018,24/12/2018,Incident maritime,,,,,,,,,,,,Aucun incident maritime,,
25/12/2018,25/12/2018,Incident maritime,,,,,,,,,,,,Aucun incident maritime,,
26/12/2018,26/12/2018,Incident maritime,,,,,,,,,,,,Aucun incident maritime,,
27/12/2018,27/12/2018,Incident maritime,,,,,,,,,,,,Aucun incident maritime,,
28/12/2018,28/12/2018,Incident maritime,,,,,,,,,,,,Aucun incident maritime,,
29/12/2018,29/12/2018,Incident maritime,,,,,,,,,,,,Aucun incident maritime,,
30/12/2018,30/12/2018,Incident maritime,,,,,,,,,,,,Aucun incident maritime,,
31/12/2018,31/12/2018,Incident maritime,,,,,,,,,,,,Aucun incident maritime,,
01/01/2019,01/01/2019,Incident maritime,,,,,,,,,,,,Aucun incident maritime,,
02/01/2019,02/01/2019,Incident maritime,,,,,,,,,,,,Aucun incident maritime,,
03/01/2019,03/01/2019,Incident maritime,,,,,,,,,,,,Aucun incident maritime,,
04/01/2019,04/01/2019,Incident maritime,,,,,,,,,,,,Aucun incident maritime,,
05/01/2019,05/01/2019,Incident maritime,,,,,,,,,,,,Aucun incident maritime,,
06/01/2019,06/01/2019,Incident maritime,,,,,,,,,,,,Aucun incident maritime,,
07/01/2019,07/01/2019,Incident maritime,,,,,,,,,,,,Aucun incident maritime,,
08/01/2019,,Incident maritime,Naufrage 'une coque en partance d'Ankify,NOSY BE,,,,,48.23812777777778,-13.4151,,,,"Le 1er Août 2019 vers 22h, une coque en provenance d’Ankify pour rallier Nosy be a été naufragé suite à un problème de voie d’eau avec 7 personnes à son bord. Tous ont été sauvés par une vedette denommée TOSCA. Les circonstances de l'accident ne sont pas encore determinées ni le nom de l'embarcation. Enquête en cours par la Brigade Nautique de Nosy Be.",,2019-01-08
09/01/2019,09/01/2019,Incident maritime,,,,,,,,,,,,Aucun incident maritime,,
10/01/2019,10/01/2019,Incident maritime,,,,,,,,,,,,Aucun incident maritime,,
11/01/2019,11/01/2019,Incident maritime,,,,,,,,,,,,Aucun incident maritime,,
12/01/2019,12/01/2019,Incident maritime,,,,,,,,,,,,Aucun incident maritime,,
13/01/2019,13/01/2019,Incident maritime,,,,,,,,,,,,Aucun incident maritime,,
14/01/2019,14/01/2019,Incident maritime,,,,,,,,,,,,Aucun incident maritime,,
15/01/2019,15/01/2019,Incident maritime,,,,,,,,,,,,Aucun incident maritime,,
16/01/2019,,Incident maritime,incendie d'un navire,Port Toamasina,,,,,49.425001,-18.156699,,,,"Le navire Mangabe a été victime d'un incendie à bord. 6 personnes, gravement brulées . 2  morts",,2019-01-16
17/01/2019,17/01/2019,Incident maritime,,,,,,,,,,,,Aucun incident maritime,,
18/01/2019,18/01/2019,Incident maritime,,,,,,,,,,,,Aucun incident maritime,,
19/01/2019,19/01/2019,Incident maritime,,,,,,,,,,,,Aucun incident maritime,,
20/01/2019,20/01/2019,Incident maritime,,,,,,,,,,,,Aucun incident maritime,,
21/01/2019,,Incident maritime,Naufrage,jardin d'amour /Mahajanga,,,,,46.315141,-15.696729,,,,incident à cause de mauvais temps- 3 pécheurs à bord secourus- pirogue non recuperée,,2019-01-21
22/01/2019,,Incident maritime,Echouage ,à l’entrée embouchure de Nosikely-Morondava,,,,,44.280774,-20.305419,,,,Incident survenu à cause de mauvais temps- tous passagers (07)ont été sains et saufs,,2019-01-22
23/01/2019,23/01/2019,Incident maritime,,,,,,,,,,,,Aucun incident maritime,,
24/01/2019,,Incident maritime,voiture tombée  dans l'ocean ,Ankify- Ambanja,,,,,48.353823,-13.535174,,,,Lors  de l'embarquement de cette voiture laquelle a glissé  à cause de defaillance des responsables,,2019-01-24
25/01/2019,25/01/2019,Incident maritime,,,,,,,,,,,,Aucun incident maritime,,
26/01/2019,26/01/2019,Incident maritime,,,,,,,,,,,,Aucun incident maritime,,
27/01/2019,27/01/2019,Incident maritime,,,,,,,,,,,,Aucun incident maritime,,
28/01/2019,28/01/2019,Incident maritime,,,,,,,,,,,,Aucun incident maritime,,
29/01/2019,29/01/2019,Incident maritime,,,,,,,,,,,,Aucun incident maritime,,
30/01/2019,30/01/2019,Incident maritime,,,,,,,,,,,,Aucun incident maritime,,
31/01/2019,31/01/2019,Incident maritime,,,,,,,,,,,,Aucun incident maritime,,
01/02/2019,01/02/2019,Incident maritime,,,,,,,,,,,,Aucun incident maritime,,
02/02/2019,02/02/2019,Incident maritime,,,,,,,,,,,,Aucun incident maritime,,
03/02/2019,03/02/2019,Incident maritime,,,,,,,,,,,,Aucun incident maritime,,
04/02/2019,04/02/2019,Incident maritime,,,,,,,,,,,,Aucun incident maritime,,
05/02/2019,05/02/2019,Incident maritime,,,,,,,,,,,,Aucun incident maritime,,
06/02/2019,06/02/2019,Incident maritime,,,,,,,,,,,,Aucun incident maritime,,
07/02/2019,07/02/2019,Incident maritime,,,,,,,,,,,,Aucun incident maritime,,
08/02/2019,,Incident maritime,Disparition de deux pêcheurs,ILE SAINTE MARIE,,,,,49.853497222222224,-16.941158333333334,,,,"Le 02 juillet 2019 vers 15H30, sur les côtes d’Analamboanio, deux pêcheurs dont chacun a sa propre pirogue fabriquée en bois, sans moteur pour prendre le large ont été disparus à cause de mauvais temps. Les nommés LALAHIMIARO, 52 ans et TSIAFINDRA Gilbert, 54 ans, tous demeurant à Analamboanio sont les victimes de cet accident et demeurent introuvables. L’APMF de cette localité a déjà alerté la population de ce quartier en vue de les retrouver. La gendarmerie est chargée de cette affaire.",,2019-02-08
09/02/2019,09/02/2019,Incident maritime,,,,,,,,,,,,Aucun incident maritime,,
10/02/2019,10/02/2019,Incident maritime,,,,,,,,,,,,Aucun incident maritime,,
11/02/2019,11/02/2019,Incident maritime,,,,,,,,,,,,Aucun incident maritime,,
12/02/2019,,Incident maritime,02 navires en situation de panne technique,VINANIVAO,,,,,50.31396944444444,-15.938213888888889,,,,"2 navires, au mouillage, ont été contrôlés entre Ifaho et Vinanivao, par les éléments de la compagnie de la GN d’Antalaha en patrouille. Il s’agit du navire MS EVANN 1, immatriculé : 16.004 ; et le navire MS HARDINA, immatriculé : MJ 71.014. Le premier navire est en provenance de Foulpointe pour rallier Ambodirafia avec, à son bord, huit (08) équipages et diverses marchandises. D’après son Commandant, le navire MS EVANN 1 est en panne moteur. Quant au navire MS HARDINA, il est en provenance de Foulpointe en direction de Ifaho avec six (06) équipages à bord et diverses marchandises. Durant ce contrôle, les éléments de la GN ont trouvé que le permis de navigation de ce deuxième navire a expiré le 07 Décembre 2019. Selon le Commandant, le bateau a une panne de gouvernail.
Compte tenu de ces informations fournies par les commandants de ces deux navires et afin d’éviter toute forme de tentation de transbordement illicite de Bois de rose dans cette endroit, le Commandant de la compagnie d’Antalaha a retiré les papiers des navires en question pendant qu’ils finissent leur réparation. Le navire HARDINA est déjà réparé et a quitté le lieu le 12 décembre 2019 vers 06H15 en direction de Toamasina. MS EVANN 1 est encore en cours de réparation.",,2019-02-12
13/02/2019,13/02/2019,Incident maritime,,,,,,,,,,,,Aucun incident maritime,,
14/02/2019,14/02/2019,Incident maritime,,,,,,,,,,,,Aucun incident maritime,,
15/02/2019,15/02/2019,Incident maritime,,,,,,,,,,,,Aucun incident maritime,,
16/02/2019,16/02/2019,Incident maritime,,,,,,,,,,,,Aucun incident maritime,,
17/02/2019,17/02/2019,Incident maritime,,,,,,,,,,,,Aucun incident maritime,,
18/02/2019,18/02/2019,Incident maritime,,,,,,,,,,,,Aucun incident maritime,,
19/02/2019,19/02/2019,Incident maritime,,,,,,,,,,,,Aucun incident maritime,,
20/02/2019,20/02/2019,Incident maritime,,,,,,,,,,,,Aucun incident maritime,,
21/02/2019,21/02/2019,Incident maritime,,,,,,,,,,,,Aucun incident maritime,,
22/02/2019,22/02/2019,Incident maritime,,,,,,,,,,,,Aucun incident maritime,,
23/02/2019,23/02/2019,Incident maritime,,,,,,,,,,,,Aucun incident maritime,,
24/02/2019,24/02/2019,Incident maritime,,,,,,,,,,,,Aucun incident maritime,,
25/02/2019,25/02/2019,Incident maritime,,,,,,,,,,,,Aucun incident maritime,,
26/02/2019,,Incident maritime,Noyade ,Morondava,,,,,44.290353,-20.285855,,,,"Le corps d’un étudiant a été retrouvé par des pécheurs dans la matinée du 26 février, deux jours après avoir été emporté par la mer. Ces pécheurs l’ont remonté et a informé le président de canton Nosy Kely qui a son tour a avisé la famille de la victime.",,2019-02-26
27/02/2019,27/02/2019,Incident maritime,,,,,,,,,,,,Aucun incident maritime,,
28/02/2019,,Incident maritime,Panne mécanique en mer,"Dans la ZEE, à l'Est de Madagascar",,,,,,,,,,"Le navire SEA WAVE III, ex Huascar, pavillon panama est en dérive dans la ZEE Madagascar depuis 28 Février 2019. Sa dernière position reçue est à 0730c avec latitude de 16°58.2’ et de longitude de 051°24.4",,2019-02-28
01/03/2019,01/03/2019,Incident maritime,,,,,,,,,,,,Aucun incident maritime,,
02/03/2019,02/03/2019,Incident maritime,,,,,,,,,,,,Aucun incident maritime,,
03/03/2019,03/03/2019,Incident maritime,,,,,,,,,,,,Aucun incident maritime,,
04/03/2019,04/03/2019,Incident maritime,,,,,,,,,,,,Aucun incident maritime,,
05/03/2019,05/03/2019,Incident maritime,,,,,,,,,,,,Aucun incident maritime,,
06/03/2019,06/03/2019,Incident maritime,,,,,,,,,,,,Aucun incident maritime,,
07/03/2019,07/03/2019,Incident maritime,,,,,,,,,,,,Aucun incident maritime,,
08/03/2019,08/03/2019,Incident maritime,,,,,,,,,,,,Aucun incident maritime,,
09/03/2019,09/03/2019,Incident maritime,,,,,,,,,,,,Aucun incident maritime,,
10/03/2019,10/03/2019,Incident maritime,,,,,,,,,,,,Aucun incident maritime,,
11/03/2019,11/03/2019,Incident maritime,,,,,,,,,,,,Aucun incident maritime,,
12/03/2019,,Incident maritime,Echouage du navire DAVINAH,MANANARA NORD,,,,,49.80359444444444,-16.169311111111114,,,,"Le 03 Décembre 2019 vers 04h 30 du matin, le caboteur en acier DAVINAH, appartenant à Monsieur RENAUD, en provenance d’Antalaha le 02 décembre 2019 à 6H00 en direction de Toamasina s’est échoué sur un récif corallien dans la réserve marine Ifaho au large du village Itanjona Fokontany Ifaho, entre les Communes Rurales Ampanavoana et Vinanivao. L’incident maritime est dû au désamorçage du moteur principal et la panne de la motopompe. Les réparations sont en cours sur place. Le navire embarquait à son bord 10 équipages, 09 passagers et 44 sacs de ciment. Vers la fin de l’après-midi du 04 décembre 2019 à 17h, le caboteur DAVID II en provenance d’Antalaha est arrivé sur le lieu de l’échouement pour évacuer les passagers du navire échoué. DAVID II a quitté le lieu d’échouement le 04 décembre 2019 vers 04h du matin pour rallier Toamasina et il est arrivé au port de Toamasina vers 22h du 04 Décembre 2019. Des équipes de sauvetage équipées de divers matériels vont quitter Toamasina le 06 décembre 2019 pour déséchouer le navire DAVINAH. ",,2019-03-12
13/03/2019,13/03/2019,Incident maritime,,,,,,,,,,,,Aucun incident maritime,,
14/03/2019,14/03/2019,Incident maritime,,,,,,,,,,,,Aucun incident maritime,,
15/03/2019,15/03/2019,Incident maritime,,,,,,,,,,,,Aucun incident maritime,,
16/03/2019,16/03/2019,Incident maritime,,,,,,,,,,,,Aucun incident maritime,,
17/03/2019,17/03/2019,Incident maritime,,,,,,,,,,,,Aucun incident maritime,,
18/03/2019,18/03/2019,Incident maritime,,,,,,,,,,,,Aucun incident maritime,,
19/03/2019,19/03/2019,Incident maritime,,,,,,,,,,,,Aucun incident maritime,,
20/03/2019,20/03/2019,Incident maritime,,,,,,,,,,,,Aucun incident maritime,,
21/03/2019,21/03/2019,Incident maritime,,,,,,,,,,,,Aucun incident maritime,,
22/03/2019,22/03/2019,Incident maritime,,,,,,,,,,,,Aucun incident maritime,,
23/03/2019,,Incident maritime,Noyade ,Majunga,,,,,46.315141,-15.696729,,,,"En l’espace d’une semaine, 5 personnes ont été victimes de noyade au
Village touristique de Majunga dont 2 restent introuvables et 2 autres ont pu être sauvées et
évacuées à l’hôpital Androva. La recherche menée par les sapeurs-pompiers continue. Cette partie
de Majunga, avec une mer d’un air calme, cache des fonds dangereux et la baignade devrait y être
règlementée par les autorités locales car ce n’est pas la première fois qu’elle fait des victimes.",,2019-03-23
24/03/2019,24/03/2019,Incident maritime,,,,,,,,,,,,Aucun incident maritime,,
25/03/2019,25/03/2019,Incident maritime,,,,,,,,,,,,Aucun incident maritime,,
26/03/2019,26/03/2019,Incident maritime,,,,,,,,,,,,Aucun incident maritime,,
27/03/2019,27/03/2019,Incident maritime,,,,,,,,,,,,Aucun incident maritime,,
28/03/2019,28/03/2019,Incident maritime,,,,,,,,,,,,Aucun incident maritime,,
29/03/2019,29/03/2019,Incident maritime,,,,,,,,,,,,Aucun incident maritime,,
30/03/2019,30/03/2019,Incident maritime,,,,,,,,,,,,Aucun incident maritime,,
31/03/2019,31/03/2019,Incident maritime,,,,,,,,,,,,Aucun incident maritime,,
01/04/2019,01/04/2019,Incident maritime,,,,,,,,,,,,Aucun incident maritime,,
02/04/2019,02/04/2019,Incident maritime,,,,,,,,,,,,Aucun incident maritime,,
03/04/2019,,Incident maritime,Noyade,Antsahabingo,,,,,46.315141,-15.696729,,,,"Le corps d’un jeune homme, noyé dans la mer d’Antsahabingo la veille, a été
retrouve ce jour. La recherche a duré toute la nuit.",,2019-04-03
04/04/2019,04/04/2019,Incident maritime,,,,,,,,,,,,Aucun incident maritime,,
05/04/2019,05/04/2019,Incident maritime,,,,,,,,,,,,Aucun incident maritime,,
06/04/2019,06/04/2019,Incident maritime,,,,,,,,,,,,Aucun incident maritime,,
07/04/2019,07/04/2019,Incident maritime,,,,,,,,,,,,Aucun incident maritime,,
08/04/2019,08/04/2019,Incident maritime,,,,,,,,,,,,Aucun incident maritime,,
09/04/2019,09/04/2019,Incident maritime,,,,,,,,,,,,Aucun incident maritime,,
10/04/2019,10/04/2019,Incident maritime,,,,,,,,,,,,Aucun incident maritime,,
11/04/2019,11/04/2019,Incident maritime,,,,,,,,,,,,Aucun incident maritime,,
12/04/2019,12/04/2019,Incident maritime,,,,,,,,,,,,Aucun incident maritime,,
13/04/2019,13/04/2019,Incident maritime,,,,,,,,,,,,Aucun incident maritime,,
14/04/2019,14/04/2019,Incident maritime,,,,,,,,,,,,Aucun incident maritime,,
15/04/2019,15/04/2019,Incident maritime,,,,,,,,,,,,Aucun incident maritime,,
16/04/2019,,Incident maritime,Naufrage,Androdana,,,,,47.724957,-14.672151,,,,"La CR d’Androdana, district d’Analalava, lors d’une intervention d’une
vedette rapide, quatre (04) personnes ont été sauvées d’une pirogue naufragée; selon la
gendarmerie d’Analalava. Une femme enceinte avec un enfant de sept mois n’ont pas pu être
trouvés. Le mauvais temps en est la cause. Toutefois, joint par téléphone le 23 avril, le CB a
confirmé que le corps de l’enfant a été trouvé le jour du naufrage vers 18 heures.",,2019-04-16
17/04/2019,17/04/2019,Incident maritime,,,,,,,,,,,,Aucun incident maritime,,
18/04/2019,18/04/2019,Incident maritime,,,,,,,,,,,,Aucun incident maritime,,
19/04/2019,19/04/2019,Incident maritime,,,,,,,,,,,,Aucun incident maritime,,
20/04/2019,20/04/2019,Incident maritime,,,,,,,,,,,,Aucun incident maritime,,
21/04/2019,21/04/2019,Incident maritime,,,,,,,,,,,,Aucun incident maritime,,
22/04/2019,22/04/2019,Incident maritime,,,,,,,,,,,,Aucun incident maritime,,
23/04/2019,,Incident maritime,Navire en difficulté,Au Sud de Madagascar,,,,,,,,,,"Dans le sud de Madagascar, le navire GOLD GEMINI (ex ANNIKA) a dû virer
de son trajectoire suite à une panne technique. Il est resté à la dérive, à 48,5 NM de l’île jusqu’au
28 avril 2019 pour réparation. Ensuite, il a repris son itinéraire le 29 avril 2019 vers 09h.",,2019-04-23
24/04/2019,24/04/2019,Incident maritime,,,,,,,,,,,,Aucun incident maritime,,
25/04/2019,25/04/2019,Incident maritime,,,,,,,,,,,,Aucun incident maritime,,
26/04/2019,26/04/2019,Incident maritime,,,,,,,,,,,,Aucun incident maritime,,
27/04/2019,27/04/2019,Incident maritime,,,,,,,,,,,,Aucun incident maritime,,
28/04/2019,28/04/2019,Incident maritime,,,,,,,,,,,,Aucun incident maritime,,
29/04/2019,,Incident maritime,Naufrage ,Antsohihy,,,,,47.954747,-14.827325,,,,"Dans le district d’Antsohihy, à Antafana-Ambodinadiro, une embarcation en bois,
transportant une quarantaine de personnes à bord, a fait 37 rescapés et 03 morts dont 02 repêchés
et 01 introuvable. La cause du naufrage a été une perforation de sa coque par un débris de bois.
Notons que cette embarcation assure des liaisons commerciales entre Analalava et Befotaka-Nord.
Le Poste fixe de la GN Befotaka est chargé de cette affaire et deux (02) membres d’équipage sont
en garde à vue. Vu la recrudescence des incidents maritimes, l’APMF devrait prendre des mesures
draconiennes surtout aux embarcations en bois pour qu’un tel cas ne se produise plus.",,2019-04-29
30/04/2019,30/04/2019,Incident maritime,,,,,,,,,,,,Aucun incident maritime,,
01/05/2019,01/05/2019,Incident maritime,,,,,,,,,,,,Aucun incident maritime,,
02/05/2019,02/05/2019,Incident maritime,,,,,,,,,,,,Aucun incident maritime,,
03/05/2019,03/05/2019,Incident maritime,,,,,,,,,,,,Aucun incident maritime,,
04/05/2019,04/05/2019,Incident maritime,,,,,,,,,,,,Aucun incident maritime,,
05/05/2019,05/05/2019,Incident maritime,,,,,,,,,,,,Aucun incident maritime,,
06/05/2019,06/05/2019,Incident maritime,,,,,,,,,,,,Aucun incident maritime,,
07/05/2019,07/05/2019,Incident maritime,,,,,,,,,,,,Aucun incident maritime,,
08/05/2019,08/05/2019,Incident maritime,,,,,,,,,,,,Aucun incident maritime,,
09/05/2019,09/05/2019,Incident maritime,,,,,,,,,,,,Aucun incident maritime,,
10/05/2019,10/05/2019,Incident maritime,,,,,,,,,,,,Aucun incident maritime,,
11/05/2019,11/05/2019,Incident maritime,,,,,,,,,,,,Aucun incident maritime,,
12/05/2019,12/05/2019,Incident maritime,,,,,,,,,,,,Aucun incident maritime,,
13/05/2019,13/05/2019,Incident maritime,,,,,,,,,,,,Aucun incident maritime,,
14/05/2019,14/05/2019,Incident maritime,,,,,,,,,,,,Aucun incident maritime,,
15/05/2019,,Incident maritime,Disparition équipement en mer,"A la Baie de Salary, à 90km au nord de Toliara",,,,,43.284766,-22.557028,,,,"Un australien consultant de WICS et des français, Fréderic Lucas et Bruno Camilloto, à bord d’une vedette type Diving, dénommée LE CORSAIR ont effectué un plongé  pour des études sous-marine. Au fond de l’océan, avec leurs appareils respectifs, ils n’ont pas pu rejoindre leur vedette suite au passage d’un courant sous-marin. Les éléments de la GN de Manombo et de Tsiandamba leurs portent de secours et leurs infrastructures sont disparus. ",,2019-05-15
16/05/2019,16/05/2019,Incident maritime,,,,,,,,,,,,Aucun incident maritime,,
17/05/2019,,Incident maritime,Disparution en mer ,"Du côté de la Cité Canada, Toamasina",,,,,49.395781,-18.14427,,,," Un garçon dénommé Brayan, collégien, âgé de 13 ans était englouti par la mer lors du sauvetage de son ami. Ce dernier a été sauvé tandis qu’il reste disparue au fond de la mer jusqu’à ce jour, malgré les recherches de la famille et les autorités locales.",,2019-05-17
18/05/2019,18/05/2019,Incident maritime,,,,,,,,,,,,Aucun incident maritime,,
19/05/2019,19/05/2019,Incident maritime,,,,,,,,,,,,Aucun incident maritime,,
20/05/2019,20/05/2019,Incident maritime,,,,,,,,,,,,Aucun incident maritime,,
21/05/2019,21/05/2019,Incident maritime,,,,,,,,,,,,Aucun incident maritime,,
22/05/2019,22/05/2019,Incident maritime,,,,,,,,,,,,Aucun incident maritime,,
23/05/2019,23/05/2019,Incident maritime,,,,,,,,,,,,Aucun incident maritime,,
24/05/2019,24/05/2019,Incident maritime,,,,,,,,,,,,Aucun incident maritime,,
25/05/2019,25/05/2019,Incident maritime,,,,,,,,,,,,Aucun incident maritime,,
26/05/2019,,Incident maritime,Chavirment ,Sainte Marie,,,,,49.905769,-16.8939,,,,"Au large de Sainte Marie, à cause de mauvais temps, un navire pêcheur s’est chaviré, et a fait deux victimes, tous des hommes. Les corps de ces victimes (JIMMY-40ans et FRANCK-30ans) ont été respectivement trouvés au bord d’Analaranjy, CU de Ste Marie le 27 mai 2019 et dans le quartier de Lamonoana, fokontany de Maromandia le 30 mai 2019. L’interdiction de prendre la mer a été prononcée à l’endroit des pêcheurs. ",,2019-05-26
27/05/2019,27/05/2019,Incident maritime,,,,,,,,,,,,Aucun incident maritime,,
28/05/2019,28/05/2019,Incident maritime,,,,,,,,,,,,Aucun incident maritime,,
29/05/2019,29/05/2019,Incident maritime,,,,,,,,,,,,Aucun incident maritime,,
30/05/2019,30/05/2019,Incident maritime,,,,,,,,,,,,Aucun incident maritime,,
31/05/2019,31/05/2019,Incident maritime,,,,,,,,,,,,Aucun incident maritime,,
01/06/2019,01/06/2019,Incident maritime,,,,,,,,,,,,Aucun incident maritime,,
02/06/2019,02/06/2019,Incident maritime,,,,,,,,,,,,Aucun incident maritime,,
03/06/2019,03/06/2019,Incident maritime,,,,,,,,,,,,Aucun incident maritime,,
04/06/2019,04/06/2019,Incident maritime,,,,,,,,,,,,Aucun incident maritime,,
05/06/2019,05/06/2019,Incident maritime,,,,,,,,,,,,Aucun incident maritime,,
06/06/2019,06/06/2019,Incident maritime,,,,,,,,,,,,Aucun incident maritime,,
07/06/2019,07/06/2019,Incident maritime,,,,,,,,,,,,Aucun incident maritime,,
08/06/2019,08/06/2019,Incident maritime,,,,,,,,,,,,Aucun incident maritime,,
09/06/2019,09/06/2019,Incident maritime,,,,,,,,,,,,Aucun incident maritime,,
10/06/2019,10/06/2019,Incident maritime,,,,,,,,,,,,Aucun incident maritime,,
11/06/2019,11/06/2019,Incident maritime,,,,,,,,,,,,Aucun incident maritime,,
12/06/2019,12/06/2019,Incident maritime,,,,,,,,,,,,Aucun incident maritime,,
13/06/2019,13/06/2019,Incident maritime,,,,,,,,,,,,Aucun incident maritime,,
14/06/2019,14/06/2019,Incident maritime,,,,,,,,,,,,Aucun incident maritime,,
15/06/2019,15/06/2019,Incident maritime,,,,,,,,,,,,Aucun incident maritime,,
16/06/2019,16/06/2019,Incident maritime,,,,,,,,,,,,Aucun incident maritime,,
17/06/2019,17/06/2019,Incident maritime,,,,,,,,,,,,Aucun incident maritime,,
18/06/2019,18/06/2019,Incident maritime,,,,,,,,,,,,Aucun incident maritime,,
19/06/2019,19/06/2019,Incident maritime,,,,,,,,,,,,Aucun incident maritime,,
20/06/2019,20/06/2019,Incident maritime,,,,,,,,,,,,Aucun incident maritime,,
21/06/2019,21/06/2019,Incident maritime,,,,,,,,,,,,Aucun incident maritime,,
22/06/2019,22/06/2019,Incident maritime,,,,,,,,,,,,Aucun incident maritime,,
23/06/2019,23/06/2019,Incident maritime,,,,,,,,,,,,Aucun incident maritime,,
24/06/2019,24/06/2019,Incident maritime,,,,,,,,,,,,Aucun incident maritime,,
25/06/2019,25/06/2019,Incident maritime,,,,,,,,,,,,Aucun incident maritime,,
26/06/2019,26/06/2019,Incident maritime,,,,,,,,,,,,Aucun incident maritime,,
27/06/2019,27/06/2019,Incident maritime,,,,,,,,,,,,Aucun incident maritime,,
28/06/2019,28/06/2019,Incident maritime,,,,,,,,,,,,Aucun incident maritime,,
29/06/2019,29/06/2019,Incident maritime,,,,,,,,,,,,Aucun incident maritime,,
30/06/2019,30/06/2019,Incident maritime,,,,,,,,,,,,Aucun incident maritime,,
01/07/2019,01/07/2019,Incident maritime,,,,,,,,,,,,Aucun incident maritime,,
02/07/2019,02/07/2019,Incident maritime,,,,,,,,,,,,Aucun incident maritime,,
03/07/2019,03/07/2019,Incident maritime,,,,,,,,,,,,Aucun incident maritime,,
04/07/2019,04/07/2019,Incident maritime,,,,,,,,,,,,Aucun incident maritime,,
05/07/2019,05/07/2019,Incident maritime,,,,,,,,,,,,Aucun incident maritime,,
06/07/2019,06/07/2019,Incident maritime,,,,,,,,,,,,Aucun incident maritime,,
07/07/2019,07/07/2019,Incident maritime,,,,,,,,,,,,Aucun incident maritime,,
08/07/2019,08/07/2019,Incident maritime,,,,,,,,,,,,Aucun incident maritime,,
09/07/2019,09/07/2019,Incident maritime,,,,,,,,,,,,Aucun incident maritime,,
10/07/2019,10/07/2019,Incident maritime,,,,,,,,,,,,Aucun incident maritime,,
11/07/2019,11/07/2019,Incident maritime,,,,,,,,,,,,Aucun incident maritime,,
12/07/2019,12/07/2019,Incident maritime,,,,,,,,,,,,Aucun incident maritime,,
13/07/2019,13/07/2019,Incident maritime,,,,,,,,,,,,Aucun incident maritime,,
14/07/2019,14/07/2019,Incident maritime,,,,,,,,,,,,Aucun incident maritime,,
15/07/2019,15/07/2019,Incident maritime,,,,,,,,,,,,Aucun incident maritime,,
16/07/2019,16/07/2019,Incident maritime,,,,,,,,,,,,Aucun incident maritime,,
17/07/2019,17/07/2019,Incident maritime,,,,,,,,,,,,Aucun incident maritime,,
18/07/2019,18/07/2019,Incident maritime,,,,,,,,,,,,Aucun incident maritime,,
19/07/2019,19/07/2019,Incident maritime,,,,,,,,,,,,Aucun incident maritime,,
20/07/2019,20/07/2019,Incident maritime,,,,,,,,,,,,Aucun incident maritime,,
21/07/2019,21/07/2019,Incident maritime,,,,,,,,,,,,Aucun incident maritime,,
22/07/2019,22/07/2019,Incident maritime,,,,,,,,,,,,Aucun incident maritime,,
23/07/2019,23/07/2019,Incident maritime,,,,,,,,,,,,Aucun incident maritime,,
24/07/2019,,Incident maritime,Naufrage du navire caboteur dénommé MS JIROW,SOANIERANA IVONGO,,,,,49.58774722222223,-16.938766666666666,,,,"Le 21 Juillet 2019 vers 02heures 30 minutes, un caboteur dénommé MS JIROW, appartenant à la dame JOSIANE demeurant à Ambinany Soanierana Ivongo, avec 07 passagers à bord, en partance pour Tanambe a fait naufrage dans l’embouchure de Soanierana lvongo, peu de temps après son départ. Alerté de cet incident, un responsable de la circulation maritime de cette circonscription d’Analanjirofo a instamment dépêché une seconde embarcation pour secourir les sept naufragés. Quatre d’entre eux ont été grièvement blessés, dont l’un a été évacué d’urgence à l’hôpital de Fenoarivo Antsiranana. Aucune perte de vie humaine, mais des dommages corporels et matériels considérables ont été relevés car toutes les marchandises à bord ont coulé avec l’embarcation. Les autorités de Soanierana Ivongo et les responsables de la police et de la gendarmerie se sont rendus sur les lieux de l’incident. Une enquête a été ouverte en vue d’éclaircir les circonstances. Selon les témoignages d’un passager, il y avait eu un choc avant que l’embarcation n’ait commencé à prendre l’eau. La surcharge serait à l’origine de ce désastre. Nom du Commandant du navire : M. GINOT demeurant Ambinany Soanierana Ivongo.",,2019-07-24
25/07/2019,25/07/2019,Incident maritime,,,,,,,,,,,,Aucun incident maritime,,
26/07/2019,26/07/2019,Incident maritime,,,,,,,,,,,,Aucun incident maritime,,
27/07/2019,27/07/2019,Incident maritime,,,,,,,,,,,,Aucun incident maritime,,
28/07/2019,28/07/2019,Incident maritime,,,,,,,,,,,,Aucun incident maritime,,
29/07/2019,29/07/2019,Incident maritime,,,,,,,,,,,,Aucun incident maritime,,
30/07/2019,30/07/2019,Incident maritime,,,,,,,,,,,,Aucun incident maritime,,
31/07/2019,31/07/2019,Incident maritime,,,,,,,,,,,,Aucun incident maritime,,
01/08/2019,01/08/2019,Incident maritime,,,,,,,,,,,,Aucun incident maritime,,
02/08/2019,02/08/2019,Incident maritime,,,,,,,,,,,,Aucun incident maritime,,
03/08/2019,03/08/2019,Incident maritime,,,,,,,,,,,,Aucun incident maritime,,
04/08/2019,04/08/2019,Incident maritime,,,,,,,,,,,,Aucun incident maritime,,
05/08/2019,05/08/2019,Incident maritime,,,,,,,,,,,,Aucun incident maritime,,
06/08/2019,06/08/2019,Incident maritime,,,,,,,,,,,,Aucun incident maritime,,
07/08/2019,07/08/2019,Incident maritime,,,,,,,,,,,,Aucun incident maritime,,
08/08/2019,08/08/2019,Incident maritime,,,,,,,,,,,,Aucun incident maritime,,
09/08/2019,09/08/2019,Incident maritime,,,,,,,,,,,,Aucun incident maritime,,
10/08/2019,10/08/2019,Incident maritime,,,,,,,,,,,,Aucun incident maritime,,
11/08/2019,11/08/2019,Incident maritime,,,,,,,,,,,,Aucun incident maritime,,
12/08/2019,12/08/2019,Incident maritime,,,,,,,,,,,,Aucun incident maritime,,
13/08/2019,13/08/2019,Incident maritime,,,,,,,,,,,,Aucun incident maritime,,
14/08/2019,,Incident maritime,Deisparition de deux Pêcheurs Comoriens à Comore,MADAGASCAR,,,,,,,,,,"Deux pêcheurs Comoriens (Saïd Ali et Chamsoudine Mmadi) à bord d’un petit bateau de pêche de 6 mètres, de couleur blanche ont disparu le 14 Août 2019 à 12h dans la partie de l'île de Mohéli, village de Hamba à destination du village de Dimanisur l’île de la ville Grande Comores.
Ces deux pêcheurs n’ont pas encore été retrouvés jusqu’à présent.",,2019-08-14
15/08/2019,,Incident maritime,Demade d'EVASAN d'une personne à bord du navire CHRIS GR,BESALAMPY,,,,,44.42598333333333,-16.715352777777778,,,,"Une demande d’EVASAN d’une personne à bord du navire CHRIS GR, à la position (latitude 16°01.32S, 043°et longitude 07.40 E ) qui s’est trouvé à 90 NM au Nord-Ouest de Besalampy en direction vers le Sud, a été adressée à l’APMF, le 15 Août 2019. Ledit navire a été contacté par le biais du CROSS La Réunion. Une consultation à distance a été effectuée sur le patient avec un docteur. D'après les diagnostics, sur la persistance d’une douleur abdominale du patient, le médecin lui a prescrit des médicaments antidouleur disponibles à bord. Le 15 août 2019, aucune urgence signalée pour l’évacuation sanitaire.",,2019-08-15
16/08/2019,,Incident maritime,Réunion de la société « Pemium Logistics » et des plongeurs professionnels,ILOT PRUNES,,,,,49.45955277777778,-18.057583333333334,,,,"Depuis l’échouage du navire MV JOBY aux îlot Prunes, à cause d’une panne mécanique majeure liée aux groupes électrogènes du bord, au large du port de Toamasina, le 24 Juillet 2019 dernier et qui a causé la mort du Second Capitaine dénommé Leonard, au cours de l’évacuation des passagers et les équipages vers l’île aux prunes ; les autorités portuaires, maritimes, civiles et militaires à Toamasina, avec la participation de l’armateur du navire, la société « Pemium Logistics », des plongeurs professionnels se sont réunis et prévoient de conduire l’opération de déséchouage du navire et de prendre les dispositions nécessaires pour éviter la possibilité d’expansion et de déversement d’hydrocarbures en mer dans l’objectif de pomper les carburants et lubrifiants à bord. Le navire a pris l’eau suite à une ouverture de la coque et une voie d’eau s’est présentée dans la cale machine. Des enquêtes maritimes et judiciaires ont été entamées sur la cause de l’accident et le décès malencontreux d’un des membres de l’équipage.",,2019-08-16
17/08/2019,17/08/2019,Incident maritime,,,,,,,,,,,,Aucun incident maritime,,
18/08/2019,18/08/2019,Incident maritime,,,,,,,,,,,,Aucun incident maritime,,
19/08/2019,,Incident maritime,Echouage du navire VIVANOT II,ANTALAHA,,,,,50.287505555555555,-14.908622222222222,,,,"Le navire caboteur dénommé VIVANOT II, pavillon malagasy, immatriculé PM 14099 a échoué le lundi 19 Août 2019, vers 03 h00 du matin au niveau du Cap Est au large du village AMBODIRAFIA CR Ambotralagnana district ANTALAHA. Il est à souligner que ce navire en provenance de Toamasina, à destination d’Antalaha a embarqué à son bord environ 200 tonnes de marchandises. Selon le commandant de bord RANDIMBISOA Lantoarijaona Honoré, la ligne d'arbre qui s’est cassée a causé l’accident. Une Vedette en provenance d’Antalaha a été dépêchée sur les lieux pour assister le navire. Tous les passagers sont sains et saufs et ont pu rejoindre le district d’Antalaha.
Le débarquement des marchandises est en cours pour délester le navire pour permettre au navire OCEANAH de mener l’opération de déséchouage et de le remorquer vers ANTALAHA.",,2019-08-19
20/08/2019,20/08/2019,Incident maritime,,,,,,,,,,,,Aucun incident maritime,,
21/08/2019,21/08/2019,Incident maritime,,,,,,,,,,,,Aucun incident maritime,,
22/08/2019,22/08/2019,Incident maritime,,,,,,,,,,,,Aucun incident maritime,,
23/08/2019,,Incident maritime,Un corps dénudé refoulé par la mer,ILE SAINTE MARIE,,,,,49.853497222222224,-16.941158333333334,,,,"Durant la journée du 21 août 2019, la mer a refoulé un corps dénudé et non identifiable sur la plage de Sahatsora dans le Fokontany Analarajy (CU Sainte Marie). Après les constats effectués par la Brigade de la Gendarmerie et le Médecin, le corps a été enterré dans le quartier de Sahatsora par la mairie de la Commune Urbaine de Sainte-Marie et le Fokonolona car le corps se décomposé rapidement. A part la disparition des deux (2) pêcheurs au mois d’août, une disparition en mer d’un secouriste de touristes étrangers s’est produite le 10 août 2019 vers 16heures 30mn à Sahasifotra CU Sainte Marie. A ce sujet, un homme nommé BELALA Fulgence, après avoir entendu l’alerte de secours lancée par les 3 étrangers qui se sont baignés en mer, s’est dépêché pour les sauver. Malgré l’accomplissement de son devoir, il n’arrivait plus à rejoindre la rive à cause de la fatigue et surtout la forte houle pendant l’opération de sauvetage. Malgré les recherches effectuées, ce corps reste introuvable. En effet, cet endroit est réputé par l’agitation de la mer. Après cette série de noyade, une séance de sensibilisation sur les bonnes conduites et pratiques en mer a été dispensée par les responsables locaux.",,2019-08-23
24/08/2019,24/08/2019,Incident maritime,,,,,,,,,,,,Aucun incident maritime,,
25/08/2019,,Incident maritime,Le voilier STELLAMARIS en situation de detresse,TOAMASINA,,,,,49.416605555555556,-18.15619722222222,,,,"Selon les informations transmises par l’APMF et remontées vers le CFIM, le voilier STELLAMARIS était en situation de détresse le 25 Août 2019. Il a été localisé à 91.17 NM au Nord Est du port de Toamasina, le 26 Août 2019 à 7heures 24 mn sans donner de réponses aux autorités suite à des appels de l’autorité portuaire de TOAMASINA.
Le 25 Août 2019, ce navire a été remorqué par le remorqueur NOE au large de Fenerive-Est vers le port de Toamasina. Cette opération de remorquage a été assistée par le navire SILVER HAGUE. Il a suivi des réparations au port de Toamasina à cause de pannes qu’il a subi en mer.",,2019-08-25
26/08/2019,26/08/2019,Incident maritime,,,,,,,,,,,,Aucun incident maritime,,
27/08/2019,27/08/2019,Incident maritime,,,,,,,,,,,,Aucun incident maritime,,
28/08/2019,28/08/2019,Incident maritime,,,,,,,,,,,,Aucun incident maritime,,
29/08/2019,29/08/2019,Incident maritime,,,,,,,,,,,,Aucun incident maritime,,
30/08/2019,30/08/2019,Incident maritime,,,,,,,,,,,,Aucun incident maritime,,
31/08/2019,31/08/2019,Incident maritime,,,,,,,,,,,,Aucun incident maritime,,
01/09/2019,,Incident maritime,Naufrage ,Nosikely Morondava,,,,,44.280774,-20.305419,,,, Naufrage d’un boutre à cause de mauvais temps- tous 11 passagers rescapés,,2019-09-01
02/09/2019,02/09/2019,Incident maritime,,,,,,,,,,,,Aucun incident maritime,,
03/09/2019,,Incident maritime,Panne mécanique en mer,Nosy Makamba,,,,,46.044608,-15.85806,,,,"Au niveau de nosy Makamba–Mahajanga, une pirogue traditionnelle
à moteur dénommée Lylia, avec 8 personnes à bord, est tombée en panne de moteur. Parti de
Soalala vers 5h00, Il a été remorqué par une coque d’un particulier de Mahajanga. Aucune perte
de vie humaine n’a été déplorée.",,2019-09-03
04/09/2019,04/09/2019,Incident maritime,,,,,,,,,,,,Aucun incident maritime,,
05/09/2019,05/09/2019,Incident maritime,,,,,,,,,,,,Aucun incident maritime,,
06/09/2019,06/09/2019,Incident maritime,,,,,,,,,,,,Aucun incident maritime,,
07/09/2019,07/09/2019,Incident maritime,,,,,,,,,,,,Aucun incident maritime,,
08/09/2019,08/09/2019,Incident maritime,,,,,,,,,,,,Aucun incident maritime,,
09/09/2019,09/09/2019,Incident maritime,,,,,,,,,,,,Aucun incident maritime,,
10/09/2019,10/09/2019,Incident maritime,,,,,,,,,,,,Aucun incident maritime,,
11/09/2019,11/09/2019,Incident maritime,,,,,,,,,,,,Aucun incident maritime,,
12/09/2019,12/09/2019,Incident maritime,,,,,,,,,,,,Aucun incident maritime,,
13/09/2019,13/09/2019,Incident maritime,,,,,,,,,,,,Aucun incident maritime,,
14/09/2019,14/09/2019,Incident maritime,,,,,,,,,,,,Aucun incident maritime,,
15/09/2019,15/09/2019,Incident maritime,,,,,,,,,,,,Aucun incident maritime,,
16/09/2019,,Incident maritime,Présence des nappes d’hydrocarbures dans le canal de Mozambique,MADAGASCAR,,,,,,,,,,"D’après les informations fournies par l’image satellitaire de l’EMSA (European Maritime Safety Agency), sept (07) nappes d’hydrocarbures légers reparties dans le canal de Mozambique ont été repérées le 15 septembres 2019 en avançant les coordonnés de référence. Lors de notre recoupement auprès des autorités locales de la côte ouest de Madagascar, jusqu’à ce jour, les acteurs maritimes de cette région n’ont pas constaté ni la présence de ces nappes ni l’impact de cette pollution marine sur la vie des pêcheurs.",,2019-09-16
17/09/2019,17/09/2019,Incident maritime,,,,,,,,,,,,Aucun incident maritime,,
18/09/2019,,Incident maritime,Présence des pollutions dans le canal de Pangalanes,TOAMASINA,,,,,49.416605555555556,-18.15619722222222,,,,"Les riverains du canal de Pangalanes à Toamasina, surtout entre le port fluvial de Manangareza et l’endroit dénommé ‘’Pont fotsy’’ constatent un niveau maximum de pollution du Canal. L’origine des déversements d’eaux usées provient des usines, établissements et sociétés pétrolières locales sur la rive du canal des Pangalanes Nord. Le traitement des déchets d’usines devrait être revu afin d’éviter la pollution aquatique. Cette dernière représente une menace pour l’écosystème marin du fait que le Canal est relié à la mer mais aussi un obstacle majeur pour le tourisme. Les CTD sont déjà avisées de cette situation.",,2019-09-18
19/09/2019,19/09/2019,Incident maritime,,,,,,,,,,,,Aucun incident maritime,,
20/09/2019,20/09/2019,Incident maritime,,,,,,,,,,,,Aucun incident maritime,,
21/09/2019,21/09/2019,Incident maritime,,,,,,,,,,,,Aucun incident maritime,,
22/09/2019,22/09/2019,Incident maritime,,,,,,,,,,,,Aucun incident maritime,,
23/09/2019,,Incident maritime,Chavirage du boutre SAMBY JEUNE,ANALALAVA,,,,,47.74028888888889,-14.571869444444443,,,,"Le boutre SAMBY JEUNE transportant 21 joueurs de football en provenance de Komanjara, Commune Rurale d’Antonibe, Districk d’Analalava et en direction de Marotaolana, s’est chaviré dans la Baie de Narinda le 22 septembre 2019 vers 13h entre Ambtaobe Sohihy, Fokontany Nosy Lava et Fokontany Nosy Fano Commune Urbaine d’Analalava. Selon la Brigade d’Analalava, à part ces passagers, ce boutre embarquait 03 tonnes de chargement à bord. Durant le chavirement, huit (08) d’entre eux sont sains et saufs, deux (02) décédés et onze (11) portés disparus dont sept (07) retrouvés le 27 septembre et quatre (04) le 29 septembre près du rivage de l’ile Ambatobe Sohihy. Avec la communauté locale et les riverains de cette Baie, la Brigade de la Gendarmerie d’Analalava continue la recherche des disparues.",,2019-09-23
23/09/2019,,Incident maritime,Noyade de deux garçons sur la pla,MORONDAVA,,,,,44.29378888888888,-20.348105555555556,,,,"Deux jeunes garçons se sont noyés au large de la plage de Nosy Kely Morondava. Il s’agit des vacanciers venant d’Antsirabe. Durant cette noyade, le jeune RAKOTOARIZAFY Dera, environ 18 ans a perdu sa vie, tandis que son collègue est ramené à l’Hôpital de la ville. Après cette incidence, les autorités locales ont tenu une conférence de presse pendant laquelle elles ont invité les vacanciers d’être vigilants surtout sur l’état de la mer. ",,2019-09-23
24/09/2019,24/09/2019,Incident maritime,,,,,,,,,,,,Aucun incident maritime,,
25/09/2019,,Incident maritime,Naufrage d'un boutre,MAHAJANGA,,,,,46.313736111111105,-15.711575,,,,"Un boutre reliant le port d’Aranta Mahajanga à Katsepy a fait naufrage le 24 septembre 2019 vers 08h à 800m près du port de « Quai Orange ». L’embarcation compte vingt-cinq (25) passagers à bord avec 60 tôles et 30 sacs de ciments. Vingt-trois (23) ont pu être sauvés par la Brigade Port et l’équipe de l’APMF, ramenés puis soignés au CHU Mahajanga. A l’arrivée de l’hôpital, une (01) mère de famille a succombé. Le 26 septembre 2019 vers 7h30mn, le corps de la fille de la défunte a été trouvé au bord de l’hôtel Baobab Tree après sa disparition plus de 48h. D’après l’un des passagers, ce naufrage est dû à la surcharge du boutre et du vent fort. De plus, la plupart des rescapés ne portent pas de gilets de sauvetage. Des dizaines d’accidents sont recensés chaque année dans la zone.",,2019-09-25
26/09/2019,26/09/2019,Incident maritime,,,,,,,,,,,,Aucun incident maritime,,
27/09/2019,27/09/2019,Incident maritime,,,,,,,,,,,,Aucun incident maritime,,
28/09/2019,,Incident maritime,Decouvert d'un corps d'un homme sur la plage,TOAMASINA,,,,,49.416605555555556,-18.15619722222222,,,,"Un corps d’un homme blanc sans vie, âgé de 35 ans, non identifié, a été trouvé au bord de la baie d’Ivondro, vers 10h. Durant le constat effectué par le BMH, Police Scientifique et Technique, la Gendarmerie Nationale et le Service Régionale de la Police Judiciaire, le corps de la victime est totalement nu et un tatouage de forme sirène est marqué sur son bras droit. D’après le BMH, il s’agit d’un mort suspecte. Puisque aucune pièce d’identité, permettant de lui reconnaitre, n’a été sur la victime, le corps a été déposé par les sapeurs-pompiers à la morgue auprès de CHU Toamasina. ",,2019-09-28
29/09/2019,29/09/2019,Incident maritime,,,,,,,,,,,,Aucun incident maritime,,
30/09/2019,30/09/2019,Incident maritime,,,,,,,,,,,,Aucun incident maritime,,
01/10/2019,01/10/2019,Incident maritime,,,,,,,,,,,,Aucun incident maritime,,
02/10/2019,02/10/2019,Incident maritime,,,,,,,,,,,,Aucun incident maritime,,
03/10/2019,03/10/2019,Incident maritime,,,,,,,,,,,,Aucun incident maritime,,
04/10/2019,,Incident maritime,POLMAR,Nord Ouest de Madagascar,,,,,,,,,,"Aux côtes Nord-Ouest de Madagascar, le navire de type vraquier M/V PAPORA
WISDOM de pavillon Panama aurait pu être la cause de déversements dans la ZEE de Madagascar,
selon OLI France.",,2019-10-04
04/10/2019,,Incident maritime,Découvert d'un corps d'un enfant sur la plage,TOAMASINA,,,,,49.416605555555556,-18.15619722222222,,,,"Dans le Fokontany d’Ampanalagna, parcelle 17/11, un corps d’un enfant, environ 3 ans, sans vie a été trouvé au bord de la mer, près de l’Hôtel Victoria Beach, le 04 octobre 2019 vers 08h du matin. Avec la Police Scientifique et Technique et le Service Régional de la Police Judiciaire, le BMH constate que l’enfant est mort par noyade. Après l’enquête de voisinage, personne n’a reconnu ni l’identité de cet enfant ni sa famille. Cette dernière circonstance a permis au Sapeurs-pompiers de déposer le corps à la morgue, CHU Toamasina. ",,2019-10-04
04/10/2019,,Incident maritime,Naufrage,Vohemar,,,,,50.003364,-13.370283,,,,"Au large de Vohemar, un navire de type cargo dénommé « ANILLA
PRINCESSE » en partance d’Antsiranana pour Vohemar a sombré à la suite d’une panne au niveau
de la cale machine due par l’effet d’une voie d’eau. Les 10 passagers et 14 membres d’équipage
ont été sains et sauf après déploiement d’un radeau de sauvetage. Rappelons que le jour de cet
accident, le vent d’Alizé se dirigeant vers la direction de Nord-Nord-Est, avec une vitesse allant
jusqu’à 28 km/h aurait pu être en faveur des rescapés.",,2019-10-04
05/10/2019,05/10/2019,Incident maritime,,,,,,,,,,,,Aucun incident maritime,,
06/10/2019,06/10/2019,Incident maritime,,,,,,,,,,,,Aucun incident maritime,,
07/10/2019,07/10/2019,Incident maritime,,,,,,,,,,,,Aucun incident maritime,,
08/10/2019,08/10/2019,Incident maritime,,,,,,,,,,,,Aucun incident maritime,,
09/10/2019,09/10/2019,Incident maritime,,,,,,,,,,,,Aucun incident maritime,,
10/10/2019,,Incident maritime,Enfant boyé par l'hélice d'un vedette,MAHAJANGA,,,,,46.313736111111105,-15.711575,,,,"Durant cette période de vacance, la plage de Mahajanga est remplie d’autochtones et vacanciers. Pendant ce moment de détente, différents activités ont lieu, comme monter à bord d’un navire pour donner une épice à leur vacance. Et pour ce cas, le jour du 08 Octobre 2019, pendant qu’une famille fait un tour de promenade à bord d’une vedette, au large de la petite plage de Mahajanga, un garçon d’environ de 13 ans fut tombé et a été broyé par les hélices de ladite vedette. Malgré les soins de secours effectués et l’EVASAN vers l’hôpital d’Androva, l’enfant meurt en cours de route.",,2019-10-10
11/10/2019,11/10/2019,Incident maritime,,,,,,,,,,,,Aucun incident maritime,,
12/10/2019,12/10/2019,Incident maritime,,,,,,,,,,,,Aucun incident maritime,,
13/10/2019,13/10/2019,Incident maritime,,,,,,,,,,,,Aucun incident maritime,,
14/10/2019,14/10/2019,Incident maritime,,,,,,,,,,,,Aucun incident maritime,,
15/10/2019,15/10/2019,Incident maritime,,,,,,,,,,,,Aucun incident maritime,,
16/10/2019,16/10/2019,Incident maritime,,,,,,,,,,,,Aucun incident maritime,,
17/10/2019,,Incident maritime,Echouage du navire MS ISABELLA,ANALALAVA,,,,,47.76835555555555,-14.668727777777777,,,,"Compte tenu de l’information transmise par les éléments du Poste Fixe de Ratsianarana (District Antalaha) de la Gendarmerie Nationale, le navire MS ISABELLA s’est échoué sur un récif le matin du 17 octobre 2019 vers 06h00 C à environ 1,5 km au large de Tanjokalanana, Fokontany Andranonampaha CR Ampanavoana district d’Antalaha.
Appartenant à sieur BE GERARD habitant le Fokontany Ankoalabe Antalaha, le navire a quitté le port d’Antalaha avec 10 membres d’équipage le 16 octobre 2019 vers 06h00 du matin à destination de Toamasina, ayant à son bord 15 passagers et 1000 cageots contenant des bouteilles vides. Ledit navire s’est trouvé à la dérive suite à une panne moteur et s’est échoué.  Tous les passagers sont déjà évacués du navire par l’équipage à Andranonampaha puis vers Antalaha sains et saufs. La réparation du moteur du navire est terminée le 19 octobre 2019. Le déséchouement dépendra de la hauteur de la marée. L’APMF Antalaha va envoyer un remorqueur pour secourir le navire.",,2019-10-17
18/10/2019,18/10/2019,Incident maritime,,,,,,,,,,,,Aucun incident maritime,,
19/10/2019,19/10/2019,Incident maritime,,,,,,,,,,,,Aucun incident maritime,,
20/10/2019,,Incident maritime,Noyade d'un jeune homme adventiste,MAHAJANGA,,,,,46.313736111111105,-15.711575,,,,"Le dimanche 20 octobre 2019 vers 14h30 sur la mer du village touristique, un jeune homme adventiste en vacances, âgé de 23 ans, s’est noyé malgré son EVASAN vers l’hôpital d’Androva. Engloutie par la montée du niveau de la mer, la victime n’est repêchée sur la plage qu’après 10 minutes. Malgré les panneaux d’interdiction de baignade installés depuis 2018 sur certains endroits à cause de l’existence d’un courant d’arrachement et d’une forte marée, les vacanciers sont toujours tentés par le calme apparent de la mer. ",,2019-10-20
21/10/2019,21/10/2019,Incident maritime,,,,,,,,,,,,Aucun incident maritime,,
22/10/2019,22/10/2019,Incident maritime,,,,,,,,,,,,Aucun incident maritime,,
23/10/2019,23/10/2019,Incident maritime,,,,,,,,,,,,Aucun incident maritime,,
24/10/2019,24/10/2019,Incident maritime,,,,,,,,,,,,Aucun incident maritime,,
25/10/2019,25/10/2019,Incident maritime,,,,,,,,,,,,Aucun incident maritime,,
26/10/2019,26/10/2019,Incident maritime,,,,,,,,,,,,Aucun incident maritime,,
27/10/2019,27/10/2019,Incident maritime,,,,,,,,,,,,Aucun incident maritime,,
28/10/2019,28/10/2019,Incident maritime,,,,,,,,,,,,Aucun incident maritime,,
29/10/2019,29/10/2019,Incident maritime,,,,,,,,,,,,Aucun incident maritime,,
30/10/2019,30/10/2019,Incident maritime,,,,,,,,,,,,Aucun incident maritime,,
31/10/2019,31/10/2019,Incident maritime,,,,,,,,,,,,Aucun incident maritime,,
01/11/2019,01/11/2019,Incident maritime,,,,,,,,,,,,Aucun incident maritime,,
02/11/2019,02/11/2019,Incident maritime,,,,,,,,,,,,Aucun incident maritime,,
03/11/2019,03/11/2019,Incident maritime,,,,,,,,,,,,Aucun incident maritime,,
04/11/2019,04/11/2019,Incident maritime,,,,,,,,,,,,Aucun incident maritime,,
05/11/2019,05/11/2019,Incident maritime,,,,,,,,,,,,Aucun incident maritime,,
06/11/2019,06/11/2019,Incident maritime,,,,,,,,,,,,Aucun incident maritime,,
07/11/2019,07/11/2019,Incident maritime,,,,,,,,,,,,Aucun incident maritime,,
08/11/2019,08/11/2019,Incident maritime,,,,,,,,,,,,Aucun incident maritime,,
09/11/2019,09/11/2019,Incident maritime,,,,,,,,,,,,Aucun incident maritime,,
10/11/2019,10/11/2019,Incident maritime,,,,,,,,,,,,Aucun incident maritime,,
11/11/2019,11/11/2019,Incident maritime,,,,,,,,,,,,Aucun incident maritime,,
12/11/2019,12/11/2019,Incident maritime,,,,,,,,,,,,Aucun incident maritime,,
13/11/2019,13/11/2019,Incident maritime,,,,,,,,,,,,Aucun incident maritime,,
14/11/2019,14/11/2019,Incident maritime,,,,,,,,,,,,Aucun incident maritime,,
15/11/2019,15/11/2019,Incident maritime,,,,,,,,,,,,Aucun incident maritime,,
16/11/2019,16/11/2019,Incident maritime,,,,,,,,,,,,Aucun incident maritime,,
17/11/2019,17/11/2019,Incident maritime,,,,,,,,,,,,Aucun incident maritime,,
18/11/2019,18/11/2019,Incident maritime,,,,,,,,,,,,Aucun incident maritime,,
19/11/2019,19/11/2019,Incident maritime,,,,,,,,,,,,Aucun incident maritime,,
20/11/2019,20/11/2019,Incident maritime,,,,,,,,,,,,Aucun incident maritime,,
21/11/2019,21/11/2019,Incident maritime,,,,,,,,,,,,Aucun incident maritime,,
22/11/2019,22/11/2019,Incident maritime,,,,,,,,,,,,Aucun incident maritime,,
23/11/2019,23/11/2019,Incident maritime,,,,,,,,,,,,Aucun incident maritime,,
24/11/2019,24/11/2019,Incident maritime,,,,,,,,,,,,Aucun incident maritime,,
25/11/2019,,Incident maritime,Chavirage d'un pirogue,ANTALAHA,,,,,50.287505555555555,-14.908622222222222,,,,"Le 25 novembre 2019 vers 22H00, une pirogue transportant des bois ordinaires est renversée dans la mer au large du Fokontany Ambinanimarambo Commune Rurale Ambalabe du District Antalaha. Le navire en provenance d’Ambohitralanana est en direction vers Antalaha. L’accident est survenu au nord dudit fokontany au passage d’une embouchure. Sur les quatre (04) membres d’équipage dans la pirogue, trois (03) ont pu rejoindre la côte et sont retrouvés sains et saufs dans la nuit du 25 novembre 2019. Le dernier membre de l’équipage, le nommé RABARISON Mamitiana, âgé de 27 ans, habitant du Fokontany Ankolabe Antalaha est retrouvé mort sur la plage d’Ambinanimarambo le 27 novembre 2019 vers 05H40. Le défunt ne savait pas nager. La pirogue ainsi que les planches à bord sont emportées par le courant marin.",,2019-11-25
26/11/2019,26/11/2019,Incident maritime,,,,,,,,,,,,Aucun incident maritime,,
27/11/2019,27/11/2019,Incident maritime,,,,,,,,,,,,Aucun incident maritime,,
28/11/2019,28/11/2019,Incident maritime,,,,,,,,,,,,Aucun incident maritime,,
29/11/2019,29/11/2019,Incident maritime,,,,,,,,,,,,Aucun incident maritime,,
30/11/2019,,Incident maritime,Passage du navire plaisance ARIANE EXPRESS,MANANARA NORD,,,,,49.80359444444444,-16.169311111111114,,,,"Le navire ARIANE EXPRESS assure le transport maritime des passagers entre Maroantsetra et Mananara-Nord. A part de ses 09 équipages, il a transporté 120 passagers le 30 Novembre 2019. Et vers 22h, suite à la condition météorologique de cette zone et le mauvais état de la mer, ce navire a risqué d’être chaviré. Mais grâce à l’intervention de l’équipe de l’APMF qui a envoyé ses trois (03) vedettes pour lui porter secours, avec ses 129 personnes à bord, le navire est arrivé sans incidence à Mananara-Avaratra. ",,2019-11-30
01/12/2019,01/12/2019,Incident maritime,,,,,,,,,,,,Aucun incident maritime,,
02/12/2019,02/12/2019,Incident maritime,,,,,,,,,,,,Aucun incident maritime,,
03/12/2019,03/12/2019,Incident maritime,,,,,,,,,,,,Aucun incident maritime,,
04/12/2019,04/12/2019,Incident maritime,,,,,,,,,,,,Aucun incident maritime,,
05/12/2019,05/12/2019,Incident maritime,,,,,,,,,,,,Aucun incident maritime,,
06/12/2019,06/12/2019,Incident maritime,,,,,,,,,,,,Aucun incident maritime,,
07/12/2019,07/12/2019,Incident maritime,,,,,,,,,,,,Aucun incident maritime,,
08/12/2019,08/12/2019,Incident maritime,,,,,,,,,,,,Aucun incident maritime,,
09/12/2019,09/12/2019,Incident maritime,,,,,,,,,,,,Aucun incident maritime,,
10/12/2019,10/12/2019,Incident maritime,,,,,,,,,,,,Aucun incident maritime,,
11/12/2019,11/12/2019,Incident maritime,,,,,,,,,,,,Aucun incident maritime,,
12/12/2019,12/12/2019,Incident maritime,,,,,,,,,,,,Aucun incident maritime,,
13/12/2019,13/12/2019,Incident maritime,,,,,,,,,,,,Aucun incident maritime,,
14/12/2019,14/12/2019,Incident maritime,,,,,,,,,,,,Aucun incident maritime,,
15/12/2019,15/12/2019,Incident maritime,,,,,,,,,,,,Aucun incident maritime,,
16/12/2019,16/12/2019,Incident maritime,,,,,,,,,,,,Aucun incident maritime,,
17/12/2019,17/12/2019,Incident maritime,,,,,,,,,,,,Aucun incident maritime,,
18/12/2019,18/12/2019,Incident maritime,,,,,,,,,,,,Aucun incident maritime,,
19/12/2019,19/12/2019,Incident maritime,,,,,,,,,,,,Aucun incident maritime,,
20/12/2019,20/12/2019,Incident maritime,,,,,,,,,,,,Aucun incident maritime,,
21/12/2019,21/12/2019,Incident maritime,,,,,,,,,,,,Aucun incident maritime,,
22/12/2019,22/12/2019,Incident maritime,,,,,,,,,,,,Aucun incident maritime,,
23/12/2019,23/12/2019,Incident maritime,,,,,,,,,,,,Aucun incident maritime,,
24/12/2019,24/12/2019,Incident maritime,,,,,,,,,,,,Aucun incident maritime,,
25/12/2019,25/12/2019,Incident maritime,,,,,,,,,,,,Aucun incident maritime,,
26/12/2019,26/12/2019,Incident maritime,,,,,,,,,,,,Aucun incident maritime,,
27/12/2019,27/12/2019,Incident maritime,,,,,,,,,,,,Aucun incident maritime,,
28/12/2019,28/12/2019,Incident maritime,,,,,,,,,,,,Aucun incident maritime,,
29/12/2019,29/12/2019,Incident maritime,,,,,,,,,,,,Aucun incident maritime,,
30/12/2019,30/12/2019,Incident maritime,,,,,,,,,,,,Aucun incident maritime,,
31/12/2019,31/12/2019,Incident maritime,,,,,,,,,,,,Aucun incident maritime,,
01/01/2020,01/01/2020,Incident maritime,,,,,,,,,,,,Aucun incident maritime,,
02/01/2020,02/01/2020,Incident maritime,,,,,,,,,,,,Aucun incident maritime,,
03/01/2020,03/01/2020,Incident maritime,,,,,,,,,,,,Aucun incident maritime,,
04/01/2020,,Incident maritime,Noayde de 2 garcons ,SAMBAVA,,plage Ampandrozonana,,,50.17573,-14.27,,,,"Le mardi 31 mars 2020 dans la matinée sur la plage d'Ampandrozonana, district de Sambava, deux garçons ont été emportés par les vagues et ont faillis se noyer. Le sauveteur, un jeune homme travaillant aux alentours a remarqué les gestes d’appel de secours de deux garçons. Le maire de la Commune s’est rendu place et a recommandé les résidents ainsi que les parents à être toujours vigilants face aux enfants qui jouent à la plage. ","Les accidents en mer sont souvent dus au passage d’une période cyclonique ou au mauvais temps impactant sur les agitations de la mer. Différentes mesures préventives et spécifiques devraient être prises pour éviter ou limiter le risque de noyade. Pour le cas des enfants, l’accompagnement de parents ou de tuteurs est important pour éviter le danger.",2020-01-04
05/01/2020,05/01/2020,Incident maritime,,,,,,,,,,,,Aucun incident maritime,,
06/01/2020,06/01/2020,Incident maritime,,,,,,,,,,,,Aucun incident maritime,,
07/01/2020,07/01/2020,Incident maritime,,,,,,,,,,,,Aucun incident maritime,,
08/01/2020,08/01/2020,Incident maritime,,,,,,,,,,,,Aucun incident maritime,,
09/01/2020,09/01/2020,Incident maritime,,,,,,,,,,,,Aucun incident maritime,,
10/01/2020,10/01/2020,Incident maritime,,,,,,,,,,,,Aucun incident maritime,,
11/01/2020,11/01/2020,Incident maritime,,,,,,,,,,,,Aucun incident maritime,,
12/01/2020,12/01/2020,Incident maritime,,,,,,,,,,,,Aucun incident maritime,,
13/01/2020,13/01/2020,Incident maritime,,,,,,,,,,,,Aucun incident maritime,,
14/01/2020,14/01/2020,Incident maritime,,,,,,,,,,,,Aucun incident maritime,,
15/01/2020,15/01/2020,Incident maritime,,,,,,,,,,,,Aucun incident maritime,,
16/01/2020,16/01/2020,Incident maritime,,,,,,,,,,,,Aucun incident maritime,,
17/01/2020,17/01/2020,Incident maritime,,,,,,,,,,,,Aucun incident maritime,,
18/01/2020,18/01/2020,Incident maritime,,,,,,,,,,,,Aucun incident maritime,,
19/01/2020,19/01/2020,Incident maritime,,,,,,,,,,,,Aucun incident maritime,,
20/01/2020,,Incident maritime,Recupération d'un piroguier,TOAMASINA,,Port,,SAR,49.42276,-18.14853,,,,"La SPAT (Société du Port à Gestion Autonome de Toamasina) a récupéré un piroguier inconscient à bord de sa pirogue en mer, le samedi 18 janvier 2020 vers 13h. Arrivé au port, la victime a été ramenée à l’urgence Hôpital Toamasina. Après son premier soin, le piroguier a trouvé sa respiration vers18h30, mais encore inconscient.","Un tel cas isolé nous montre le danger lié à la sécurité
maritime en mer pour les usagers de la mer. La plupart des
navires non conventionnels qui participent aux activités de
petites pêches ne sont pas équipés de moyens de
navigations, d’équipements de sécurité ni de moyens de
communication basiques qui sont utiles à la sécurité de la
navigation. ",2020-01-20
21/01/2020,21/01/2020,Incident maritime,,,,,,,,,,,,Aucun incident maritime,,
22/01/2020,22/01/2020,Incident maritime,,,,,,,,,,,,Aucun incident maritime,,
23/01/2020,23/01/2020,Incident maritime,,,,,,,,,,,,Aucun incident maritime,,
24/01/2020,24/01/2020,Incident maritime,,,,,,,,,,,,Aucun incident maritime,,
25/01/2020,25/01/2020,Incident maritime,,,,,,,,,,,,Aucun incident maritime,,
26/01/2020,26/01/2020,Incident maritime,,,,,,,,,,,,Aucun incident maritime,,
27/01/2020,27/01/2020,Incident maritime,,,,,,,,,,,,Aucun incident maritime,,
28/01/2020,28/01/2020,Incident maritime,,,,,,,,,,,,Aucun incident maritime,,
29/01/2020,29/01/2020,Incident maritime,,,,,,,,,,,,Aucun incident maritime,,
30/01/2020,30/01/2020,Incident maritime,,,,,,,,,,,,Aucun incident maritime,,
31/01/2020,31/01/2020,Incident maritime,,,,,,,,,,,,Aucun incident maritime,,
01/02/2020,01/02/2020,Incident maritime,,,,,,,,,,,,Aucun incident maritime,,
02/02/2020,02/02/2020,Incident maritime,,,,,,,,,,,,Aucun incident maritime,,
03/02/2020,03/02/2020,Incident maritime,,,,,,,,,,,,Aucun incident maritime,,
04/02/2020,04/02/2020,Incident maritime,,,,,,,,,,,,Aucun incident maritime,,
05/02/2020,05/02/2020,Incident maritime,,,,,,,,,,,,Aucun incident maritime,,
06/02/2020,06/02/2020,Incident maritime,,,,,,,,,,,,Aucun incident maritime,,
07/02/2020,07/02/2020,Incident maritime,,,,,,,,,,,,Aucun incident maritime,,
08/02/2020,08/02/2020,Incident maritime,,,,,,,,,,,,Aucun incident maritime,,
09/02/2020,09/02/2020,Incident maritime,,,,,,,,,,,,Aucun incident maritime,,
10/02/2020,10/02/2020,Incident maritime,,,,,,,,,,,,Aucun incident maritime,,
11/02/2020,11/02/2020,Incident maritime,,,,,,,,,,,,Aucun incident maritime,,
12/02/2020,12/02/2020,Incident maritime,,,,,,,,,,,,Aucun incident maritime,,
13/02/2020,13/02/2020,Incident maritime,,,,,,,,,,,,Aucun incident maritime,,
14/02/2020,14/02/2020,Incident maritime,,,,,,,,,,,,Aucun incident maritime,,
15/02/2020,15/02/2020,Incident maritime,,,,,,,,,,,,Aucun incident maritime,,
16/02/2020,16/02/2020,Incident maritime,,,,,,,,,,,,Aucun incident maritime,,
17/02/2020,,Incident maritime,Noyade mortelle homme ,SAMBAVA,,Las Palmas,,,50.16599,-14.26106,,,,"Le 16 Février 2020 vers 14h, un jeune garçon âgé de 25 ans s’est noyé pendant son baignade en mer, en face de l’Hôtel « LAS PALMAS », Fokontany Sambava Centre. Ramené par la vague, son corps n’a pas été découvert que dans la matinée du 17 Février 2020, à quelques mètres de cet endroit. Après le constat effectué par les autorités locales (Gendarmerie Nationale, Médecins légistes), le corps de ce jeune écolier est remis entre les mains de sa famille.","Dès le début de cette année, des séries de noyades se sont produites
dans presque les côtes Nord-Est et Nord-Ouest de Madagascar à
cause du mauvais temps en général et peut être à la suite de
l’insuffisance de connaissance de l’état des plages. La non-maitrise
de la natation est également une cause de noyade qui n’est pas à
écarter.
Mais en tant que responsable de sécurité des personnes, la
notification du danger aux citoyens par affichage au bord de la mer
pour qu’ils prennent la précaution pendant la baignade en mer est une
charge des autorités locales.
De plus, la mise en place des gardes côtes, surtout dans les zones
dangereuses, est une solution envisageable pour éviter le fléau et afin
de faciliter le sauvetage à temps en cas d’accident.",2020-02-17
17/02/2020,,Incident maritime,SAR /APMF sur 2 navires,MAHANORO,,4 km Mahanoro,,SAR,48.93477,-19.88243,,,,"Dans la nuit de 15 au 16 Février 2020, suite au passage de la dépression tropicale FRANCISCO, deux (02) navires, dont BRENDALEX 2 TM 15-043, au quai du débarcadère de Mahanoro ont été ramenés par le courant du Canal de Pangalanes. Le 16 février 2020, l’Agence Portuaire Maritime et Fluviale (APMF) a procédé à la recherche de ces navires. Ils sont retrouvés vers 4km et 10km de Mahanoro. Le même jour, en ralliant Mahanoro, l’équipe SAR de l’APMF a intercepté une vedette avec onze (11) personnes (06 Hommes, 03 Femmes, 02 Enfants) à bord, qui a été ramenée par le courant d’eau des Pangalanes. L’embarcation a été remorquée vers le débarcadère de Mahanoro. Les passagers à bord sont sains et saufs.","Le 16 février 2020, Madagascar était sous la menace de fortes pluies suite au passage de FRANCISCO. A cet effet, la persistance de puissance des courants de Pangalanes est probable. Après le passage du mauvais temps, l’autorité portuaire est prête à procéder au sauvetage au profit des usagers du port, face aux éventuels incidents. Compte tenu de la qualité défectueuse des infrastructures de certains ports à Madagascar, notamment l’absence de balises pour les petites embarcations en escales au port, les petits navires sont facilement emportés et secoués par le courant marin.",2020-02-17
18/02/2020,18/02/2020,Incident maritime,,,,,,,,,,,,Aucun incident maritime,,
19/02/2020,19/02/2020,Incident maritime,,,,,,,,,,,,Aucun incident maritime,,
20/02/2020,20/02/2020,Incident maritime,,,,,,,,,,,,Aucun incident maritime,,
21/02/2020,21/02/2020,Incident maritime,,,,,,,,,,,,Aucun incident maritime,,
22/02/2020,22/02/2020,Incident maritime,,,,,,,,,,,,Aucun incident maritime,,
23/02/2020,23/02/2020,Incident maritime,,,,,,,,,,,,Aucun incident maritime,,
24/02/2020,24/02/2020,Incident maritime,,,,,,,,,,,,Aucun incident maritime,,
25/02/2020,,Incident maritime,Vedette BAKARU SANADI NOSI BE,NOSY BE,,au large Port,,,46.2,-13.63333,,,,"Le lundi 24 février 2020, à la position 13°38’S et 46°12E, soit à environ 217 km au Sud-Ouest de Nosy Be et à 180km au Nord-Ouest de la Baie de Narendra, deux (02) homme malagasy à bord d’une vedette rapide équipée de deux moteurs hors-bord d’une capacité d’environ 40CV chacune en panne moteur, sont récupérés par le thonier senneur seychellois PLAYA DE ANZORAS, MMSI : 664572000 de passage dans la zone. Sous motif de pêche, l’embarcation malagasy emportait une trentaine de bidons jaunes de 20 litres vides et aucun matériel de pêche ni de poissons capturés. Prévue débarquer au port de Nosy be dans la journée du mardi 25 février 2020, la vedette a été débarquée au large sans atteindre le port et a ainsi disparu pour éviter les autorités malagasy. De plus, PLAYA DE ANZORAS a éteint son AIS depuis le 20 février 2020 vers 00H08.","Selon les analyses du CFIM, les deux Malagasy sont suspectés de
trafic illicite. L’inexistence de poissons prises dans l’embarcation en
tant que navire de pêche ainsi que l’absence de matériels de pêche
sont des indicateurs de suspicion. Trois (03) types de trafiquants
illicites prennent souvent le départ le long du littoral Nord-ouest de
Madagascar vers la haute mer et les îles voisines : les trafiquants de
concombres de mer, les trafiquants de drogues et les passeurs
d’immigrants clandestins. Ils utilisent le plus souvent des petits
navires équipés de deux (02) puissants moteurs hors-bord. Les
navires effectuant des trafics de concombre de mer embarquent
généralement à leur bord des bacs pour maintenir en vie les animaux
lors du trajet. Ceux exportant des drogues conditionnent les produits
liquides dans les bidons. L’embarcation en question serait donc sur
le chemin du retour après avoir effectué des trafics illicites sur les
îles voisines. Une enquête plus approfondie devra s’effectuer à leur
débarquement ainsi qu’une inspection des bidons à bord pour
élucider toutes suspicions de trafic illicite par voie maritime. Être
pêcheurs ne seraient alors qu’un motif échappatoire.",2020-02-25
26/02/2020,26/02/2020,Incident maritime,,,,,,,,,,,,Aucun incident maritime,,
27/02/2020,27/02/2020,Incident maritime,,,,,,,,,,,,Aucun incident maritime,,
28/02/2020,28/02/2020,Incident maritime,,,,,,,,,,,,Aucun incident maritime,,
29/02/2020,29/02/2020,Incident maritime,,,,,,,,,,,,Aucun incident maritime,,
01/03/2020,01/03/2020,Incident maritime,,,,,,,,,,,,Aucun incident maritime,,
02/03/2020,,Incident maritime,Echouement baleine,TOAMASINA,,au large Port,,ACCIDENTS,49.42313,-18.15389,,,,"Ce 03 Février 2020 vers 09h, une baleine est échouée près de chantier d’extension port Toamasina, dont le corps est déjà abimé. A cet effet, la capitainerie SPAT du Port de Toamasina a tenu une réunion avec les responsables locales, dans la salle de réunion PFSO, enceinte du Port, afin de prendre une mesure adéquate relative à cette situation. En attendant cette prise de décision, le lieu est sécurisé par les éléments de la Police Nationale COSPE/SPAT et la sécurité civile (Société TSG). Vers 11h30, les responsables issus de MAEP ont descendu sur le lieu pour constater cet évènement, mais aucune mesure n’a été prise jusqu'à 13h.","L’échouage de ce mammifère marin sur nos côtes n’est pas un cas normal avec sa taille considérable de trois (3) tonnes. En tant qu’espèce protégée, Madagascar a soumis aux normes imposées par les textes internationaux en cas d’échouage de baleine. A ce sujet, la pratique des examens post-mortem sur cette espèce en observant l’animal pour tenter de repérer des signes extérieurs de collision avec un navire ou peut être de maladie est une attente des Organisations internationales chargées de la protection de ce genre de mammifère. C’est la raison par laquelle, la Police Nationale de cette localité s’est dépêchée sur place pour protection de la zone de cet incident en attendant les autorités locales responsable de la procédure nécessaire.",2020-03-02
03/03/2020,03/03/2020,Incident maritime,,,,,,,,,,,,Aucun incident maritime,,
04/03/2020,04/03/2020,Incident maritime,,,,,,,,,,,,Aucun incident maritime,,
05/03/2020,,Incident maritime,03 mai 2020: Noyade étudiant,ANTSIRANANA,,Baie de Sakalava,,,49.399,-12.2977,,,,"Le vendredi 01 Mai 2020, une dizaine d’étudiants de l’Ecole Supérieure Polytechnique Antsiranana sont venues à la plage de la Baie de Sakalava pour une promenade. Deux parmi eux ont pris une pirogue et se sont déplacés vers le large. Une fois au large, ils ont connu un problème et leur pirogue a coulé. L'un a pu se sauver, mais l'autre s’est noyé et a disparu. Avisé de cet évènement, les autorités locales représentés par le député d’Antsiranana, accompagnés de plongeurs sont descendues sur le lieu et a commencé la recherche du garçon. Le corps du défunt a été retrouvé le 02 Mai vers 07h30.","Le déplacement avec une pirogue ou autres moyens nautiques, nécessite toujours de recourir aux professionnels avec les mesures de sureté et de sécurité appropriées pour le déplacement. Pour éviter les incidents de ce type, un contrôle strict des plages doit être effectué par les autorités locales. ",2020-03-05
06/03/2020,06/03/2020,Incident maritime,,,,,,,,,,,,Aucun incident maritime,,
07/03/2020,07/03/2020,Incident maritime,,,,,,,,,,,,Aucun incident maritime,,
08/03/2020,08/03/2020,Incident maritime,,,,,,,,,,,,Aucun incident maritime,,
09/03/2020,,Incident maritime,01er Septembre 2020:Noyade d'un garcon,MAHAJANGA,,Village touristique,,,46.310831,-15.700265,,,,"Le mardi 01 Septembre 2020 vers 14h, un jeune garçon de 14ans a trouvé la mort dans un noyade sur la plage du village touristique à Antsahabingo, Commune Urbaine de Mahajanga, Région Boeny. Trois garçons se sont baignés sur la plage malgré la plaque d’interdiction au niveau de l’embouchure. A marée basse, ils ont traversé à la nage tour à tour l’autre plage. Le premier est passé mais a prévenu la victime de ne pas se jeter dans la mer, à cause d’une crevasse. Mais, la victime a plongé et est mort noyé malgré la tentative de sauvetages de deux (02) pêcheurs aux alentours. Une fois alertée, les autorités locales sont venues sur place. ","Le site balnéaire sis au Village touristique à Mahajanga attire beaucoup de monde. Cependant, malgré les panneaux d’interdiction de baignade sur certains endroits dangereux, les gens aventureux sont toujours attirés par la beauté du site. Chaque année, des vacanciers voire même des locaux trouvent la mort, noyées aux alentours de cette zone. Il recommandé que le responsable de la place mette en place une vigie afin de faire respecter les consignes de sécurité.",2020-03-09
10/03/2020,10/03/2020,Incident maritime,,,,,,,,,,,,Aucun incident maritime,,
11/03/2020,11/03/2020,Incident maritime,,,,,,,,,,,,Aucun incident maritime,,
12/03/2020,12/03/2020,Incident maritime,,,,,,,,,,,,Aucun incident maritime,,
13/03/2020,13/03/2020,Incident maritime,,,,,,,,,,,,Aucun incident maritime,,
14/03/2020,14/03/2020,Incident maritime,,,,,,,,,,,,Aucun incident maritime,,
15/03/2020,15/03/2020,Incident maritime,,,,,,,,,,,,Aucun incident maritime,,
16/03/2020,16/03/2020,Incident maritime,,,,,,,,,,,,Aucun incident maritime,,
17/03/2020,17/03/2020,Incident maritime,,,,,,,,,,,,Aucun incident maritime,,
18/03/2020,18/03/2020,Incident maritime,,,,,,,,,,,,Aucun incident maritime,,
19/03/2020,19/03/2020,Incident maritime,,,,,,,,,,,,Aucun incident maritime,,
20/03/2020,20/03/2020,Incident maritime,,,,,,,,,,,,Aucun incident maritime,,
21/03/2020,21/03/2020,Incident maritime,,,,,,,,,,,,Aucun incident maritime,,
22/03/2020,22/03/2020,Incident maritime,,,,,,,,,,,,Aucun incident maritime,,
23/03/2020,23/03/2020,Incident maritime,,,,,,,,,,,,Aucun incident maritime,,
24/03/2020,24/03/2020,Incident maritime,,,,,,,,,,,,Aucun incident maritime,,
25/03/2020,25/03/2020,Incident maritime,,,,,,,,,,,,Aucun incident maritime,,
26/03/2020,26/03/2020,Incident maritime,,,,,,,,,,,,Aucun incident maritime,,
27/03/2020,27/03/2020,Incident maritime,,,,,,,,,,,,Aucun incident maritime,,
28/03/2020,28/03/2020,Incident maritime,,,,,,,,,,,,Aucun incident maritime,,
29/03/2020,29/03/2020,Incident maritime,,,,,,,,,,,,Aucun incident maritime,,
30/03/2020,30/03/2020,Incident maritime,,,,,,,,,,,,Aucun incident maritime,,
31/03/2020,31/03/2020,Incident maritime,,,,,,,,,,,,Aucun incident maritime,,
01/04/2020,,Incident maritime,Décès d'un conducteur de vedette,NOSY BE,,Ampasikely NOSY FALY,,ACCIDENTS,48.4864,-13.31115,,,,"Le 03 janvier 2020 vers 17h, le cadavre d’un homme âgé de 31 ans, conducteur d’une coque reliant Ambalamboay à Nosy Be, a été retrouvé à Nosy Faly, dans la forêt de mangrove d’Ampasikely, Fokontany Ambolobozo, Commune Rurale d’Antafiambotry. D’après le constat, l’homme est décédé depuis des jours, son corps a été abîmé par l'eau de mer. Dans le Fokontany voisin d’Ambolobozo à Ampasimbary, dans la même Commune Rurale, la coque plastique ayant une capacité de 30 personnes à bord, avec un moteur à bord de 150 CV de marque YAMAHA, a été retrouvée sur la plage dudit Fokontany. L’incident aurait été causé par le mauvais temps. L’embarcation a été remise à son propriétaire habitant Ambalamboay. ","La fin d’année 2019, la zone Nord et Nord-Ouest de Madagascar  a été marquée par le passage de la ZCIT qui a occasionnée des fortes pluies orageuses et grains locaux accompagnés par du vent de secteur Ouest 05/15 nœuds atteignant 20/25 nœuds sous orages et une mer agitée sous grains. Dans cette localité, la sortie en mer durant l’après-midi est très dangereuse et risquée à cause de l’état de la mer, la victime pourrait être surprise par ce mauvais temps. ",2020-04-01
02/04/2020,,Incident maritime,Naufragge boutre BEFANOMEZA:Pav MADAGASCAR,BESALAMPY,,Anosimboalavo,,,44.43018,-16.60249,,,,"Le samedi 01 février 2020 vers 20 heures, à l’embouchure entre le fleuve Maningoza et la mer dans la partie d’Ampongabe, fokontany Anosimboalavo, district de Besalampy, un boutre dénommé « BEFANOMEZA » en provenance de Mahajanga, transportant des 45 barils carburants de JIRAMA avec des matériaux de construction, de l'acier, des marchandises générales, des motos et divers outils avec 9 personnes à bord était victime d’un naufrage. Toutes personnes à bord ont été rescapées dans cette catastrophe grâce au sauvetage opéré par des pêcheurs, tandis que les marchandises à bord étaient englouties par la mer. Les éléments de la Gendarmerie, de la Police Nationale, de la JIRAMA et le « Fokonolona » de cette localité ont déjà procédé à la recherche des objets perdus avec la société NACB-AQUALMA. Dans la matinée du 05 février 2020, 20 barils ont été retrouvés par ces Fokonolona et remontés vers la surface. 25 futs sont ainsi restés à trouver.","Même la cause de cet accident n’est pas encore connue selon les informations remontées au CFIM, décrites par les équipages, l’interaction de la marée montante d’une part et le flux venant du fleuve après orage dans cet endroit d’autre part pourrait d’être la cause de cet accident. Mais d’après la situation météorologique pendant la journée et les heures d’accident, l’effet météorologique n’a pas de mainmise sur l’apparition de cet accident. Mais d’après la narration des victimes, le boutre aurait été frappé par des fortes vagues et des vents très violents qui ont conduit au chavirement du navire occasionnant une entrée d’eau progressive et le naufrage du navire. Compte tenu des poids aux environs des 20 tonnes des marchandises transportées par cette embarcation, le surcharge pourrait être la cause logique de cet accident. Les éléments sur place sont diligentés par l’Officier Coordonnateur de la Gendarmerie de Besalampy. A souligner que cet accident perturbera l’approvisionnement en carburant de la JIRAMA et il renforcera davantage les problèmes rencontrés par la JIRAMA de la localité dans la production d’électricité. Les usagers de la mer devront toujours respecter le tonnage des navires pour plus de sûreté maritime.",2020-04-02
03/04/2020,,Incident maritime,Echouage MS STEPHAN:Pav MADAGASCAR,FENOARIVO ATSINANANA,,Plage d'Andreba Ambatomanga,,,49.42669,-17.3876,,,,"Le 02 mars 2020 vers 16H00, le boutre malagasy MS STEPHAN est échoué sur la plage d’Andreba, CR Ambodimanga dans le District de Fenoarivo Atsinanana. Le 01 mars 2020, toujours en panne moteur, le navire a été remorqué par le navire caboteur malagasy NOSY MANGABE de Sainte Marie à destination vers le port de Toamasina, avec six (06) membres d’équipages et 150 bouteilles de gaz de cuisson vides à bord. En cours de route et à cause de la forte houle, NOSY MANGABE a dû abandonner MS STEPHAN qui s’est échoué sur ladite plage. D’après l’APMF de Sainte Marie, le navire LCT HAVANNA, pavillon Malagasy en provenance de Mananara Avaratra pour Toamasina devra continuer le remorquage de M/S STEPHAN vers le port de Toamasina. Rappelons que MS STEPHAN a été victime d’une panne moteur le 09 février 2020 vers 17H00 et était échoué sur un récif au large de Vinanivao. Il a été remorqué par MV SERAYA, pavillon Malagasy, vers Sainte Marie le 12 février 2020. Toutefois, son permis de navigation est valable jusqu’au 08 août 2020.","Courant l’année 2017, le Ministère des Transports du Tourisme et de la Météorologie a lancé une réforme des ports et des transports maritimes et fluviaux. Celui-ci s’est concentré sur les Procédures de contrôle des navires et du port par les États, L’échouage en général se produit à la suite de défaillance mécanique des embarcations. Alors que vu la vieillesse desdites embarcations ou peut être la négligence d’entretien, l’apparition de ce genre d’incident persistait à l’endroit des certains navires malagasy. Des contrôles sévères, périodiques ou inopinés devraient être effectués par les autorités portuaires en collaboration avec des autres entités liées aux activités en mer pour freiner ce genre d’incident. ",2020-04-03
04/04/2020,04/04/2020,Incident maritime,,,,,,,,,,,,Aucun incident maritime,,
05/04/2020,05/04/2020,Incident maritime,,,,,,,,,,,,Aucun incident maritime,,
06/04/2020,06/04/2020,Incident maritime,,,,,,,,,,,,Aucun incident maritime,,
07/04/2020,07/04/2020,Incident maritime,,,,,,,,,,,,Aucun incident maritime,,
08/04/2020,08/04/2020,Incident maritime,,,,,,,,,,,,Aucun incident maritime,,
09/04/2020,09/04/2020,Incident maritime,,,,,,,,,,,,Aucun incident maritime,,
10/04/2020,10/04/2020,Incident maritime,,,,,,,,,,,,Aucun incident maritime,,
11/04/2020,11/04/2020,Incident maritime,,,,,,,,,,,,Aucun incident maritime,,
12/04/2020,12/04/2020,Incident maritime,,,,,,,,,,,,Aucun incident maritime,,
13/04/2020,13/04/2020,Incident maritime,,,,,,,,,,,,Aucun incident maritime,,
14/04/2020,14/04/2020,Incident maritime,,,,,,,,,,,,Aucun incident maritime,,
15/04/2020,15/04/2020,Incident maritime,,,,,,,,,,,,Aucun incident maritime,,
16/04/2020,16/04/2020,Incident maritime,,,,,,,,,,,,Aucun incident maritime,,
17/04/2020,17/04/2020,Incident maritime,,,,,,,,,,,,Aucun incident maritime,,
18/04/2020,18/04/2020,Incident maritime,,,,,,,,,,,,Aucun incident maritime,,
19/04/2020,19/04/2020,Incident maritime,,,,,,,,,,,,Aucun incident maritime,,
20/04/2020,20/04/2020,Incident maritime,,,,,,,,,,,,Aucun incident maritime,,
21/04/2020,21/04/2020,Incident maritime,,,,,,,,,,,,Aucun incident maritime,,
22/04/2020,22/04/2020,Incident maritime,,,,,,,,,,,,Aucun incident maritime,,
23/04/2020,23/04/2020,Incident maritime,,,,,,,,,,,,Aucun incident maritime,,
24/04/2020,24/04/2020,Incident maritime,,,,,,,,,,,,Aucun incident maritime,,
25/04/2020,25/04/2020,Incident maritime,,,,,,,,,,,,Aucun incident maritime,,
26/04/2020,26/04/2020,Incident maritime,,,,,,,,,,,,Aucun incident maritime,,
27/04/2020,27/04/2020,Incident maritime,,,,,,,,,,,,Aucun incident maritime,,
28/04/2020,28/04/2020,Incident maritime,,,,,,,,,,,,Aucun incident maritime,,
29/04/2020,29/04/2020,Incident maritime,,,,,,,,,,,,Aucun incident maritime,,
30/04/2020,30/04/2020,Incident maritime,,,,,,,,,,,,Aucun incident maritime,,
01/05/2020,01/05/2020,Incident maritime,,,,,,,,,,,,Aucun incident maritime,,
02/05/2020,02/05/2020,Incident maritime,,,,,,,,,,,,Aucun incident maritime,,
03/05/2020,03/05/2020,Incident maritime,,,,,,,,,,,,Aucun incident maritime,,
04/05/2020,04/05/2020,Incident maritime,,,,,,,,,,,,Aucun incident maritime,,
05/05/2020,05/05/2020,Incident maritime,,,,,,,,,,,,Aucun incident maritime,,
06/05/2020,,Incident maritime,03 juin 2020:Naufrage pirogue pêcheur,ANALALAVA,,Nosy Lava,,,47.6603,-14.5364,,,,"Le 03 juin 2020 vers 15 heures 20 près de Nosy Lava, un naufrage d’une pirogue en bois est survenu. Trois personnes parmi les quatre pêcheurs traditionnels à bord ont réussi à rejoindre le littoral au niveau Fokontany Anjango, CR Ambolobozo dans le district d’Analalava le 03 et le 04 Juin 2020.  L’un d’eux n’a pas encore été retrouvé. La petite embarcation était en provenance d’Analalava et à destination de Nosy Lava. La cause principale du naufrage est la hauteur des vagues. Des recherches ont été déployées par les autorités d’Analalava et de Nosy Lava. ","Avec le retour de l’hiver austral, le vent d’Alizée commence à prendre de la force près des côtes Malagasy amenant de fortes vagues près des côtes. La mise aux normes, notamment, l’obligation d’avoir des moyens de transmission d’alerte en cas de détresse, le port de gilets de sauvetage des occupants des embarcations traditionnelles ainsi que la mise en place de station transmettant les information météo, est indispensable afin de réduire la perte en vie humaine dans le secteur maritime à Madagascar.",2020-05-06
07/05/2020,07/05/2020,Incident maritime,,,,,,,,,,,,Aucun incident maritime,,
08/05/2020,08/05/2020,Incident maritime,,,,,,,,,,,,Aucun incident maritime,,
09/05/2020,09/05/2020,Incident maritime,,,,,,,,,,,,Aucun incident maritime,,
10/05/2020,10/05/2020,Incident maritime,,,,,,,,,,,,Aucun incident maritime,,
11/05/2020,,Incident maritime,30 Octobre 2020:Naufrage d'une pirogue de pêche:3 personnes à bord:1 vivant_1 mort_1disparu,ANALALAVA,,Tsarakoditra,,,47.6392,-14.8081,,,,"Le vendredi 30 octobre 2020 vers 13h, une embarcation de pêche sans moteur a sombré avec trois (03) personnes à bord, au large de Doany, fokontany Tsarakoditra, CU et district Analalava. L’un des trois occupants, dénommée Dominique, a survécu et a été retrouvé avec l’embarcation, tandis que les deux (02) autres (Moravelo et Tatainy) ont disparu. Les autorités locales, aidées le fokonolona, ont déployé une vedette pour poursuivre les recherches. L’un des deux est retrouvé mort le 06 Novembre 2020 vers 5H30 du matin mais l’autre n’a pas encore été retrouvé.","Dans la journée de l’incident, des vents du Nord-ouest de 5 à 10 nœuds devenant Sud-est de 10 à 25 nœuds et 30 nœuds près d’Analalava, le lieu d’incident, composaient les conditions météorologiques à Analalava. Des avis de menace de vents forts ont été annoncés entrainant l’interdiction des sorties en mer des petites embarcations.",2020-05-11
12/05/2020,12/05/2020,Incident maritime,,,,,,,,,,,,Aucun incident maritime,,
13/05/2020,,Incident maritime,11 mai:Echouage NAIMA:boutre à voile,MAINTIRANO,,port Maintirano,,,44.01736,-18.06673,,,,"Le 11 Mai 2020 vers 21H00C, le boutre à voile en bois NAIMA reliant Mahajanga et Maintirano s’est échoué à Ampasimandroro, Maintirano. Le 10 Mai 2020, il a quitté le port de Mahajanga à destination de Maintirano, avec 06 personnes à bord. Il était au mouillage en attendant la marée haute lorsque l’ancre n’a pas tenu à cause d’un coup de vent et l’a fait dériver vers les hauts-fonds. Par conséquent, 80% des marchandises transportées (matériaux de construction et produits de premières nécessités) ont pu être récupérées, tandis que l’embarcation a été totalement endommagée. Les personnes à bord sont saines et sauves.","Actuellement, la voie maritime assure 95% du ravitaillement de la ville de Maintirano. Le trafic est trop important avec parfois des surcharges sur les embarcations, généralement des boutres en bois à voile et/ou à moteur. Les entretiens de ces embarcations devraient être réguliers et les contrôles des navires par les Autorités périodiques.",2020-05-13
14/05/2020,14/05/2020,Incident maritime,,,,,,,,,,,,Aucun incident maritime,,
15/05/2020,15/05/2020,Incident maritime,,,,,,,,,,,,Aucun incident maritime,,
16/05/2020,16/05/2020,Incident maritime,,,,,,,,,,,,Aucun incident maritime,,
17/05/2020,17/05/2020,Incident maritime,,,,,,,,,,,,Aucun incident maritime,,
18/05/2020,18/05/2020,Incident maritime,,,,,,,,,,,,Aucun incident maritime,,
19/05/2020,19/05/2020,Incident maritime,,,,,,,,,,,,Aucun incident maritime,,
20/05/2020,20/05/2020,Incident maritime,,,,,,,,,,,,Aucun incident maritime,,
21/05/2020,21/05/2020,Incident maritime,,,,,,,,,,,,Aucun incident maritime,,
22/05/2020,,Incident maritime,18 mai:Naufrage pirogue,SOANIERANA IVONGO,,Fandrarazana Tanambao,,,49.72671,-16.74656,,,,"Le 18 mai 2020 vers 15H00 dans l’après-midi, une pirogue en provenance du fokontany Tanambao Ambodimanga, dans la Commune Rurale de Manompana, district de Soanierana Ivongo, a coulé au large de Fandrarazana, fokontany de Tanambao Ambondimanga. Elle a embarqué à bord le rameur et une famille composée des parents dont la femme est enceinte de cinq mois et leur fillette de 12 ans. A leur retour à l’entrée de la passe au niveau de l’embouchure, la pirogue a chaviré. Seul le rameur a été sauvé. Les trois autres sont morts noyés et échoués sur la plage en fin de la journée du 18 mai 2020. Cet incident serait dû à la mauvaise condition météorologique.","La mise au norme, notamment l’obligation de port du gilet de sauvetage, l’obligation d’avoir des moyens de transmission d’alerte en cas de détresse, de ces embarcations traditionnelles est une étape importante à imposer afin de réduire la perte en vie humaine dans le secteur maritime à Madagascar. ",2020-05-22
22/05/2020,,Incident maritime,11 mai:Naufrage pirogue à voile DXE,ANALALAVA,,Nosy Morintsa_Nosy Lava,,,47.623,-14.466,,,,"Le 11 mai 2020 vers 08H00 du matin, une pirogue à voile nommée DXE d’environ 7m de long et 3m de large, en provenance de Nosy Faly, District de Nosy Be le 10 mai 2020 et à destination d’Aranta Mahajanga, a fait naufrage au large, entre Nosy Morintsa (Nosy Saba) et Nosy Lava, entre la Commune urbaine Analalava et la Commune rurale d'Ambolobozo dans le district Analalava. Le vent fort du Sud-Est a cassé le bras avant du balancier de la pirogue et l’a fait chavirer. L’un des membres d’équipage, un dénommé JOFRE Eddy Alain âgé de 24ans, s’était accroché sur une glacière et a été emporté par le courant. Il a été sauvé par des pêcheurs à l’Ouest au large de Nosy Lava le 14 mai 2020 vers 20H00 du soir et évacué à Analalava pour être soigné. Tandis que les quatre (04) autres équipages, dénommés Lezara, Dada, Lava et Bezara, accrochés sur le balancier, n’ont pas été retrouvés. La pirogue renversée a été aussi emportée par le courant marin. Les membres d’équipage n’étaient pas équipés de gilets de sauvetages. L’APMF a procédé aux opérations SAR.",,2020-05-22
23/05/2020,23/05/2020,Incident maritime,,,,,,,,,,,,Aucun incident maritime,,
24/05/2020,24/05/2020,Incident maritime,,,,,,,,,,,,Aucun incident maritime,,
25/05/2020,25/05/2020,Incident maritime,,,,,,,,,,,,Aucun incident maritime,,
26/05/2020,,Incident maritime,23 mai:Noyade mortelle,NOSY VARIKA,,CR Sahavelo,,,48.5396,-20.57926,,,,"La nuit du 23 Mai 2020, dans le Canal des Pangalanes, un élément de la Gendarmerie, en service à Sahavato, s’est noyé près de la Commune de Sahavelo. Le navire qui le transportait a chaviré à cause de mauvaise condition météorologique et la victime tomba à l’eau. Depuis cette nuit, la recherche a été faite tout le long du Canal des Pangalanes et le corps sans vie n’a été retrouvé que le 26 Mai 2020 vers 06h du matin. La victime et ses deux collègues étaient en déplacement retour de mission de Mananjary.",,2020-05-26
27/05/2020,27/05/2020,Incident maritime,,,,,,,,,,,,Aucun incident maritime,,
28/05/2020,28/05/2020,Incident maritime,,,,,,,,,,,,Aucun incident maritime,,
29/05/2020,,Incident maritime,25 mai:Noyade mortelle d'un plongeur,AMBANJA,,Ankazoberavina Bemanevika,,,47.97623,-13.48646,,,,"Le lundi 25 Mai 2020 vers 10H00, un groupe de touristes ont fait un bivouac dans l’île d’Ankazoberavina, située dans la Commune Urbaine d’Ambanja, région DIANA. A bord d’une vedette rapide, ils étaient au nombre de 05 étrangers. L’un d’eux, nommé FELICI Alessandro, de nationalité Italienne a fait une plongée pour une chasse sous-marine et une pêche. Quelques heures après, l’homme n’est pas remonté et ses camarades ont alertés les autorités locales. Après une longue recherche, le corps sans vie de ce jeune homme de 24 ans a été retrouvé au large. Une enquête est en cours.","Les côtes malagasy regorgent de sites de plongée intéressantes, riches en biodiversité. Cependant, les plongées sous-marines ne sont pas sans dangers et doivent ainsi être effectuées dans les meilleurs conditions de sécurité.",2020-05-29
30/05/2020,30/05/2020,Incident maritime,,,,,,,,,,,,Aucun incident maritime,,
31/05/2020,31/05/2020,Incident maritime,,,,,,,,,,,,Aucun incident maritime,,
01/06/2020,01/06/2020,Incident maritime,,,,,,,,,,,,Aucun incident maritime,,
02/06/2020,02/06/2020,Incident maritime,,,,,,,,,,,,Aucun incident maritime,,
03/06/2020,03/06/2020,Incident maritime,,,,,,,,,,,,Aucun incident maritime,,
04/06/2020,04/06/2020,Incident maritime,,,,,,,,,,,,Aucun incident maritime,,
05/06/2020,,Incident maritime,06 mai 2020: Corps sans vie sur la plage,FARAFANGANA,,Embouchure Manampatrana,,,47.83864,-22.82042,,,,"Le 05 mai 2020, dans la matinée sur les rives de la plage de Farafangana, notamment dans la partie de l’embouchure de Manapatrana, un corps sans vie disparu depuis le samedi 02 mai 2020 a été trouvé. Il s’agit d’un homme de 29 ans, nommé RANDRIATIANA Augustin, domicilié dans le fokontany Mahasoa.  Selon les membres de la famille, la noyade serait due à une suicide à la suite d’une déception amoureuse.",,2020-06-05
06/06/2020,06/06/2020,Incident maritime,,,,,,,,,,,,Aucun incident maritime,,
07/06/2020,,Incident maritime,26 juin 2020:Disparition pêcheur:Pirogue à voile VALIMBAVAKA,BESALAMPY,,Baie de Grenouille SOANENGA,,,44.4242,-16.5761,,,,"Le 26 juin 2020 vers 03h du matin, un pêcheur a été porté disparu dans la baie de Grenouille, à environ 60 km à l’Ouest du Fokontany de Vilamatsaha, Commune Rurale de Soanenga, District de Besalampy. A bord de la pirogue à voile VALIMBAVAKA, en partance de Mahajanga, neuf (09) pêcheurs sont venus pêcher dans cette zone. Mais pendant que le navire était stoppé, l’un d’eux a profité pour faire son besoin et il a été happé par une vague. Il n’a pas été retrouvé.",Le port du gilet de sauvetage dans les petites embarcations n’est pas toujours respecté. Un suivi strict des mesures de sécurité dans le secteur maritime doit être exercé par les autorités responsables afin de réduire les pertes en vie humaine.,2020-06-07
08/06/2020,08/06/2020,Incident maritime,,,,,,,,,,,,Aucun incident maritime,,
09/06/2020,09/06/2020,Incident maritime,,,,,,,,,,,,Aucun incident maritime,,
10/06/2020,10/06/2020,Incident maritime,,,,,,,,,,,,Aucun incident maritime,,
11/06/2020,,Incident maritime,06 Novembre 2020:Nauvrage avant départ YVAN: LCT,SOANIERANA IVONGO,,Débarcadère ,,,49.587235,-16.915447,,,,"Le 06 novembre 2020 vers 6h30 du matin, au débarcadère de Soanierana Ivongo, le LCT YVAN, navire de transport de marchandises à destination de Matsokely, a chaviré après une embardée vers la droite pendant sa mise en marche après l’embarquement des marchandises. La position du navire sur le débarcadère lors de son chargement en est la cause avec la proue qui est encore hors de la mer sur le rivage. Cinq (05) personnes, dont le commandant et le propriétaire du camion, étaient à bord. Le navire avait à son bord un camion Renault de couleur blanche chargé de PPN pesant à peu près 10 tonnes, du sable et environ 3 tonnes d’eau. Aucune blessure ni perte en vie humaine n’est à déplorer, mais les marchandises, dont le camion, sont tombées dans l’eau.  Des PPN ont pu être récupérés. Les autorités cherchent encore le moyen de remonter le camion et le navire. Il est à noter que le débarcadère est destiné seulement aux bacs et celui de Soanirana Ivongo n’est pas opérationnel depuis le 30 octobre 2020. Le LCT l’a remplacé depuis","La bonne répartition des charges à bord des navires n’est pas toujours respectée par les membres d’équipage à Madagascar. Parfois, les membres d’équipage ne maitrisent pas la notion de stabilité des navires et effectuent des chargements au hasard, sans calculer ce paramètre très important, résultant ainsi par le chavirement de certains navires. Ainsi, des formations en stabilité devraient être dispensées pour les membres d’équipage et les responsables des débarcadères afin que de tels incidents ne se reproduisent. ",2020-06-11
12/06/2020,12/06/2020,Incident maritime,,,,,,,,,,,,Aucun incident maritime,,
13/06/2020,13/06/2020,Incident maritime,,,,,,,,,,,,Aucun incident maritime,,
14/06/2020,14/06/2020,Incident maritime,,,,,,,,,,,,Aucun incident maritime,,
15/06/2020,15/06/2020,Incident maritime,,,,,,,,,,,,Aucun incident maritime,,
16/06/2020,16/06/2020,Incident maritime,,,,,,,,,,,,Aucun incident maritime,,
17/06/2020,,Incident maritime,13 juin 2020:Disparition 5 pêcheurs:coque à moteur en fibre NANOU,AMBANJA,,Nosy Berafia,,,47.7591,-14.00095,,,,"Le mercredi 10 juin 2020, trois (03) coques à moteur dénommées FRUITS DE MER avec 11 équipages, NANOU et NEPTUNE avec 5 équipages chacune, ont quitté Nosy Be à destination de Nosy Berafia des îlots Radama, Fokontany de Berafia dans Commune Rurale Anorontsangana, district d’Ambanja. Arrivés le même jour au lieu de pêche, les pêcheurs ont commencé leur activité le jeudi 11 Juin 2020 au large du Nosy Berafia sans se séparer de vue. La nuit du vendredi 12 au samedi 13 Juin 2020, la coque dénommée NANOU, 7m de long, avec ses 5 équipages a disparu.  Les pêcheurs ont commencé la recherche à bord de FRUITS DE MER et NEPTUNE sans résultat. Les pêcheurs ont signalé par téléphone le propriétaire à Nosy Be qui a par la suite envoyé 01 Catamaran et 01 Voilier comme renfort pour la recherche, le dimanche 14 Juin 2020. Après une longue recherche sur 50km de rayon aux alentours dans le sens du courant, les deux coques sont retournées au port de Nosy Be sans résultat. Le propriétaire n’a signalé les autorités locales telles que l’APMF, que le mardi 16 juin 2020. ","Les disparitions des navires sont surtout dues aux pannes techniques (cale défaillante, panne moteur), le surcharge et les conditions météorologiques défavorables aux sorties en mer entrainant un fort courant marin ou de fortes houles. A cela s’ajoute le manque de communication des capitaines des navires et armateurs avec les autorités compétentes (APMF, Gendarmerie Nationale, Service Météorologique) qui retarde les opérations de recherche et sauvetage. La recherche nécessite aussi le déploiement d’aéronefs pour avoir plus de visibilité.",2020-06-17
18/06/2020,18/06/2020,Incident maritime,,,,,,,,,,,,Aucun incident maritime,,
19/06/2020,19/06/2020,Incident maritime,,,,,,,,,,,,Aucun incident maritime,,
20/06/2020,20/06/2020,Incident maritime,,,,,,,,,,,,Aucun incident maritime,,
21/06/2020,21/06/2020,Incident maritime,,,,,,,,,,,,Aucun incident maritime,,
22/06/2020,,Incident maritime,20 juin 2020:Disparition d'un pêcheur:Pirogue traditionnelle,FENOARIVO ATSINANANA,,Tampolo CR Ampasina,,,49.40383,-17.27949,,,,"Dans la matinée du vendredi 20 juin 2020, un pêcheur âgé de 22 ans a disparu à bord d’une petite embarcation en bois. L’incident est survenu dans la partie du fokontany Tanambao Tampolo Commune Rurale d’Ampasina Maningory, district de Fenoarivo Atsinanana. En effet, le pêcheur est parti en mer vers 8 heures du matin pour pêcher. Selon les membres de sa famille, il devait retourner au village vers la fin de la matinée. Pourtant, il n’est pas revenu. Sa famille a donc saisi la « radiom-paritra » pour aviser le public afin de trouver le pêcheur entre Antalaha et Fenerive Est. Le 22 juin 2020 vers 09H00 heures locales, le corps sans vie du pêcheur a été retrouvé par d’autres pêcheurs à environ 5 miles nautiques (9.26km) au sud du lieu de l’incident, près de l’embouchure d’Itendro dans le fokontany d’Amboakarivo, CR Ambodimanga II dans le district de Fenoarivo Atsinanana.","Cet incident a coïncidé avec le passage du mauvais temps annoncé au préalable par le service Météo déconseillant formellement les sorties en mer. Cependant, bien que les sorties en mer soient déconseillées, cela n’a pas empêché les pêcheurs d’effectuer leur activité quotidienne au bout d’une période plus longue. La précarité des pêcheurs est un facteur limitant la mise en place d’une sécurité maritime efficace.",2020-06-22
23/06/2020,23/06/2020,Incident maritime,,,,,,,,,,,,Aucun incident maritime,,
24/06/2020,24/06/2020,Incident maritime,,,,,,,,,,,,Aucun incident maritime,,
25/06/2020,25/06/2020,Incident maritime,,,,,,,,,,,,Aucun incident maritime,,
26/06/2020,26/06/2020,Incident maritime,,,,,,,,,,,,Aucun incident maritime,,
27/06/2020,27/06/2020,Incident maritime,,,,,,,,,,,,Aucun incident maritime,,
28/06/2020,28/06/2020,Incident maritime,,,,,,,,,,,,Aucun incident maritime,,
29/06/2020,29/06/2020,Incident maritime,,,,,,,,,,,,Aucun incident maritime,,
30/06/2020,30/06/2020,Incident maritime,,,,,,,,,,,,Aucun incident maritime,,
01/07/2020,01/07/2020,Incident maritime,,,,,,,,,,,,Aucun incident maritime,,
02/07/2020,02/07/2020,Incident maritime,,,,,,,,,,,,Aucun incident maritime,,
03/07/2020,03/07/2020,Incident maritime,,,,,,,,,,,,Aucun incident maritime,,
04/07/2020,04/07/2020,Incident maritime,,,,,,,,,,,,Aucun incident maritime,,
05/07/2020,05/07/2020,Incident maritime,,,,,,,,,,,,Aucun incident maritime,,
06/07/2020,06/07/2020,Incident maritime,,,,,,,,,,,,Aucun incident maritime,,
07/07/2020,07/07/2020,Incident maritime,,,,,,,,,,,,Aucun incident maritime,,
08/07/2020,08/07/2020,Incident maritime,,,,,,,,,,,,Aucun incident maritime,,
09/07/2020,09/07/2020,Incident maritime,,,,,,,,,,,,Aucun incident maritime,,
10/07/2020,10/07/2020,Incident maritime,,,,,,,,,,,,Aucun incident maritime,,
11/07/2020,11/07/2020,Incident maritime,,,,,,,,,,,,Aucun incident maritime,,
12/07/2020,12/07/2020,Incident maritime,,,,,,,,,,,,Aucun incident maritime,,
13/07/2020,13/07/2020,Incident maritime,,,,,,,,,,,,Aucun incident maritime,,
14/07/2020,14/07/2020,Incident maritime,,,,,,,,,,,,Aucun incident maritime,,
15/07/2020,,Incident maritime,15 juillet 2020:Corps mort sur la plage,MAHAJANGA,,Fkt Maroala,,,46.305,-15.7091,,,,"Le corps d’un homme sans vie a été retrouvé sur la plage de Mahajanga, dans le Fokontany de Maroala. Il s’agit d’un homme, environ de 50 ans. D’après le constat du décès effectué par les éléments de la Gendarmerie Nationale, la cause du décès aurait été par noyade.","Les circonstances dans lesquelles l’homme s’est noyé, restent inconnues.",2020-07-15
16/07/2020,16/07/2020,Incident maritime,,,,,,,,,,,,Aucun incident maritime,,
17/07/2020,17/07/2020,Incident maritime,,,,,,,,,,,,Aucun incident maritime,,
18/07/2020,18/07/2020,Incident maritime,,,,,,,,,,,,Aucun incident maritime,,
19/07/2020,19/07/2020,Incident maritime,,,,,,,,,,,,Aucun incident maritime,,
20/07/2020,20/07/2020,Incident maritime,,,,,,,,,,,,Aucun incident maritime,,
21/07/2020,21/07/2020,Incident maritime,,,,,,,,,,,,Aucun incident maritime,,
22/07/2020,22/07/2020,Incident maritime,,,,,,,,,,,,Aucun incident maritime,,
23/07/2020,23/07/2020,Incident maritime,,,,,,,,,,,,Aucun incident maritime,,
24/07/2020,24/07/2020,Incident maritime,,,,,,,,,,,,Aucun incident maritime,,
25/07/2020,25/07/2020,Incident maritime,,,,,,,,,,,,Aucun incident maritime,,
26/07/2020,26/07/2020,Incident maritime,,,,,,,,,,,,Aucun incident maritime,,
27/07/2020,27/07/2020,Incident maritime,,,,,,,,,,,,Aucun incident maritime,,
28/07/2020,28/07/2020,Incident maritime,,,,,,,,,,,,Aucun incident maritime,,
29/07/2020,29/07/2020,Incident maritime,,,,,,,,,,,,Aucun incident maritime,,
30/07/2020,30/07/2020,Incident maritime,,,,,,,,,,,,Aucun incident maritime,,
31/07/2020,31/07/2020,Incident maritime,,,,,,,,,,,,Aucun incident maritime,,
01/08/2020,01/08/2020,Incident maritime,,,,,,,,,,,,Aucun incident maritime,,
02/08/2020,02/08/2020,Incident maritime,,,,,,,,,,,,Aucun incident maritime,,
03/08/2020,03/08/2020,Incident maritime,,,,,,,,,,,,Aucun incident maritime,,
04/08/2020,04/08/2020,Incident maritime,,,,,,,,,,,,Aucun incident maritime,,
05/08/2020,05/08/2020,Incident maritime,,,,,,,,,,,,Aucun incident maritime,,
06/08/2020,06/08/2020,Incident maritime,,,,,,,,,,,,Aucun incident maritime,,
07/08/2020,07/08/2020,Incident maritime,,,,,,,,,,,,Aucun incident maritime,,
08/08/2020,08/08/2020,Incident maritime,,,,,,,,,,,,Aucun incident maritime,,
09/08/2020,09/08/2020,Incident maritime,,,,,,,,,,,,Aucun incident maritime,,
10/08/2020,10/08/2020,Incident maritime,,,,,,,,,,,,Aucun incident maritime,,
11/08/2020,11/08/2020,Incident maritime,,,,,,,,,,,,Aucun incident maritime,,
12/08/2020,12/08/2020,Incident maritime,,,,,,,,,,,,Aucun incident maritime,,
13/08/2020,13/08/2020,Incident maritime,,,,,,,,,,,,Aucun incident maritime,,
14/08/2020,14/08/2020,Incident maritime,,,,,,,,,,,,Aucun incident maritime,,
15/08/2020,15/08/2020,Incident maritime,,,,,,,,,,,,Aucun incident maritime,,
16/08/2020,16/08/2020,Incident maritime,,,,,,,,,,,,Aucun incident maritime,,
17/08/2020,17/08/2020,Incident maritime,,,,,,,,,,,,Aucun incident maritime,,
18/08/2020,18/08/2020,Incident maritime,,,,,,,,,,,,Aucun incident maritime,,
19/08/2020,19/08/2020,Incident maritime,,,,,,,,,,,,Aucun incident maritime,,
20/08/2020,20/08/2020,Incident maritime,,,,,,,,,,,,Aucun incident maritime,,
21/08/2020,21/08/2020,Incident maritime,,,,,,,,,,,,Aucun incident maritime,,
22/08/2020,22/08/2020,Incident maritime,,,,,,,,,,,,Aucun incident maritime,,
23/08/2020,23/08/2020,Incident maritime,,,,,,,,,,,,Aucun incident maritime,,
24/08/2020,,Incident maritime,22 Aout 2020:Remorquage FAGNOLE:Vedette rapide:Panne technique,VOHEMAR,,Fanambana_Manambery,,SAR,50.123,-13.684,,,,"La nuit du 22 Août 2020 vers 18h30mn, le navire FAGNOLE a subi une panne technique entre Vohémar et Antalaha. Parti de Vohémar le 22 Août 2020 à destination de Foulpointe, la barre de direction et la ligne de mouillage du navire ont été endommagées selon son capitaine. Un autre navire a été envoyé par l’APMF pour l’assister mais il n’a pas réussi à le retrouver et le capitaine du navire a été injoignable le jour de la recherche. Le 23 Août 2020 vers 10h00mn, ledit navire a donné signe à partir du téléphone du Capitaine.  Le 24 aout 2020, il était à une position entre Fanambana et Manambery (soit 25 km de Vohémar). En conséquence, un navire de secours a été envoyé vers ce lieu pour assister le FAGNOLE. Le 24 Août 2020 vers le début de l’après-midi, le navire est arrivé à Vohémar remorqué par le navire RAYAN. Les 04 personnes à bord sont saines et sauves.","L’équipement des navires en matériels adéquats pour signaler les difficultés en mer est indispensable afin d’améliorer les résultats et éviter des pertes de temps et carburants pour les recherches. La mise en place de stations de surveillance près des zones à forte densité du trafic permet également de suivre le trafic maritime et de déceler les navires qui présenteraient des difficultés. Le 22 Aout 2020, les conditions météorologiques entre le cap d’Ambre et le cap Est ont été constituées par un vent de Sud à Sud-est de 10 à 15 nœuds atteignant localement 20 à 25 nœuds au Nord de Vohémar. La mer était agitée, avec une houle de 2 à 2,5 m. ",2020-08-24
25/08/2020,,Incident maritime,23 Aout 2020:Chavirement pirogue à voile:Mauvais état  de la mer:9 personnes:Un mort ,SOALALA,,Anjiamaloto,,,45.3286,-16.021,,,,"Le 23 Août 2020 vers 11h, une pirogue à voile a chaviré au large de Besada, quartier Antranolava, Fokontany Anjiamaloto, Commune et District de Soalala, Région Boeny. Cette pirogue, avec 09 personnes à bord était partie de Soalala à destination de Mahajanga. Mais, à cause du mauvais état de la mer, la pirogue a chaviré et un homme de 30 ans dénommé Monsieur HAJASOA Herinandrasana Jean Luc était tombé à la mer. À la suite de cet incident, la Gendarmerie Nationale de Soalala a envoyé une vedette rapide pour porter secours aux victimes. En conséquence, 08 personnes sont saines et sauves. Le 26 aout 2020 vers 01H00 du matin sur la plage aux alentours du lieu de l’incident, le corps de la personne disparue a été trouvé. ","Le 23 Aout 2020, les prévisions météorologiques entre le cap Saint André et Analalava ont été constituées par un vent de Sud-est de 10 à 15 nœuds localement de 20 à 25 nœuds le matin. La mer était belle à peu agitée. En général, le temps était favorable au déplacement des petites embarcations. Le chavirement peut être dû à plusieurs facteurs, dont le vent, la répartition des charges à bord et l’étanchéité de la coque, etc…",2020-08-25
26/08/2020,,Incident maritime,26 Aout 2020:Dérive cargo YASA UNITY:Pav Iles Marshall:Panne générateur diesel,VOHEMAR,,,,SAR,53.118617,-12.727967,,,,"Le 26 aout 2020 vers 11H00C, le navire cargo YASA UNITY, de pavillon Iles Marshall, MMSI : 538002548 a été signalé en dérive vers les côtes Est malagasy à environ 202 nautiques (374,104km) à l’Est de Vohémar à l’entrée de notre ZEE. Ce navire a quitté le port de Mina Saqr aux Emirates Arabes Unies le 27 juillet 2020, à destination du port Elisabeth en Afrique du Sud. La dérive est due à une panne du générateur diesel et un problème électrique. Il se déplace vers l’Ouest avec une vitesse de 2.8 nœuds. Le remorqueur de pavillon Malte BOKA SUMMIT a quitté Port Louis le 26 Aout 2020 vers 11H02 heures universelles pour assister le navire et le remorquer vers Durban Afrique du Sud. ","Détecté par le CROSS Réunion, pendant qu’il était dans la ZEE Tromelin, le navire YASA UNITY a signalé par son AIS qu’il n’était pas maitre de sa manœuvre. Il est ensuite entré dans la ZEE de Madagascar et l’APMF a commencé à prendre en charge la coordination de l’assistance du navire. Les conditions météorologiques ont contribué à le faire dériver vers les côtes Malagasy. Heureusement, le remorqueur est arrivé à temps pour assister le navire et écarter le danger de naufrage près des côtes Malagasy.",2020-08-26
27/08/2020,27/08/2020,Incident maritime,,,,,,,,,,,,Aucun incident maritime,,
28/08/2020,28/08/2020,Incident maritime,,,,,,,,,,,,Aucun incident maritime,,
29/08/2020,29/08/2020,Incident maritime,,,,,,,,,,,,Aucun incident maritime,,
30/08/2020,30/08/2020,Incident maritime,,,,,,,,,,,,Aucun incident maritime,,
31/08/2020,31/08/2020,Incident maritime,,,,,,,,,,,,Aucun incident maritime,,
01/09/2020,01/09/2020,Incident maritime,,,,,,,,,,,,Aucun incident maritime,,
02/09/2020,02/09/2020,Incident maritime,,,,,,,,,,,,Aucun incident maritime,,
03/09/2020,,Incident maritime,Incendie MS SAMBIRANO:Pav MADAGASCAR,MAHAJANGA,,Quai Orange,,,46.30734,-15.72506,,,,"Le 09 mars 2020 vers 16 heures au quai Orange du port de Mahajanga, un incendie a eu lieu à bord du navire MS SAMBIRANO, IM : D/S 00.016. Le feu est causé par la soudure des rambardes. Trois (03) cabines ont été touchées par le feu faute de l’extinction tardive. Les soudeurs sont des sous-traitant du titulaire des travaux. Ils ont oublié de vérifier les entourages de leur travail, alors qu’un éclat de feu glissé dans une cabine. Un agent de l’APMF a déjà procédé un constat provisoire de cette incendie.","La fin de mois de février 2020, le navire MS SAMBIRANO a débuté son trafic maritime entre Maintirano et Mahajanga. Arrivée au quai, l’équipage passe à l’entretien des parties anormales du navire comme la soudure. Les mesures de sécurité surtout au port devront être toujours respectées. Cette indisponibilité du MS SAMBIRANO affectera l’économie dans la région Melaky et Boeny car il assure une part considérable du transport de personnels et marchandises. De plus, la voie terrestre reste dans un état délabré et la voie aérienne trop chère pour la population.   ",2020-09-03
04/09/2020,04/09/2020,Incident maritime,,,,,,,,,,,,Aucun incident maritime,,
05/09/2020,05/09/2020,Incident maritime,,,,,,,,,,,,Aucun incident maritime,,
06/09/2020,06/09/2020,Incident maritime,,,,,,,,,,,,Aucun incident maritime,,
07/09/2020,,Incident maritime,08 juillet 2020:Naufrage du boutre PETER:Fortes houles,MAINTIRANO,,Ampasimandoro ,,,44.0189,-18.0851,,,,"Le 08 Juillet 2020 vers 08h du matin, le boutre dénommé PETER a fait naufrage au large de la plage Ampasimandroro, Commune et District de Maintirano. Ce boutre a quitté le port de Maintirano le même jour vers 05h du matin pour remorquer les boutres qui sont au mouillage au large. Mais à cause du mauvais temps, la coque du boutre a été frappée par une vague entrainant son naufrage. Aucune perte en vie humaine n’a été observée durant cet incident.",Certains ports de Madagascar sont très difficiles d’accès à cause des vagues qui se déferlent sur les chenaux d’accès provoquant souvent des naufrages et des chavirements de navires. La mise en place de brise-lames au niveau de ces ports est indispensable pour assurer la sécurité des usagers ainsi que le développement du transport maritime à Madagascar.,2020-09-07
08/09/2020,08/09/2020,Incident maritime,,,,,,,,,,,,Aucun incident maritime,,
09/09/2020,09/09/2020,Incident maritime,,,,,,,,,,,,Aucun incident maritime,,
10/09/2020,10/09/2020,Incident maritime,,,,,,,,,,,,Aucun incident maritime,,
11/09/2020,11/09/2020,Incident maritime,,,,,,,,,,,,Aucun incident maritime,,
12/09/2020,,Incident maritime,08 décembre 2020:Echouage d'un baleineau,NOSY BE,,Arbre sacré,,,48.251059,-13.409133,,,,"Le 08 novembre 2020, un cadavre d’un baleineau, estimé à 11m sur 03m et pesant environ 03T, a été découvert sur les côtes de la région de Matsinja, à environ 300 m au nord de l’Arbre sacré, à l’ouest d’Hell Ville à Nosy Be. Ayant pris connaissance des faits, le Maire de la Commune Urbaine de Nosy Be est descendu sur terrain, avec les sauveteurs de la Commune, et a ordonné à ce que l’animal ne soit pas consommé car on ne connait pas les raisons de sa mort. L’animal a été incinéré sur place le 09 décembre 2020 dans l’après-midi afin d’éviter tout incident sanitaire lié à sa consommation dont la chair et l’huile sont très convoitées par les riverains. Selon les techniciens de la Direction de la Pêche et de l’Aquaculture, ainsi que les chercheurs du CNRO (Centre National de Recherches Océanographiques) de Nosy Be, c'est une des espèces les plus menacées et à protéger  et à ne pas négliger dans le développement du tourisme.","Les baleines migrent au large de nos côtes pour se reproduire d’octobre à décembre chaque année, pendant la saison chaude. Puis, elles migrent vers les pôles à la recherche de température froide. L’échouement du baleineau serait causé par une collision avec des navires ou la pollution marine ou une désorientation. Le manque voire l’inexistence de moyens pour la recherche scientifique est un grand problème pour la préservation de ces grands mammifères marins. L’analyse post-mortem sur place ne constitue qu’un diagnostic préalable, insuffisant pour conclure une décision scientifique.",2020-09-12
13/09/2020,13/09/2020,Incident maritime,,,,,,,,,,,,Aucun incident maritime,,
14/09/2020,14/09/2020,Incident maritime,,,,,,,,,,,,Aucun incident maritime,,
15/09/2020,15/09/2020,Incident maritime,,,,,,,,,,,,Aucun incident maritime,,
16/09/2020,16/09/2020,Incident maritime,,,,,,,,,,,,Aucun incident maritime,,
17/09/2020,17/09/2020,Incident maritime,,,,,,,,,,,,Aucun incident maritime,,
18/09/2020,18/09/2020,Incident maritime,,,,,,,,,,,,Aucun incident maritime,,
19/09/2020,19/09/2020,Incident maritime,,,,,,,,,,,,Aucun incident maritime,,
20/09/2020,20/09/2020,Incident maritime,,,,,,,,,,,,Aucun incident maritime,,
21/09/2020,21/09/2020,Incident maritime,,,,,,,,,,,,Aucun incident maritime,,
22/09/2020,22/09/2020,Incident maritime,,,,,,,,,,,,Aucun incident maritime,,
23/09/2020,23/09/2020,Incident maritime,,,,,,,,,,,,Aucun incident maritime,,
24/09/2020,,Incident maritime,23 Septembre 2020:Noyade d'un garçon,MAHAJANGA,,Village touristique,,,46.307438,-15.702975,,,,"Le 23 septembre 2020 vers 17 heures près du Village Touristique à Antsahabingo, Commune Urbaine de Mahajanga, Région Boeny, un garçon de 16 ans a disparu en essayant de sauver une fille.  En nageant dans la mer un peu plus au large, une jeune fille a été emportée par les vagues, et appela au secours.  Deux (02) garçons se baignant aux alentours ont essayé de la sauver mais l’un d’eux a disparu d’un coup pendant qu’ils rejoignaient la plage. Une fois alertée, les équipes du sapeur-pompier et de la Gendarmerie ont commencé la recherche du jeune garçon. Le corps n’a été retrouvé que le 24 septembre 2020 vers 16H02 heures locales, à environ 100m derrière l’hôtel Karon à Antsahabingo, aux alentours du lieu de l’incident.","Durant le mois de Septembre 2020, 02 noyades mortelle sont déjà survenues sur cette plage. Les autorités locales continuent de sensibiliser la population de se conformer aux mesures de sécurité et de sûreté sur les sites balnéaires. La plaque d’interdiction de se baigner n’est pas toujours respectée par les jeunes gens de la ville. ",2020-09-24
25/09/2020,25/09/2020,Incident maritime,,,,,,,,,,,,Aucun incident maritime,,
26/09/2020,26/09/2020,Incident maritime,,,,,,,,,,,,Aucun incident maritime,,
27/09/2020,27/09/2020,Incident maritime,,,,,,,,,,,,Aucun incident maritime,,
28/09/2020,28/09/2020,Incident maritime,,,,,,,,,,,,Aucun incident maritime,,
29/09/2020,29/09/2020,Incident maritime,,,,,,,,,,,,Aucun incident maritime,,
30/09/2020,30/09/2020,Incident maritime,,,,,,,,,,,,Aucun incident maritime,,
01/10/2020,,Incident maritime,Migration irrégulière suspecte,MAHAJANGA,,Port,,,46.31098,-15.67061,,,,"Une vedette rapide en provenance de Mutsamudu sur l’île d’Anjouan aux Comores le 28 décembre 2019 embarquait 13 personnes à bord dont 4 équipages et 9 passagers. Il est censé rejoindre l’île de Mohéli mais l’embarcation est déclarée portée disparue depuis cette date. Le 10 janvier 2020 vers 5H 45, il est retrouvé au large d’Amborovy suite aux mauvais temps pour la navigation (forte tempête) et une panne mécanique selon les passagers. L’opération de sauvetage a été effectuée par les autorités portuaires du port de Mahajanga (PN – GN – APMF) avec les Sapeurs-Pompiers. Toutes les personnes à bord étaient rescapées ; toutefois une évacuation sanitaire a été opérée dont l’Espace médicale Mangarivotra a pris en charge pour soins médicaux. Après contrôle des papiers effectué par le Service de Police chargé de la migration, aucune immigration clandestine n’a été constatée. Le 13 janvier 2019 vers 09H05C, six personnes de sexe féminin sont embarquées par voie aérienne en direction des Comores. La coque est retenue à la Brigade du Port de Mahajanga.","L’arrivée de la vedette au large de Mahajanga sur la côte
Ouest de Madagascar nécessite une enquête plus
approfondie. Une suspicion de migration clandestine est
plausible à destination de Mayotte en partance d’Anjouan
compte tenu de la caractéristique des moyens utilisés durant
ce voyage : une coque en fibre poussée par trois (03) moteurs
hors-bord d’une puissance de 90 CV chacun, moyens
fréquemment utilisés par les passeurs de migrants entre les
Comores et Mayotte similaires aux « kwassa-kwassa ».
La distance approximative entre le point de départ d’Anjouan
et Mahajanga qui est de 268 nautiques, qui est
vraisemblablement largement éloignée l’un de l’autre et il est
difficile d’imaginer que ladite embarcation puisse dériver en
traversant cette longue distance. En effet, Mahajanga ne
serait pas une de leur destination finale mais Mayotte, il se
peut que celle-ci a rencontré un problème en mer ou une
présence française et ils ont décidé de changer leur
trajectoire.
Cependant, ils peuvent être considérés comme des migrants
fautes de papiers règlementaires car Madagascar pourrait être
aussi considérée comme leur destination prévue compte tenu
de la distance parcourue et les moyens engagés.",2020-10-01
01/10/2020,,Incident maritime,Dérive Vedette MLEZI 3:Pav COMORES ,MAHAJANGA,,Amborovy,,ACCIDENTS,46.30878,-15.69547,,,,"Refoulement vers Comores, de 13 personnes de nationalité comorienne qui font partie de passagers et équipages de l’embarcation MLEZI 3, retrouvée au large de Mahajanga : 
-	La première vague de rapatriement a eu lieu le 13 janvier 2020, composée de 6 personnes dont la majorité sont des femmes et des enfants ; 
-	La deuxième vague a eu lieu, le 20 janvier 2020 vers 09h56mn, composée de 7 personnes, à bord du vol 7D611, vers les Comores. 
A titre de rappel, la vedette qui a embarqué ces comoriens, a eu une panne mécanique, elle est restée en mer depuis le 28 décembre 2019 où il a été vu pour la dernière fois jusqu’au 10 janvier 2020, et tous les passagers et équipages sont récupérés et sauvés par les autorités locales de Mahajanga. ","Selon la convention internationale de 1989 sur l’assistance en mer, l’article 11 stipule qu’un Etat Partie prend en considération la nécessité d’une coopération entre les assistants, les autres parties intéressées et les autorités publiques, afin d’assurer une exécution efficace et réussie des opérations d’assistance pour sauver des vies ou des biens en danger, aussi bien que pour prévenir les dommages à l’environnement en général. A cet effet, l’Etat Malagasy, représenté par les autorités portuaires (APMF, PN, GN), a secouru toutes les personnes se trouvant dans l’embarcation avant d’entamer les procédures de rapatriement vers leurs pays d’origine. Une enquête administrative a été ouverte pour ce cas pour déterminer s’il s’agit réellement d’un Maritime Incidents ou un cas de migration irrégulière, la suite de l’enquête déterminera la cause exacte de ce voyage. Quant aux matériels du navire, les 03 moteurs sont stockés au consulat des Comores à Mahajanga tandis que la coque est sous la surveillance de la Brigade port Mahajanga. ",2020-10-01
02/10/2020,,Incident maritime,Noyade mortelle garcon ,VATOMANDRY,,Fleuve Sandamanangy,,,48.98466,-19.32692,,,,"Le dimanche 09 février 2020 vers 16H00, un garçon de 14 ans dénommé RALAHINIRINA Lorencio, demeurant à VohitsaraVatomandry, est mort noyé dans l’embouchure du fleuve Sandramanangy de Vatomandry. Ils étaient au nombre de quatre (04) garçons en train de se baigner lorsque les forts courants occasionnés par la rencontre entre le fleuve et la mer ont provoqué la noyade mortelle du garçon. Ses trois (03) camarades ont appelé les secours qui n’ont pas pu sauver la vie de la victime.","Avec des caractéristiques un peu particulier, les embouchures sont difficiles à décrire tant sur les états de la mer que sur le flux des fleuves. En ce sens, ces endroits devraient être caractérisés par des multiples paramètres météorologiques. Par conséquent, les navigateurs et les nageurs pourraient être surpris par des évènements inattendus qui pourraient provoquer des accidents. De même, les usagers de ces embouchures n’ont pas assez de connaissance des caractéristiques géologique d’un littoral (formation sédimentaire ou d’étoc ou autres)",2020-10-02
03/10/2020,03/10/2020,Incident maritime,,,,,,,,,,,,Aucun incident maritime,,
04/10/2020,04/10/2020,Incident maritime,,,,,,,,,,,,Aucun incident maritime,,
05/10/2020,05/10/2020,Incident maritime,,,,,,,,,,,,Aucun incident maritime,,
06/10/2020,06/10/2020,Incident maritime,,,,,,,,,,,,Aucun incident maritime,,
07/10/2020,,Incident maritime,09 juillet 2020:Dérive et echouage LEGEND:Vedette rapide:4 Mauriciens:Panne hydraulique,ANTALAHA,,Ambohitralanana,,,50.4754,-15.2809,,,,"Le 09 Juillet 2020 vers 00h05mn, les villageois d’Ambodirafia, Commune Rurale d’Ambohitralalana, District d’Antalaha, ont constaté une vedette de plaisance mauricienne, avec 04 ressortissants mauriciens à bord, échouée sur la plage. Sans plus tarder, ils ont avisé le Peloton de Surveillance Côtière de la Gendarmerie Nationale (GN) à Ambohitralalana. En arrivant, sur le lieu vers 09h45mn, ils ont trouvé un navire de plaisance en fibre de polyester dénommé LEGEND, avec l’immatriculation : 7436-0L/12 et de couleur blanche. A bord du navire équipé d’un moteur Yamaha puissant de 150 chevaux, les matériels suivants sont inventoriés : 02 nourrices de 50 litres et 02 nourrices de 25 litres vides, 12 gilets de sauvetages, 02 cannes à pêche 80m, 02 canopes déchirés par le vent et 01 tuyau d’huile vérin endommagé. Le navire a quitté l’île Maurice le 01er Juillet 2020 vers 15H00C, pour effectuer une pêche au large. La panne hydraulique de la barre de direction avec un boitier coupé est survenue le même jour vers 17H30C, entrainant la dérive de l’embarcation vers la côte Est Malagasy pendant plus d’une semaine. Les Mauriciens sont mis en quarantaine dans l’Hôtel Résidence à Ambohitralanana en attendant les mesures de rapatriement.",,2020-10-07
08/10/2020,,Incident maritime,06 aout 2020:Disparition de 3 pêcheurs:Pirogue traditionnelle,SAMBAVA,,Farahalana,,,50.1765,-14.4191,,,,"Durant la nuit du 06 Août 2020, quatre (04) pêcheurs dénommés Fety Honoré 46 ans, Manjolily Roger Victor (43 ans), Hiss Thony (30 ans) et Kavy Tofick, ont disparu au large de Farahalana dans le district de Sambava. Le jeudi 06 Aout 2020 vers 01h30mn dans la matinée, ils sont partis de chez eux à bord d’une seule pirogue. Le samedi 08 Août 2020 vers 10h, Monsieur Kavy Tofick a été retrouvé sain et sauf au bord de la plage près du lieu de l’incident, les trois autres n’ont pas encore été retrouvés. D’après l’explication du survivant, l’incident était dû au passage d’une grande baleine qui a frappé la mer avec sa queue et a engendré une vague provoquant le naufrage de la pirogue. L’Agence Portuaire Maritime et Fluviale (APMF) et la Gendarmerie sur place ont entamé les recherches.","A partir du mois de juillet jusqu’en novembre, les baleines sont de passage au large de nos côtes, surtout dans le Nord-est. L’approche de ces cétacées nécessite des techniques particulières afin de ne pas les déranger. Les petites embarcations sont vulnérables aux fortes houles. De plus, les piroguiers ne portent pas en général des gilets de sauvetage, lesquels doivent être obligatoire avant de prendre la mer. ",2020-10-08
09/10/2020,09/10/2020,Incident maritime,,,,,,,,,,,,Aucun incident maritime,,
10/10/2020,10/10/2020,Incident maritime,,,,,,,,,,,,Aucun incident maritime,,
11/10/2020,11/10/2020,Incident maritime,,,,,,,,,,,,Aucun incident maritime,,
12/10/2020,12/10/2020,Incident maritime,,,,,,,,,,,,Aucun incident maritime,,
13/10/2020,,Incident maritime,12 Octobre 2020:Echouage de TANTERAKA:Boutre à voile:Aucune perte humaine,MITSINJO,,Ile Makamby,,Recif corallien:Marée basse,45.908715,-15.718372,,,,"En date du 12 Octobre 2020 vers 8 h du matin, un boutre à voile sans moteur, dénommé « TANTERAKA » en provenance de Mahajanga et à destination de l’île Makamby, fokontany Kingany, C.R Antongomena Bevary, district Mitsinjo s’est échoué sur un récif corallien. Les six personnes membres de l’équipage sont saines et sauves. D’après la narration des victimes, cette embarcation a quitté Mahajanga le 08 octobre 2020 aux environs de 4 heures du matin et a navigué trop près du littoral. Ce navire a été chargé de 3 tonnes de marchandises dont des sacs de riz, des sucres et diverses marchandises. Les autorités portuaires à savoir l’APMF, ont déjà été avisées de cet accident. Après une réparation rapide, cette embarcation a pu reprendre sa route. Elle est arrivée à Soalala le 12 octobre 2020 vers minuit. Aucune perte humaine n’a été déplorée. Toutefois, une partie des marchandises à bord a été inondée.","Le jour de l’incident, du cap Saint André a Analalava, le vent était de Sud Sud-est de 10 à 15 nœuds le matin puis de secteur Ouest de 10 à 20 nœuds vers l'après-midi. La mer était belle avec quelques averses localement orageuses. L’échouement du boutre sur le récif seraient dû à une erreur humaine accompagnée généralement de manque de matériels de navigation à bord (carte de navigation, radar et GPS). ",2020-10-13
14/10/2020,14/10/2020,Incident maritime,,,,,,,,,,,,Aucun incident maritime,,
15/10/2020,15/10/2020,Incident maritime,,,,,,,,,,,,Aucun incident maritime,,
16/10/2020,16/10/2020,Incident maritime,,,,,,,,,,,,Aucun incident maritime,,
17/10/2020,17/10/2020,Incident maritime,,,,,,,,,,,,Aucun incident maritime,,
18/10/2020,18/10/2020,Incident maritime,,,,,,,,,,,,Aucun incident maritime,,
19/10/2020,19/10/2020,Incident maritime,,,,,,,,,,,,Aucun incident maritime,,
20/10/2020,20/10/2020,Incident maritime,,,,,,,,,,,,Aucun incident maritime,,
21/10/2020,21/10/2020,Incident maritime,,,,,,,,,,,,Aucun incident maritime,,
22/10/2020,22/10/2020,Incident maritime,,,,,,,,,,,,Aucun incident maritime,,
23/10/2020,23/10/2020,Incident maritime,,,,,,,,,,,,Aucun incident maritime,,
24/10/2020,24/10/2020,Incident maritime,,,,,,,,,,,,Aucun incident maritime,,
25/10/2020,25/10/2020,Incident maritime,,,,,,,,,,,,Aucun incident maritime,,
26/10/2020,,Incident maritime,23 octobre 2020:Naufrage vedette rapide,MAROANTSETRA,,Anjahana,,,49.8608,-15.4163,,,,"Le 23 octobre 2020 vers 7 heures du matin, à la sortie de l’embouchure de Maroantsetra, une vedette en fibre en provenance de Maroantsetra à destination du fokontany Navana de la CR Anjahana dans le district de Maroantsetra a sombré à cause du mauvais temps.  Après avoir été avisées à temps par TPH vers 07h 15 par le PCA Tourisme Maroantsetra du naufrage de cette vedette, les équipes de la Gendarmerie Nationale et la Police Nationale se sont dépêchées pour secourir les occupants. Les douze (12) passagers et deux (02) membres d’équipage à bord ont été sauvés. D’autres embarcations ont prêté main forte lors de cette opération de sauvetage. La vedette a pu être récupérée et remorquée vers le port de Maroantsetra le jour même de l’incident. L’APMF de cette localité a pris en charge cette affaire. Les autorités locales ont procédé à la sensibilisation des usagers de la mer sur l’interdiction de naviguer en cas de mauvais temps pour éviter les éventuels accidents.","Depuis un certain temps, malgré les efforts déployés quant à la sensibilisation sur l’interdiction de naviguer en cas de mauvais temps, certains récalcitrants refusent de se conformer aux avis communiqués par les autorités portuaires ainsi que les autorités administratives locales.  Etant donné que le coût d’un déploiement pour les opérations SAR est relativement élevé, les équipages méritent des sanctions sévères à titre de correction. Néanmoins, des campagnes de sensibilisation devraient être priorisées avec d’autres entités liées aux activités en mer, avec le renforcement des contrôles systématiques à chaque embarquement pour vérifier le port des gilets de sauvetage ainsi que la conformité aux procédures du chargement.  ",2020-10-26
27/10/2020,,Incident maritime,23 Octobre 2020:EVASAN 3 equipages:navire cargo NEW COURAGE:Un mort,TAOLAGNARO,,,,,47.021833,-25.021667,,,,"Le 23 Octobre 2020 un navire cargo NEW COURAGE a demandé une assistance médicale au CROSS réunion à cause d’un problème médical concernant 03 membres d’équipages dont le second capitaine du navire, à la position 25°01.30'S - 047°01.31'E, à environ 1,25 nautiques (2.32km) au Nord-Est de Taolagnaro. Etant donné que le navire était situé en SRR Madagascar, le CROSS a donné la coordination au JRCC Madagascar, lequel a saisi le CRCO de Fort Dauphin qui a pris en charge la gestion de cette assistance. A cet effet, le CRCO a décidé de ne pas débarquer les malades car le navire était passé par des pays fortement frappés par la maladie d’Ebola. Par contre des médecins ont été envoyés à bord de ce navire pour soigner ces patients. Pendant toute la nuit, l’état de santé de l’un d’entre eux s’est aggravé et a nécessité une évacuation sanitaire d’urgence. Un avion en provenance de Nairobi-Kenya a été prévu le récupérer mais a été annulé à cause d’indisponibilité de l’avion. L’armateur a ensuite décidé d’évacuer les patients à la Réunion, mais pendant cette navigation, l’un des patients a perdu la vie. ","Dans la conjoncture actuelle, notamment la crise sanitaire, l’évacuation sanitaire en mer dépend fortement des multiples conditions. Les opérations EVASAN maritime reste une affaire délicate.  Cette situation a été critique, la prise en charge des grosses urgences médicales par voie aérienne est la meilleure solution, mais faute de moyen, l’armateur n’a pas pu l’effectuer. Madagascar ne dispose pas encore de moyens suffisants pour les opérations SAR malgré l’importance du trafic maritime dans les eaux sous nôtres juridictions. ",2020-10-27
28/10/2020,28/10/2020,Incident maritime,,,,,,,,,,,,Aucun incident maritime,,
29/10/2020,29/10/2020,Incident maritime,,,,,,,,,,,,Aucun incident maritime,,
30/10/2020,30/10/2020,Incident maritime,,,,,,,,,,,,Aucun incident maritime,,
31/10/2020,31/10/2020,Incident maritime,,,,,,,,,,,,Aucun incident maritime,,
01/11/2020,01/11/2020,Incident maritime,,,,,,,,,,,,Aucun incident maritime,,
02/11/2020,,Incident maritime,Panne moteur MS STEPHAN:Pav MADAGASCAR,ANTALAHA,,17 km NE Vinanivao,,,50.62392,-16.04328,,,,"Le 09 Février 2020 vers 17h, suite à une panne moteur, le boutre MS STEPHAN, en provenance d’Antalaha, est échoué au Nord-Est, à 9 nautiques (17.35 km) de VINANIVAO. En transit dans cette zone, le navire MV SERAYA, pavillon Tanzanie, MMSI : 677084800 a remorqué ce boutre jusqu’à Sainte Marie. Les quinze (15) passagers du MS STEPHAN sont désormais sains et saufs. Le 12 février 2020, ces deux (2) navires sont au mouillage au large d’Ambatoraho-Sainte Marie.","En principe, en cas de difficulté en mer occasionnant le dysfonctionnement du moteur d’un navire, il existe des navires spéciaux, chargés du remorquage. Toutefois, certains bateaux peuvent effectuer un remorquage sous réserve des techniques exigées par les normes en matière de sauvetage. Pour le cas de Madagascar, malgré les coûts du remorquage plus ou moins élevés ou autres paramètres indéfinis comme le cas de ces embarcations en question, certains ne veulent pas accoster le port officiellement connu par l’administration portuaire pour motif inconnu.",2020-11-02
03/11/2020,03/11/2020,Incident maritime,,,,,,,,,,,,Aucun incident maritime,,
04/11/2020,04/11/2020,Incident maritime,,,,,,,,,,,,Aucun incident maritime,,
05/11/2020,05/11/2020,Incident maritime,,,,,,,,,,,,Aucun incident maritime,,
06/11/2020,06/11/2020,Incident maritime,,,,,,,,,,,,Aucun incident maritime,,
07/11/2020,07/11/2020,Incident maritime,,,,,,,,,,,,Aucun incident maritime,,
08/11/2020,08/11/2020,Incident maritime,,,,,,,,,,,,Aucun incident maritime,,
09/11/2020,09/11/2020,Incident maritime,,,,,,,,,,,,Aucun incident maritime,,
10/11/2020,10/11/2020,Incident maritime,,,,,,,,,,,,Aucun incident maritime,,
11/11/2020,11/11/2020,Incident maritime,,,,,,,,,,,,Aucun incident maritime,,
12/11/2020,12/11/2020,Incident maritime,,,,,,,,,,,,Aucun incident maritime,,
13/11/2020,13/11/2020,Incident maritime,,,,,,,,,,,,Aucun incident maritime,,
14/11/2020,14/11/2020,Incident maritime,,,,,,,,,,,,Aucun incident maritime,,
15/11/2020,15/11/2020,Incident maritime,,,,,,,,,,,,Aucun incident maritime,,
16/11/2020,16/11/2020,Incident maritime,,,,,,,,,,,,Aucun incident maritime,,
17/11/2020,,Incident maritime,16 Novembre 2020:EVASAN à bord voilier INTREPID,NOSY BE,,Hell Ville,,,48.281163,-13.40765,,,,"Contacté par le CROSS Réunion le 16 novembre 2020, le JRCC Madagascar a coordonné l’évacuation sanitaire d’une américaine de 50 ans, souffrant de mal de mer et d’anxiété à bord du voilier INTREPID, pavillon Etats-Unis d’Amérique et MMSI 367685220, en provenance des Seychelles et à destination du port de Richard Bay en Afrique du Sud. Le débarquement de la patiente a eu lieu au port de Nosy Be le 17 novembre 2020 vers 14H40Mn heures locales. Le voilier a mouillé devant le Centre National de Recherches Océanographiques (CNRO) le même jour vers 16H20Mn heures locales.","En cette période, l’APMF entrevoie d’améliorer l’opérationnalité de l’action de l’Etat en mer en ce qui concerne la recherche et sauvetage, et une meilleure coordination des opérations SAR dans la zone SRR de Madagascar par l’opérationnalisation d’un MRCC. Cela permettra d’optimiser la sûreté et la sécurité maritime dans les eaux sous juridictions de Madagascar.",2020-11-17
18/11/2020,18/11/2020,Incident maritime,,,,,,,,,,,,Aucun incident maritime,,
19/11/2020,19/11/2020,Incident maritime,,,,,,,,,,,,Aucun incident maritime,,
20/11/2020,20/11/2020,Incident maritime,,,,,,,,,,,,Aucun incident maritime,,
21/11/2020,21/11/2020,Incident maritime,,,,,,,,,,,,Aucun incident maritime,,
22/11/2020,22/11/2020,Incident maritime,,,,,,,,,,,,Aucun incident maritime,,
23/11/2020,23/11/2020,Incident maritime,,,,,,,,,,,,Aucun incident maritime,,
24/11/2020,24/11/2020,Incident maritime,,,,,,,,,,,,Aucun incident maritime,,
25/11/2020,25/11/2020,Incident maritime,,,,,,,,,,,,Aucun incident maritime,,
26/11/2020,26/11/2020,Incident maritime,,,,,,,,,,,,Aucun incident maritime,,
27/11/2020,27/11/2020,Incident maritime,,,,,,,,,,,,Aucun incident maritime,,
28/11/2020,28/11/2020,Incident maritime,,,,,,,,,,,,Aucun incident maritime,,
29/11/2020,29/11/2020,Incident maritime,,,,,,,,,,,,Aucun incident maritime,,
30/11/2020,30/11/2020,Incident maritime,,,,,,,,,,,,Aucun incident maritime,,
01/12/2020,01/12/2020,Incident maritime,,,,,,,,,,,,Aucun incident maritime,,
02/12/2020,02/12/2020,Incident maritime,,,,,,,,,,,,Aucun incident maritime,,
03/12/2020,03/12/2020,Incident maritime,,,,,,,,,,,,Aucun incident maritime,,
04/12/2020,04/12/2020,Incident maritime,,,,,,,,,,,,Aucun incident maritime,,
05/12/2020,05/12/2020,Incident maritime,,,,,,,,,,,,Aucun incident maritime,,
06/12/2020,,Incident maritime,01er juin 2020:Disparition 5 pêcheurs:coque à moteur en fibre BALEINE V,NOSY BE,,large Nosy Mitsio,,,48.57972,-12.56261,,,,"Parti du port de Nosy Be le 28 Mai 2020, le navire de pêche BALEINE V avec cinq (05) équipages à bord reste introuvable jusqu’à ce jour. D’habitude, ce navire effectue régulièrement trois (03) jours de pêche en haute mer au large de Nosy Mitsio et revient au port à l’issue. Vue que les huit (08) autres navires qui sont partis avec ce navire disparu à la même date sont déjà revenus au port, les familles de ces cinq membres d’équipage sont inquiètes et ont avisé les autorités locales. L’Agence Portuaire Maritime et Fluviale (APMF) a entamé les recherches.","La disparition du navire BALEINE V a été annoncé le 11 juin 2020, soit 10 jours après l’incident. Equipé d’un moteur hors-bord de 15CV, la coque aurait eu une panne moteur en haute mer. Ce qui pourrait entrainer une dérive vers les côtes comoriennes ou mahoraises, emportée par le courant marin. Les dispositifs recommandés pour la préservation des vies humaines en mer ne sont pas encore utilisés à Madagascar. Les heures de départ et d’arrivée probable ainsi que les directions prévues pour les activités devraient être toujours enregistrées auprès des Autorités portuaires (APMF, CSP) afin de permettre une intervention à temps, en cas de détresse. De plus, les embarcations avec les personnels à bord devraient toujours être équipés d’EPI et des appareils de communications, vérifiés par les Autorités portuaires avant leur départ.",2020-12-06
07/12/2020,07/12/2020,Incident maritime,,,,,,,,,,,,Aucun incident maritime,,
08/12/2020,08/12/2020,Incident maritime,,,,,,,,,,,,Aucun incident maritime,,
09/12/2020,,Incident maritime,07 Septembre 2020:Dérive du GPL GRA JA:Pav Gabon:Panne pompe d'huile,MADAGASCAR,,Sud de Lavanono,,,46.204444,-28.005556,,,,"Le 06 septembre 2020 vers 18H21 heures locales, le navire pétrolier (GLP) GRA JA de pavillon Gabon, MMSI : 626088000, est entré dans la ZEE de Madagascar, dans la partie Sud des côtes malagasy, en provenance du port de Rio de Janeiro (Brésil). Le 07 septembre 2020 vers 11H50 heures locales, le navire a été en dérive avec une vitesse de 1,9 nœud, à environ 172 nautiques (319 km) au Sud d’Ambovombe, à cause d’un problème avec la pompe de circulation d’huile du moteur principal mais n’a pas demandé assistance. Le 08 septembre 2020, le CFIM a contacté l’armateur du navire via mail sur la situation du navire et l’intention de son capitaine mais n’a pas obtenu de réponse. Le 12 septembre 2020, vers une heure de matin, heures locales, il a quitté la ZEE Madagascar, avec une vitesse de 10,3 nœuds.","Le CFIM assure une veille du trafic maritime de façon permanente dans la ZEE de Madagascar. Tous les évènements provenant de navire doté du système AIS qui se produisent dans cette zone sont détectées par le centre, tels que des activités douteuses ou inhabituelles ou les difficultés des navires. Pour éviter et prévenir les éventuels dangers dans les ZEE, le CFIM s’assure de transmettre en temps opportun toutes les informations nécessaires aux autorités locales concernées ou autorités maritimes dans la région Océan Indien.",2020-12-09
10/12/2020,10/12/2020,Incident maritime,,,,,,,,,,,,Aucun incident maritime,,
11/12/2020,11/12/2020,Incident maritime,,,,,,,,,,,,Aucun incident maritime,,
12/12/2020,12/12/2020,Incident maritime,,,,,,,,,,,,Aucun incident maritime,,
13/12/2020,13/12/2020,Incident maritime,,,,,,,,,,,,Aucun incident maritime,,
14/12/2020,14/12/2020,Incident maritime,,,,,,,,,,,,Aucun incident maritime,,
15/12/2020,,Incident maritime,09 Décembre 2020:Naufrage Pirogue traditionnelle,MANAKARA,,Mananjary,,,48.34839,-21.268669,,,,"Le 09 Décembre 2020 à Mananjary, la pirogue traditionnelle d’un pêcheur dénommé Jasmin a fait naufrage. Le pêcheur a été porté disparu pendant 4 jours mais a pu être secouru, à Manakara, le dimanche 13 décembre 2020.","Sur la côte Est, les pêcheurs à bord des pirogues traditionnelles sont très vulnérables aux fortes houles en mer. Lors de l’incident, le vent était d’est à nord-est allant de 05 à 15 nœuds. L’état de la mer était agité à fort, avec des pluies. Les déplacements en mer en binôme au moins sont à recommander pour les usagers de la mer. Ils devront aussi être équipés de kits de sécurité appropriés ",2020-12-15
16/12/2020,16/12/2020,Incident maritime,,,,,,,,,,,,Aucun incident maritime,,
17/12/2020,17/12/2020,Incident maritime,,,,,,,,,,,,Aucun incident maritime,,
18/12/2020,18/12/2020,Incident maritime,,,,,,,,,,,,Aucun incident maritime,,
19/12/2020,19/12/2020,Incident maritime,,,,,,,,,,,,Aucun incident maritime,,
20/12/2020,20/12/2020,Incident maritime,,,,,,,,,,,,Aucun incident maritime,,
21/12/2020,21/12/2020,Incident maritime,,,,,,,,,,,,Aucun incident maritime,,
22/12/2020,,Incident maritime,21 Décembre 2020:Naufrage d'une boutre à voile,AMBANJA,,Ankifigny,,,48.340156,-13.54688,,,,"Le 21 décembre 2020 vers 14H00 heures locales au large de Doanin’Ankifigny à Ambanja, un boutre à voile transportant une fratrie de sept (7) personnes à bord, et transportant des marchandises destinées au marché de Nosy Be comme les charbons de bois et des produits de roseau, a fait naufrage suite à un vent fort accompagné de forte pluie. L’embarcation a quitté Antetezambato (Nosy faly District Ambanja) le même jour vers 03H00 heures locales du matin avec une mer et vent calme. Vers 13H00C, à l’approche de Nosy Be, les conditions météorologiques deviennent défavorables aux petites embarcations entrainant le cassage des balanciers et le naufrage du boutre. Les habitants du village d'Ankifigny ont aperçu l’accident en mer du littoral et ont prêté mains fortes avec des pirogues et des vedettes rapides. Les sept personnes à bord sont saines et sauves si 55% des marchandises ont pu être récupérées.","Les conditions météorologiques comme les vents forts et fortes houles sont parmi les facteurs principaux d’accidents des navires en mer. De plus, les pirogues traditionnelles et les boutres à voile sont les plus vulnérables aux aléas naturels. De plus, le mécanisme de déclenchement des SAR par les embarcations concernées fait toujours défaut.",2020-12-22
22/12/2020,,Incident maritime,21 Décembre 2020:Homme à la mer:Vraquier EGRET OASIS:Pav Hong Kong,TAOLAGNARO,,,,,48.220974,-25.818527,,,,"Le 21 décembre 2020 vers 10H48 heures locales, MRCC Réunion a reçu, par le biais de JRCC Stavanger (Norvège), une alerte de détresse signalant un marin de 31 ans tombé du navire vraquier EGRET OASIS, battant pavillon Hong-Kong, OMI 9592006, MMSI 477224700, à la position 25°50.00'S et 048°14.00'E (124 nautiques au Sud-est de Taolagnaro, ZEE Madagascar). L’opération de recherche en mer est coordonnée par JRCC Madagascar avec le soutien de MRCC Réunion.",Les normes de sécurité et de sureté maritime devraient être appliquées strictement et respectées vigoureusement par les usagers de la mer afin de limiter les accidents en mer. Les rappels réguliers devraient se tenir au niveau de chaque embarcation.,2020-12-22
23/12/2020,23/12/2020,Incident maritime,,,,,,,,,,,,Aucun incident maritime,,
24/12/2020,,Incident maritime,23 Décembre 2020:Découverte cadavre,TOAMASINA,,,,,49.419225,-18.13821,,,,"Le 23 Décembre 2020 vers 17h, un cadavre a été découvert par les pêcheurs au bord de la mer à l’Est de la cité Vohitsara Toamasina. Après le constat effectué par la Police Judiciaire, la Police Scientifique et Technique, et la BMH locale, il s’agit d’un corps d’un homme de 34 ans, mort par noyade, et qui a été disparue depuis le 20 Décembre 2020.","Les vacanciers sur la côte Est de Madagascar doivent être vigilants surtout entre ce mois de décembre jusqu’au février (saison cyclonique). De son côté, les autorités locales doivent sensibiliser leur population afin d’éviter les incidents maritimes (noyade, naufrage des navires, etc.).   ",2020-12-24
25/12/2020,25/12/2020,Incident maritime,,,,,,,,,,,,Aucun incident maritime,,
26/12/2020,26/12/2020,Incident maritime,,,,,,,,,,,,Aucun incident maritime,,
27/12/2020,27/12/2020,Incident maritime,,,,,,,,,,,,Aucun incident maritime,,
28/12/2020,28/12/2020,Incident maritime,,,,,,,,,,,,Aucun incident maritime,,
29/12/2020,29/12/2020,Incident maritime,,,,,,,,,,,,Aucun incident maritime,,
30/12/2020,,Incident maritime,29 Décembre 2020:Cadavre d'un dauphin,NOSY BE,,Ambondrona ,,,48.1872,-13.3748,,,,"Le 29 décembre 2020 vers 18 heures, le cadavre d’un dauphin a été trouvé sur la plage d'Ambondrona à Nosy Be par la population locale. La cause officielle de cet échouage n'est pas encore identifiée.","Malgré leur rôle important pour l’équilibre écologique de la vie marine, les dauphins sont parmi les espèces en danger. En ce sens, L'Union internationale pour la conservation de la nature (UICN) en charge de ce genre de mammifère marin est très sensible sur ce cas. Pour la solidarité avec la communauté internationale, les responsables Malagasy ont le devoir d’activer la recherche de cause de cet échouement.",2020-12-30
31/12/2020,,Incident maritime,25 Décembre 2020:Homme à la mer:Boutre à voile,ANTSOHIHY,,Antafiambotry,,,48.467,-13.3733,,,,"Le 25 décembre 2020, un homme de 25 ans domicilié dans le fokontany d’Anjianjia Commune Urbaine d’Antonibe, district d’Analalava avec six passagers ont été à bord d’un boutre, en transit d’Antsohihy vers Anjiajia. Au cours de ce trajet cet homme a dormi et en pleine mer, au large des côtes d’Antafiambotry, Commune Urbaine d’Antsohihy, vers 4 heures du matin, cet homme s’est jeté inconsciemment et spontanément dans la mer. D’après les six passagers avec lui y comprise son épouse, lors de cette tragédie, la cause exacte de cet incident n’a pas été déterminée. Le corps de la victime a été trouvé le samedi 26 décembre 2020 par l’APMF d’Antsohihy sur le lieu de l’accident. La Compagnie de la gendarmerie d’Antsohihy était saisie de cette affaire.","Pendant la saison cyclonique, la conformité aux informations annoncées joue un rôle important, surtout pour la population côtière. Par contre, certains commandants de navire et les passagers ne sont pas au courant de l’avis d’interdiction de naviguer lancé par le service Météo. Or, le lieu de l’accident qui s'est produit récemment est inclus dans le trajet du cyclone Chalane.",2020-12-31
01/01/2021,01/01/2021,Incident maritime,,,,,,,,,,,,Aucun incident maritime,,
02/01/2021,02/01/2021,Incident maritime,,,,,,,,,,,,Aucun incident maritime,,
03/01/2021,03/01/2021,Incident maritime,,,,,,,,,,,,Aucun incident maritime,,
04/01/2021,04/01/2021,Incident maritime,,,,,,,,,,,,Aucun incident maritime,,
05/01/2021,05/01/2021,Incident maritime,,,,,,,,,,,,Aucun incident maritime,,
06/01/2021,,Incidents maritimes ,31 Mai 2021:Dérive boutre ROYAL STAR:à voile et à  moteur:Panne moteur,NOSY BE,,Banc de Castor,,,48.47631,-12.84829,,,,"Le 31 mai 2021 à 10 heures, un boutre traditionnel en bois, motorisé, mesurant 7 mètres de long sur 3 mètres de large, a été localisé au large de Domoni, Anjouan par le détachement de la Garde Côte. Arrivés sur les lieux, les éléments de l'Unité Spécialisée de la Police Maritime (USP MAR) ont trouvé 4 personnes à bord. Emmenées au commissariat central de Mutsamudu pour enquête, les membres d’équipage du boutre, tous venant de la ville de Nosy Be, ont expliqué que, lorsqu’ils étaient partis à la pêche dans les eaux de Nosy Be, le boutre est tombé en panne moteur et a coulé ; En raison du courant fort, ils ont été entrainés jusqu’à ce lieu au large d’Anjouan après 12 jours en mer. Ils ne pouvaient appeler du secours car n’avaient aucun moyen de communication à bord. Ils sont retenus au service d'immigration de Mutsamudu pour enquête. Des informations des pêcheurs de Nosy Be ont été recueillies, selon lesquelles le boutre dénommé ""ROYAL STAR"" appartient à un habitant de Nosy Be. Des informations reçues ce 02 juin 2021 de la famille des rescapés, le navire, nouvellement construit par l’un d’eux, est dépourvu de papiers réglementaires relatifs à la navigation, sans nom ni numéro d'immatriculation et non équipé de GPS. Les pêcheurs ont quitté Nosy Be le 19 mai 2021 pour aller pêcher au large du banc de Castor, à environ 8 nautiques (15 km) à l’ouest de Nosy Mitsio, au Nord de Nosy Be.",,2021-01-06
07/01/2021,07/01/2021,Incident maritime,,,,,,,,,,,,Aucun incident maritime,,
08/01/2021,08/01/2021,Incident maritime,,,,,,,,,,,,Aucun incident maritime,,
09/01/2021,09/01/2021,Incident maritime,,,,,,,,,,,,Aucun incident maritime,,
10/01/2021,10/01/2021,Incident maritime,,,,,,,,,,,,Aucun incident maritime,,
11/01/2021,11/01/2021,Incident maritime,,,,,,,,,,,,Aucun incident maritime,,
12/01/2021,12/01/2021,Incident maritime,,,,,,,,,,,,Aucun incident maritime,,
13/01/2021,13/01/2021,Incident maritime,,,,,,,,,,,,Aucun incident maritime,,
14/01/2021,14/01/2021,Incident maritime,,,,,,,,,,,,Aucun incident maritime,,
15/01/2021,15/01/2021,Incident maritime,,,,,,,,,,,,Aucun incident maritime,,
16/01/2021,16/01/2021,Incident maritime,,,,,,,,,,,,Aucun incident maritime,,
17/01/2021,17/01/2021,Incident maritime,,,,,,,,,,,,Aucun incident maritime,,
18/01/2021,18/01/2021,Incident maritime,,,,,,,,,,,,Aucun incident maritime,,
19/01/2021,19/01/2021,Incident maritime,,,,,,,,,,,,Aucun incident maritime,,
20/01/2021,20/01/2021,Incident maritime,,,,,,,,,,,,Aucun incident maritime,,
21/01/2021,21/01/2021,Incident maritime,,,,,,,,,,,,Aucun incident maritime,,
22/01/2021,22/01/2021,Incident maritime,,,,,,,,,,,,Aucun incident maritime,,
23/01/2021,,Incidents Maritimes,20 Janvier 2021:Découverte cadavre,ANTSIRANANA,,Port Saline,,,49.238388,-12.30009,,,,"A la suite de l’accident survenu le 20 janvier 2021 impliquant un véhicule 4x4 Mitsubishi sur le pont d'Anamakia Antsiranana, deux (02) personnes ont été emportées par le courant d’eau et ont disparu. Après 48h de recherche effectuée par la 2ème RFI d’Antsiranana, a bord de leur zodiac, le corps de l’un d’eux a été retrouvé dans la mer, à proximité du port de la Compagnie Salinière de Madagascar, dans la commune rurale d'Antsahampano, district d'Antsiranana-ll. ",,2021-01-23
24/01/2021,24/01/2021,Incident maritime,,,,,,,,,,,,Aucun incident maritime,,
25/01/2021,25/01/2021,Incident maritime,,,,,,,,,,,,Aucun incident maritime,,
26/01/2021,26/01/2021,Incident maritime,,,,,,,,,,,,Aucun incident maritime,,
27/01/2021,27/01/2021,Incident maritime,,,,,,,,,,,,Aucun incident maritime,,
28/01/2021,28/01/2021,Incident maritime,,,,,,,,,,,,Aucun incident maritime,,
29/01/2021,29/01/2021,Incident maritime,,,,,,,,,,,,Aucun incident maritime,,
30/01/2021,30/01/2021,Incident maritime,,,,,,,,,,,,Aucun incident maritime,,
31/01/2021,31/01/2021,Incident maritime,,,,,,,,,,,,Aucun incident maritime,,
01/02/2021,01/02/2021,Incident maritime,,,,,,,,,,,,Aucun incident maritime,,
02/02/2021,02/02/2021,Incident maritime,,,,,,,,,,,,Aucun incident maritime,,
03/02/2021,03/02/2021,Incident maritime,,,,,,,,,,,,Aucun incident maritime,,
04/02/2021,04/02/2021,Incident maritime,,,,,,,,,,,,Aucun incident maritime,,
05/02/2021,,Incidents Maritimes,05 Février 2021:Mort d'un matelot:Accident de travail,TAOLAGNARO,,Vieux Port,,,46.995986,-25.027264,,,,"Le 05 février 2021 vers 7H30mn heures locales, lors de la récupération d’un bout (cordon) tombé à la mer, un matelot de 34 ans, membre d’équipage du navire MPC GRACE, à quai au vieux port de Taolagnaro, s’est trouvé coincé entre 2 navires. Ces 2 navires, en provenance de Toamasina, MPC GRACE, chargé de ciments et LE SAINT chargé de sacs de riz, se sont rapprochés brusquement en raison des vagues. Le matelot a perdu la vie sur le coup, et la Gendarmerie a été saisie de l’affaire.",,2021-02-05
06/02/2021,06/02/2021,Incident maritime,,,,,,,,,,,,Aucun incident maritime,,
07/02/2021,,Incidents Maritimes,07 Février 2021:Noyade mortelle,SOANIERANA IVONGO,,Bureau BTP,,,49.584775,-16.921633,,,,"Le 07 février 2021 vers 15H sur la plage Andatsadrano à Soanierana Ivongo, un homme de 30 ans, qui s’est baigné près du bureau des Travaux Publics de Soanierana Ivongo, a été emporté par la vague et a disparu. Après de longues recherches, le corps sans vie de la victime a été retrouvé près de l’endroit où il s’est noyé le 08 février 2021 vers 06h30mn. Après le constat effectué par la Police Nationale, la Gendarmerie Nationale et le médecin local, le corps de la victime a été remis à sa famille.",,2021-02-07
08/02/2021,08/02/2021,Incident maritime,,,,,,,,,,,,Aucun incident maritime,,
09/02/2021,09/02/2021,Incident maritime,,,,,,,,,,,,Aucun incident maritime,,
10/02/2021,10/02/2021,Incident maritime,,,,,,,,,,,,Aucun incident maritime,,
11/02/2021,11/02/2021,Incident maritime,,,,,,,,,,,,Aucun incident maritime,,
12/02/2021,12/02/2021,Incident maritime,,,,,,,,,,,,Aucun incident maritime,,
13/02/2021,13/02/2021,Incident maritime,,,,,,,,,,,,Aucun incident maritime,,
14/02/2021,14/02/2021,Incident maritime,,,,,,,,,,,,Aucun incident maritime,,
15/02/2021,15/02/2021,Incident maritime,,,,,,,,,,,,Aucun incident maritime,,
16/02/2021,16/02/2021,Incident maritime,,,,,,,,,,,,Aucun incident maritime,,
17/02/2021,17/02/2021,Incident maritime,,,,,,,,,,,,Aucun incident maritime,,
18/02/2021,,Incidents Maritimes,16 Février 2021:Naufrage Tefotefo,MORONDAVA,,,,,44.269168,-20.293154,,,,"Le 16 février 2021, une embarcation à moteur en bois communément appelée ‘’Tefotefo’’, avec une douzaine de passagers à bord, en provenance de Borogeny, commune rurale Mahasoarivo, district de Maintirano, a fait naufrage sur la côte de Nosikely, commune urbaine et préfecture de Morondava. Les témoins de l’accident ont affirmé qu’au départ de Borogeny le même jour, le temps paraissait beau, mais c’est à l’approche de Morondava que les vagues devenaient violentes et ont provoqué l’accident, sans compter les dizaines de tonnes de marchandises qui ont surchargées l’embarcation. Un avis de vigilance fortes houles et des vents forts a été lancé par le Service de la Météorologie dans cette zone depuis le 15 février 2021. Les passagers ont tout perdu leur marchandise et les bagages. Trois (03) d’entre eux sont mis en observation auprès du CHRR Namahora à Morondava. ",,2021-02-18
19/02/2021,19/02/2021,Incident maritime,,,,,,,,,,,,Aucun incident maritime,,
20/02/2021,20/02/2021,Incident maritime,,,,,,,,,,,,Aucun incident maritime,,
21/02/2021,21/02/2021,Incident maritime,,,,,,,,,,,,Aucun incident maritime,,
22/02/2021,22/02/2021,Incident maritime,,,,,,,,,,,,Aucun incident maritime,,
23/02/2021,23/02/2021,Incident maritime,,,,,,,,,,,,Aucun incident maritime,,
24/02/2021,24/02/2021,Incident maritime,,,,,,,,,,,,Aucun incident maritime,,
25/02/2021,25/02/2021,Incident maritime,,,,,,,,,,,,Aucun incident maritime,,
26/02/2021,26/02/2021,Incident maritime,,,,,,,,,,,,Aucun incident maritime,,
27/02/2021,27/02/2021,Incident maritime,,,,,,,,,,,,Aucun incident maritime,,
28/02/2021,,Incidents Maritimes,26 Février 2021:Noyage mortelle d'un plongeur:Ressortissant français,NOSY BE,,Nosy Taninkely,,,48.235366,-13.482514,,,,"Le 26 février 2021, un plongeur, ressortissant frainçais, âgé de 52 ans, denommé ONNO Morgan, domicilié à Djamajary a été trouvé mort par noyade, dans un ilot Nosy Tanikely, Arondissement de Hell-Ville, district de Nosy Be. Avant cet incident, lors d’une sortie en mer, cette victime a été à bord d’une vedette rapide avec deux autres personnes pour faire la pêche. Après constat effectué par le médécin légiste, le défunt aurait eu une hémorragie cérébrale et qui serait à l’origine de sa mort. Le consul honoraire de France à Nosy Be et les éléménts de la Gendarmerie Nationale (Brigade de Dzamanjary) ont assisté au constat du cadavre. Le déroulement de cet accident n’est pas encore déterminé, mais l'enquête était déjà ouverte. Il est à souligner que de sa belle biodiversité marine, cet ilot a un statut d’Aire Protégée Marine et Côtière qui attire les touristes.",,2021-02-28
01/03/2021,01/03/2021,Incident maritime,,,,,,,,,,,,Aucun incident maritime,,
02/03/2021,02/03/2021,Incident maritime,,,,,,,,,,,,Aucun incident maritime,,
03/03/2021,03/03/2021,Incident maritime,,,,,,,,,,,,Aucun incident maritime,,
04/03/2021,04/03/2021,Incident maritime,,,,,,,,,,,,Aucun incident maritime,,
05/03/2021,05/03/2021,Incident maritime,,,,,,,,,,,,Aucun incident maritime,,
06/03/2021,06/03/2021,Incident maritime,,,,,,,,,,,,Aucun incident maritime,,
07/03/2021,07/03/2021,Incident maritime,,,,,,,,,,,,Aucun incident maritime,,
08/03/2021,08/03/2021,Incident maritime,,,,,,,,,,,,Aucun incident maritime,,
09/03/2021,09/03/2021,Incident maritime,,,,,,,,,,,,Aucun incident maritime,,
10/03/2021,10/03/2021,Incident maritime,,,,,,,,,,,,Aucun incident maritime,,
11/03/2021,11/03/2021,Incident maritime,,,,,,,,,,,,Aucun incident maritime,,
12/03/2021,12/03/2021,Incident maritime,,,,,,,,,,,,Aucun incident maritime,,
13/03/2021,13/03/2021,Incident maritime,,,,,,,,,,,,Aucun incident maritime,,
14/03/2021,14/03/2021,Incident maritime,,,,,,,,,,,,Aucun incident maritime,,
15/03/2021,15/03/2021,Incident maritime,,,,,,,,,,,,Aucun incident maritime,,
16/03/2021,16/03/2021,Incident maritime,,,,,,,,,,,,Aucun incident maritime,,
17/03/2021,17/03/2021,Incident maritime,,,,,,,,,,,,Aucun incident maritime,,
18/03/2021,18/03/2021,Incident maritime,,,,,,,,,,,,Aucun incident maritime,,
19/03/2021,19/03/2021,Incident maritime,,,,,,,,,,,,Aucun incident maritime,,
20/03/2021,20/03/2021,Incident maritime,,,,,,,,,,,,Aucun incident maritime,,
21/03/2021,21/03/2021,Incident maritime,,,,,,,,,,,,Aucun incident maritime,,
22/03/2021,22/03/2021,Incident maritime,,,,,,,,,,,,Aucun incident maritime,,
23/03/2021,,Incidents Maritimes,17 Mars 2021:Homme mort à bord:Navire caboteur AURETIA,TOAMASINA,,Port,,,49.428528,-18.159593,,,,"Le 17 Mars 2021, le navire caboteur AURETIA, pavillon Malagasy, en partance d’Antalaha, est arrivé au port de Toamasina la nuit du 20 Mars 2021, avec le cadavre d’un jeune homme de 23 ans. Ce dernier a perdu sa vie à bord de ce navire durant leur trajet en haute mer à cause d’un problème d’estomac. Néanmoins, à leur arrivée au port, tous les passagers à bord dudit navire ont dû passer un test de Covid-19.",,2021-03-23
24/03/2021,24/03/2021,Incident maritime,,,,,,,,,,,,Aucun incident maritime,,
25/03/2021,25/03/2021,Incident maritime,,,,,,,,,,,,Aucun incident maritime,,
26/03/2021,26/03/2021,Incident maritime,,,,,,,,,,,,Aucun incident maritime,,
27/03/2021,27/03/2021,Incident maritime,,,,,,,,,,,,Aucun incident maritime,,
28/03/2021,28/03/2021,Incident maritime,,,,,,,,,,,,Aucun incident maritime,,
29/03/2021,29/03/2021,Incident maritime,,,,,,,,,,,,Aucun incident maritime,,
30/03/2021,30/03/2021,Incident maritime,,,,,,,,,,,,Aucun incident maritime,,
31/03/2021,31/03/2021,Incident maritime,,,,,,,,,,,,Aucun incident maritime,,
01/04/2021,01/04/2021,Incident maritime,,,,,,,,,,,,Aucun incident maritime,,
02/04/2021,02/04/2021,Incident maritime,,,,,,,,,,,,Aucun incident maritime,,
03/04/2021,03/04/2021,Incident maritime,,,,,,,,,,,,Aucun incident maritime,,
04/04/2021,04/04/2021,Incident maritime,,,,,,,,,,,,Aucun incident maritime,,
05/04/2021,,Incidents Maritimes,02 Mai 2021:Noyade mortelle:Garçon de 14 ans,SAMBAVA,,Ampahanisahana,,,50.181132,-14.270993,,,,"Le 02 mai 2021 dans l’après-midi, alors qu’il nageait dans la mer avec ses camarades, un jeune de 14 ans a disparu, emporté par une forte houle. Le 03 mai 2021 vers 8h, le corps sans vie a été retrouvé par les pêcheurs, à environ 200m de la rive, dans le fokontany d‘Ampahanisahana, commune d’Ampandrozonana, Sambava.",,2021-04-05
06/04/2021,06/04/2021,Incident maritime,,,,,,,,,,,,Aucun incident maritime,,
07/04/2021,07/04/2021,Incident maritime,,,,,,,,,,,,Aucun incident maritime,,
08/04/2021,08/04/2021,Incident maritime,,,,,,,,,,,,Aucun incident maritime,,
09/04/2021,09/04/2021,Incident maritime,,,,,,,,,,,,Aucun incident maritime,,
10/04/2021,10/04/2021,Incident maritime,,,,,,,,,,,,Aucun incident maritime,,
11/04/2021,11/04/2021,Incident maritime,,,,,,,,,,,,Aucun incident maritime,,
12/04/2021,12/04/2021,Incident maritime,,,,,,,,,,,,Aucun incident maritime,,
13/04/2021,13/04/2021,Incident maritime,,,,,,,,,,,,Aucun incident maritime,,
14/04/2021,14/04/2021,Incident maritime,,,,,,,,,,,,Aucun incident maritime,,
15/04/2021,15/04/2021,Incident maritime,,,,,,,,,,,,Aucun incident maritime,,
16/04/2021,16/04/2021,Incident maritime,,,,,,,,,,,,Aucun incident maritime,,
17/04/2021,17/04/2021,Incident maritime,,,,,,,,,,,,Aucun incident maritime,,
18/04/2021,18/04/2021,Incident maritime,,,,,,,,,,,,Aucun incident maritime,,
19/04/2021,19/04/2021,Incident maritime,,,,,,,,,,,,Aucun incident maritime,,
20/04/2021,,Incidents Maritimes,18 Avril 2021:Echouage LCT BARGE EXPRESS:Pav Malagasy,MAROANTSETRA,,,,,49.731644,-15.446104,,,,"Le 18 avril 2021 vers 18h, le navire LCT BARGE EXPRESS, MMSI 647521310, battant pavillon malagasy, en effectuant le ravitaillement en carburant au dépôt de la SOLIMA Andranonagozy, fokontany Ambatomasina dans la Commune Urbaine de Maroantsetra, s’est incliné en raison du mauvais temps et s’est échoué sur la plage. En partance de Toamasina pour approvisionner une partie de la région Est en carburant, il était arrivé à Maroantsetra le 16 avril 2021. Ce navire, appartenant à la société COLAS, affrété par la Société Logistique Pétrolière, a transporté 15 conteneurs de carburant, avec 13 passagers à son bord. Aucune perte en vie humaine n’est à déplorer. Le 21 avril 2021 vers 22H30C, le navire est déséchoué. Le 22 avril 2021 vers 12H15C, BARGE EXPRESS a effectué les opérations de déchargement de carburants dans le dépôt à Maroantsetra. Il devra rallier le port d’Antalaha le 23 avril 2021 vers midi pour des activités de ravitaillement en carburant dans le Nord-Est de Madagascar.",,2021-04-20
20/04/2021,,Incidents Maritimes,19 Avril 2021:Naufrage boutre NANY:11 morts,MAINTIRANO,,Tambohorano,,,43.93875,-17.503195,,,,"Le 19 avril 2021 vers 15h, un boutre dénommé NANY, en partance de Maintirano tôt dans la matinée pour rallier Besalampy, a fait naufrage à l’entrée de l’embouchure de Tambohorano. En raison de la puissance des vagues, causées par des vents violents, ce boutre avec une trentaine de passagers à bord, s’est brisé. La mer déchainée a emporté tous les passagers. L’un d’eux a pu rejoindre la rive pour alerter la brigade de la gendarmerie locale. Des vedettes rapides ont été déployées pour récupérer les survivants et effectuer des recherches, qui ont dû être interrompues à la nuit tombante. Après la reprise des recherches le lendemain, 18 personnes parmi les passagers ont pu être sauvées. Au total, dix (10) personnes sont mortes noyées durant le naufrage. L’équipage du boutre n’a pas reçu l’aval de l’APMF pour naviguer, compte tenu des conditions météorologiques très dégradées, et les marchandises qu’il transportait sont suspectées d’être en surcharge. Le 21 avril 2021 dans la soirée, un (01) autre corps sans vie a été retrouvé. ",,2021-04-20
21/04/2021,21/04/2021,Incident maritime,,,,,,,,,,,,Aucun incident maritime,,
22/04/2021,22/04/2021,Incident maritime,,,,,,,,,,,,Aucun incident maritime,,
23/04/2021,,Incidents Maritimes,18 Avril 2021:Disparition 2 pêcheurs:Forte houle,ANALALAVA,,,,,47.704721,-14.446166,,,,"Le dimanche 18 avril 2021, alors que les pêcheurs revenaient d’Andrivabe Nosy lava, dans le canal de Mozambique, des vents violents (varatraza) entrainant de fortes vagues ont soudainement frappé plus d’une dizaine de bateaux. Ils n’ont pas alors pu arriver à destination, car certains ont été emportés au nord de Nosy lava, d’autres ont fait naufrage sur Nosy Saba ou Morintsa, Ankatakatabe, Ambalahonko, et d’autres ont dû jeter l’ancre au milieu de la mer en attendant que le vent se calme. Des vedettes rapides ont été déployées pour rechercher les naufragés. Deux personnes sont portées disparues et encore recherchées. Ce sont des étudiants de 15 et 18 ans qui pratiquent la pêche en dehors des périodes scolaires. D’après les informations reçues, ces pêcheurs n’ont pas été avisés du mauvais temps avant leur départ. En plus, ils ne disposent pas d'équipements de navigation tels que des gilets de sauvetage, alors que le varatraza frappe du moins jusqu’au mois de septembre. Le 27 avril 2021, des informations reçues du maire d’Analalava, à la suite des recherches effectuées par les autorités, les deux étudiants portés disparus ont été retrouvés sains et saufs à Ambarimpotaka. Ils ont été ramenés à Nosy Lava.",,2021-04-23
24/04/2021,24/04/2021,Incident maritime,,,,,,,,,,,,Aucun incident maritime,,
25/04/2021,25/04/2021,Incident maritime,,,,,,,,,,,,Aucun incident maritime,,
26/04/2021,26/04/2021,Incident maritime,,,,,,,,,,,,Aucun incident maritime,,
27/04/2021,,Incidents maritimes,26 Avril 2021:Echouage HASSINA:Navire cargo:Pav Malagasy,TOAMASINA,,,,,49.412339,-18.131119,,,,"Le 26 avril 2021 vers 12H30, alors qu’il était au mouillage au large, au nord du port de Toamasina, le navire cargo HASSINA, pavillon Malagasy (ex-Kiribati), MMSI 529813000, s’est échoué sur la plage près du rivage du Lycée Rabemananjara. Après la rupture de la chaine de l’ancre, les personnes à bord du navire ont essayé de le manœuvrer, vu sa proximité de la plage, quand la forte houle s’est abattue brusquement et a entrainé l’échouement. Ce navire transporte généralement des marchandises de Toamasina vers Antsiranana depuis 2017. Depuis le 29 décembre 2019, il est au port de Toamasina. Puis il a été mis en rade à cause de la pandémie et l’inexistence de marchandises. Le 27 et le 28 avril 2021 à midi durant la marée haute, les opérations de déséchouage initiées par l’armateur, l’APMF et la SPAT à l’aide du remorqueur NOE, n’ont pas abouti. Le 29 avril 2021, aucune action n’a été effectuée, mais les autorités portuaires concernées se sont réunies pour une éventuelle remise à flot du navire. Le 01er juin 2021, Adonis SA avec l'armateur et sous la houlette de l'OLEP a réussi le pompage des fuels après trois (03) jours d'effort. ",,2021-04-27
28/04/2021,28/04/2021,Incident maritime,,,,,,,,,,,,Aucun incident maritime,,
29/04/2021,29/04/2021,Incident maritime,,,,,,,,,,,,Aucun incident maritime,,
30/04/2021,30/04/2021,Incident maritime,,,,,,,,,,,,Aucun incident maritime,,
01/05/2021,01/05/2021,Incident maritime,,,,,,,,,,,,Aucun incident maritime,,
02/05/2021,02/05/2021,Incident maritime,,,,,,,,,,,,Aucun incident maritime,,
03/05/2021,03/05/2021,Incident maritime,,,,,,,,,,,,Aucun incident maritime,,
04/05/2021,04/05/2021,Incident maritime,,,,,,,,,,,,Aucun incident maritime,,
05/05/2021,05/05/2021,Incident maritime,,,,,,,,,,,,Aucun incident maritime,,
06/05/2021,,Incidents Maritimes,05 Juin 2021:Naufrage pirogue à balancier:Surcharge:37 à bord:9 morts_5 introuvables,TOLIARA,,Soalara Sud,,,43.718898,-23.557462,,,,"Le 05 juin 2021 vers 06 h du matin, une pirogue à balancier motorisée a quitté Soalara Sud pour rejoindre Toliara. Quelques minutes après avoir quitté les lieux, en raison du mauvais temps, la pirogue motorisée 8 m x 0 70 m), avec 37 personnes à bord, a chaviré à deux km du lieu de départ dû à la surcharge et aux fortes houles. En conséquence, 03 corps sans vie ont été retrouvés, 06 sont portés disparus et 31 personnes ont été hospitalisées En attendant que leurs familles se manifestent, les corps ont été emmenés au Bureau de la Commune Rurale de Soalara Sud, un village de pêcheurs de la côte ouest de Madagascar, situé à environ 15 nautiques 28 km) au Sud de Toliara.",,2021-05-06
06/05/2021,,Incidents Maritimes,05 Juin 2021:Détresse SAFARI NDJEMA:Caboteur Comorien:Voie d'eau,MAHAJANGA,,Port,,,46.303849,-15.73045,,,,"Le 05 Juin 2021, le MRCC a reçu une information émanant de l’Ambassade des Comores à Mahajanga, concernant la situation en détresse de SAFARI NDJEMA, caboteur international, pavillon Comores, au large du port de Mahajanga. Le navire est en provenance de Moroni et à destination d’Anjouan, Comores., le navire est arrivé et au mouillage au large à environ 100 mètres du port de Mahajanga le 31 Mai 2021 vers 07H15Mn heures locales. En cours de protocole de restriction sanitaire, avec deux (02) équipages positifs aux Covid-19 parmi les vingt-deux (22) testés, de l’eau a commencé à entrer dans le navire. Il y a eu une avarie électrique totale à bord.",,2021-05-06
07/05/2021,07/05/2021,Incident maritime,,,,,,,,,,,,Aucun incident maritime,,
08/05/2021,08/05/2021,Incident maritime,,,,,,,,,,,,Aucun incident maritime,,
09/05/2021,09/05/2021,Incident maritime,,,,,,,,,,,,Aucun incident maritime,,
10/05/2021,10/05/2021,Incident maritime,,,,,,,,,,,,Aucun incident maritime,,
11/05/2021,11/05/2021,Incident maritime,,,,,,,,,,,,Aucun incident maritime,,
12/05/2021,12/05/2021,Incident maritime,,,,,,,,,,,,Aucun incident maritime,,
13/05/2021,13/05/2021,Incident maritime,,,,,,,,,,,,Aucun incident maritime,,
14/05/2021,,Incidents Maritimes,09 Mai 2021:Disparition WAKASHIO MARU 68:Navire de pêche:25 équipages:Mauvais temps,MADAGASCAR,,,,,,,,,,"Le 09 mai 2021 vers 18H26 heures universelles, le navire de pêche japonais WAKASHIO MARU N°68, MMSI: 431602342 et indicatif d’appel: JNHP, a été identifié la dernière fois sur la plateforme AIS ExactearthShipview en situation de dérive avec une vitesse de 1,5 nœud. Il était alors localisé à environ 274 nautiques (507 km) au Nord-ouest de l’île aux Cochons dans les archipels de Crozet (TAAF), à environ 990 nautiques (1833km) au Sud de Madagascar. Il a embarqué à son bord 25 membres d’équipage. Selon son consignataire, le 11 mai 2021 vers 03H17 heures universelles, le navire a été détecté à la position 41°46.69'S et 048°11.55'E, à environ 311 nautiques (576km) au Nord-ouest de l’île aux Cochons, dans la zone SRR française aux TAAF. Le 11 mai 2021 vers 23H45mn heures universelles, le navire de pêche japonais WAKASHIO MARU N°58 est dérouté vers la zone pour rechercher le navire et déterminer sa position exacte. Le 12 mai 2021 vers 07H05 heures universelles, le MRCC Cape Town en Afrique du Sud a reçu alerte de détresse via mail de la part du consignataire du navire de pêche. La communication (radio, AIS) étant coupée depuis et la position du navire est devenue indéterminée. Les opérations SAR sont coordonnées par MRCC La Réunion. Le 14 mai 2021 vers 10H57mn heures universelles, WAKASHIO MARU N°58 est localisé à environ 384 nautiques (711 km) au Nord-ouest de l’île aux Cochons en transit avec une vitesse de 9,6 Nœuds. La situation météorologique sur zone est composée par un vent d’Ouest de 32 nœuds et une vague de 6,4m. ",,2021-05-14
15/05/2021,15/05/2021,Incident maritime,,,,,,,,,,,,Aucun incident maritime,,
16/05/2021,16/05/2021,Incident maritime,,,,,,,,,,,,Aucun incident maritime,,
17/05/2021,17/05/2021,Incident maritime,,,,,,,,,,,,Aucun incident maritime,,
18/05/2021,18/05/2021,Incident maritime,,,,,,,,,,,,Aucun incident maritime,,
19/05/2021,19/05/2021,Incident maritime,,,,,,,,,,,,Aucun incident maritime,,
20/05/2021,20/05/2021,Incident maritime,,,,,,,,,,,,Aucun incident maritime,,
21/05/2021,21/05/2021,Incident maritime,,,,,,,,,,,,Aucun incident maritime,,
22/05/2021,22/05/2021,Incident maritime,,,,,,,,,,,,Aucun incident maritime,,
23/05/2021,23/05/2021,Incident maritime,,,,,,,,,,,,Aucun incident maritime,,
24/05/2021,24/05/2021,Incident maritime,,,,,,,,,,,,Aucun incident maritime,,
25/05/2021,,Incidents Maritimes,21 Mai 2021:Chavirement à quai RONALDO II:Navire cargo:Forte houle,VOHEMAR,,port ,,,50.007716,-13.353482,,,,"Le 21 mai 2021 vers 06H45Mn heures locales, en provenance de Toamasina, le navire cargo RONALDO II a chaviré à l’arrivée au quai du port de Vohémar. Il transportait à son bord 14 personnes y compris les membres de l'équipage et 2.800 tonnes de sacs de ciment. Selon les renseignements recueillis, ce navire a rencontré des problèmes entre Masoala et Sambava, notamment au large du cap Masoala à cause du mauvais temps (vent fort et des vagues plus des 3,5m) qui favorisait l'entrée de l'eau à l'intérieur du navire. Une partie des ciments transportés a été avariée par l'eau. Le navire est toutefois arrivé au port de Vohémar où les autorités locales ont prêté mains fortes pour faire sortir les eaux du navire. Le 24 mai 2021 vers la fin de l'après-midi, presque 1000 tonnes de ciment ont  pu être débarquées.",,2021-05-25
26/05/2021,26/05/2021,Incident maritime,,,,,,,,,,,,Aucun incident maritime,,
27/05/2021,27/05/2021,Incident maritime,,,,,,,,,,,,Aucun incident maritime,,
28/05/2021,28/05/2021,Incident maritime,,,,,,,,,,,,Aucun incident maritime,,
29/05/2021,29/05/2021,Incident maritime,,,,,,,,,,,,Aucun incident maritime,,
30/05/2021,30/05/2021,Incident maritime,,,,,,,,,,,,Aucun incident maritime,,
31/05/2021,31/05/2021,Incident maritime,,,,,,,,,,,,Aucun incident maritime,,
01/06/2021,01/06/2021,Incident maritime,,,,,,,,,,,,Aucun incident maritime,,
02/06/2021,02/06/2021,Incident maritime,,,,,,,,,,,,Aucun incident maritime,,
03/06/2021,,Incidents Maritimes,04 Mars 2021:Noyade mortelle:Homme de 17ans,SAMBAVA,,,,,50.161274,-14.25767,,,,"Le 04 Mars 2021 vers 11h, un jeune homme de 17 ans a été emporté par la mer à la plage d’Antsaborara Sambava. Depuis ce jour, les autorités locales ont activé la recherche de ce jeune homme et il n’a pas encore été retrouvé.",,2021-06-03
04/06/2021,,Incidents Maritimes,29 Mars 2021:Marin malagasy mort:FV BELLE ISLE:Pav France,SEYCHELLES,,,,,55.470738,-4.673427,,,,"Dans la semaine du 29 mars 2021 un marin malagasy membre de l’équipage du navire F/V BELLE ISLE, thonier de la Sapmer, pavillon français avec MMSI 645374000 a perdu la vie après son évacuation à l'hôpital de Mahé aux Seychelles. Un autre marin de nationalité indonésienne a également été victime de cette pandémie et a succombé au même endroit. Les 33 membres d’équipage restants ont été tous testés positifs au covid. A cet effet, ils ont effectué leur confinement à bord, sous la surveillance des médecins traitants. Il est à souligner que par rapport aux mesures sanitaires à suivre, les membres de l’équipage ont rencontré de problème sur l’effectivité de la distanciation sociale, majoritairement, source de la contamination. Ils ont réclamé la jouissance des vaccins.",,2021-06-04
04/06/2021,,Incidents Maritimes,05 Avril 2021:Noyade mortelle:4 vacanciers victimes,BRICKAVILLE,,Ambila Lemaitso,,,49.111397,-18.9537,,,,"Dans l’après-midi du 05 avril 2021, cinq jeunes vacanciers, originaires d'Ivato Antananarivo se sont noyés suite à leur baignade dans la mer d'Ambila Lemaitso, CR Andovorano et district de Brickaville. En effet, ils ont essayé de rejoindre le bord mais en vain. Une seule personne est rescapée et trois (03) corps dont 2 jeunes filles, âgées de 16 et 17 ans et un homme de 20 ans ont déjà été récupérés. Le corps sans vie de l’homme âgé de 25 ans, n'a pas été trouvé que dans la matinée du 07 avril 2021. Ces corps ont été transportés par voie fluviale pour rejoindre le village de Manambato où leur famille est installée, après la formalité effectuée par le médecin légiste.",,2021-06-04
05/06/2021,05/06/2021,Incident maritime,,,,,,,,,,,,Aucun incident maritime,,
06/06/2021,06/06/2021,Incident maritime,,,,,,,,,,,,Aucun incident maritime,,
07/06/2021,07/06/2021,Incident maritime,,,,,,,,,,,,Aucun incident maritime,,
08/06/2021,08/06/2021,Incident maritime,,,,,,,,,,,,Aucun incident maritime,,
09/06/2021,09/06/2021,Incident maritime,,,,,,,,,,,,Aucun incident maritime,,
10/06/2021,10/06/2021,Incident maritime,,,,,,,,,,,,Aucun incident maritime,,
11/06/2021,11/06/2021,Incident maritime,,,,,,,,,,,,Aucun incident maritime,,
12/06/2021,12/06/2021,Incident maritime,,,,,,,,,,,,Aucun incident maritime,,
13/06/2021,13/06/2021,Incident maritime,,,,,,,,,,,,Aucun incident maritime,,
14/06/2021,14/06/2021,Incident maritime,,,,,,,,,,,,Aucun incident maritime,,
15/06/2021,,Incidents Maritimes,14 Juin 2021:Chavirement pirogue:Un pêcheur disparu,SOANIERANA IVONGO,,Andavaniobe,,,49.566,-16.9873,,,,"Dans la matinée du 14 juin 2021, deux pêcheurs sont partis à bord d’une même pirogue pêcher au large d’Andavaniobe, CU et district de Soanierana Ivongo, Région Analanjirofo. Quelques heures après, l’un d’eux a avisé les autorités dans le Fokontany d’Andavaniobe, de la disparition de son binôme après le chavirement de leur embarcation. Le lieu de l’incident est localisé au large d’Andavaniobe, à environ 07 km, à l’entrée de Soanierana Ivongo. Jusqu’à ce jour, le porté disparu demeure introuvable, mais les recherches se poursuivent.",,2021-06-15
16/06/2021,16/06/2021,Incident maritime,,,,,,,,,,,,Aucun incident maritime,,
17/06/2021,17/06/2021,Incident maritime,,,,,,,,,,,,Aucun incident maritime,,
18/06/2021,18/06/2021,Incident maritime,,,,,,,,,,,,Aucun incident maritime,,
19/06/2021,19/06/2021,Incident maritime,,,,,,,,,,,,Aucun incident maritime,,
20/06/2021,20/06/2021,Incident maritime,,,,,,,,,,,,Aucun incident maritime,,
21/06/2021,21/06/2021,Incident maritime,,,,,,,,,,,,Aucun incident maritime,,
22/06/2021,22/06/2021,Incident maritime,,,,,,,,,,,,Aucun incident maritime,,
23/06/2021,23/06/2021,Incident maritime,,,,,,,,,,,,Aucun incident maritime,,
24/06/2021,,Incidents Maritimes,20 juin 2021:Détresse ILES DES COMORES II:Caboteur comorien:Panne sèche,MAYOTTE,,MAYOTTE,,,44.7,-13.8333333,,,,"Le navire marchand « ILES DES COMORES II » a quitté Mahajanga le 19 juin 2021 à 10 h 30 du matin, à destination d’Anjouan aux Comores le 21 juin 2021, avec 17 membres d’équipage, tous de nationalité comorienne, et transportait à son bord des planches et diverses marchandises. Ce navire, enregistré au port de Mutsamudu sous N°1600019 a été signalé par le CRFIM, comme non arrivé à son port de destination. A la suite de cette alerte, le navire a été retrouvé par MRCC Réunion, tombé en panne moteur, à la position 13 50’19’'S 044 42 25 ' à 57 nm de l’île de MAYOTTE. Un navire à proximité, le BW RYE, lui a fourni du carburant mais le moteur n'a pas pu redémarrer. En raison de la forte houle, le remorquage par le BW RYE n’était pas possible, et ce dernier devait repartir pour rejoindre sa destination initiale, en attendant un autre navire dépêché de Mutsamudu pour le remorquage.",,2021-06-24
25/06/2021,25/06/2021,Incident maritime,,,,,,,,,,,,Aucun incident maritime,,
26/06/2021,26/06/2021,Incident maritime,,,,,,,,,,,,Aucun incident maritime,,
27/06/2021,27/06/2021,Incident maritime,,,,,,,,,,,,Aucun incident maritime,,
28/06/2021,28/06/2021,Incident maritime,,,,,,,,,,,,Aucun incident maritime,,
29/06/2021,29/06/2021,Incident maritime,,,,,,,,,,,,Aucun incident maritime,,
30/06/2021,30/06/2021,Incident maritime,,,,,,,,,,,,Aucun incident maritime,,
01/07/2021,01/07/2021,Incident maritime,,,,,,,,,,,,Aucun incident maritime,,
02/07/2021,02/07/2021,Incident maritime,,,,,,,,,,,,Aucun incident maritime,,
03/07/2021,03/07/2021,Incident maritime,,,,,,,,,,,,Aucun incident maritime,,
04/07/2021,,Incidents Maritimes,03 Avril 2021:Découverte cadavre:Homme,TOAMASINA,,Lycée Rabemananjara,,,49.407696,-18.121759,,,,"Le 03 avril 2021 vers 06 H 30 C, après un appel téléphonique émanant d’une certaine personne, rapportant la présence d’un cadavre sur la plage, près du lycée Jacques Rabemanajara, les éléments de la Police nationale se sont dépêchés sur les lieux pour constat. Ils ont trouvé un corps sans vie d’un homme d’une cinquantaine d’âge. Après le rapport du médecin chargé de l’autopsie, ce n’est pas un mort par noyade, car on n’a trouvé aucune trace d’eau dans ses poumons. La cause exacte du décès n’est pas encore identifiée, l’enquête a été ouverte par la Police Nationale.",,2021-07-04
05/07/2021,05/07/2021,Incident maritime,,,,,,,,,,,,Aucun incident maritime,,
06/07/2021,06/07/2021,Incident maritime,,,,,,,,,,,,Aucun incident maritime,,
07/07/2021,07/07/2021,Incident maritime,,,,,,,,,,,,Aucun incident maritime,,
08/07/2021,08/07/2021,Incident maritime,,,,,,,,,,,,Aucun incident maritime,,
09/07/2021,09/07/2021,Incident maritime,,,,,,,,,,,,Aucun incident maritime,,
10/07/2021,10/07/2021,Incident maritime,,,,,,,,,,,,Aucun incident maritime,,
11/07/2021,11/07/2021,Incident maritime,,,,,,,,,,,,Aucun incident maritime,,
12/07/2021,12/07/2021,Incident maritime,,,,,,,,,,,,Aucun incident maritime,,
13/07/2021,13/07/2021,Incident maritime,,,,,,,,,,,,Aucun incident maritime,,
14/07/2021,,Incidents Maritimes,13 juillet 2021:SAR cargo MV SAMBIRANO:Pav Malagasy:Panne sèche,MAHAJANGA,,,,,44.41666667,-14.90166667,,,,"Le
13 juillet 2021 dans l’après midi, vers 1500 heure s
sur le plate forme d’échange et de partage d’informations
maritime IORIS, le Centre Régional de Coordination des
Opérations en Mer ( Seychelles a transmis des
informations concernant le navire M/V SAMBIRANO
pavillon Malagasy selon lesquelles c elui ci aurait signalé
un message de détresse « MAYDAY RELAY » Il a quitté
le port de Moroni, Comores, le 8 juillet 2021 vers 4 h 45
UTC avec 11 membres d'équipage. Le 15 juillet 2021, à 21H08C une équipe mixte composée par deux (02) policiers, (02) éléments de la Gendarmerie et un(01) médecin à bord de la vedette GAELLE, avec  1000 litres de carburant, a appareillé de Mahajanga pour aller à l’encontre du navire  MV SAMBIRANO , en suivant les informations relatives à la dérive calculée par le CROSS La Réunion concernant la position estimative dudit navire. Le 16 juillet 2021, vers 5 heures du matin, une position estimative a été transmise par CROSS RU,  entre le Cap Tanjo, au Sud-Ouest de Mahajanga et le Nosy Makamby, où se trouverait ledit navire.  Entre le 14 juillet et le 16  juillet 2021, le MV SAMBIRANO a reçu au total 2000 litres de gasoil dont 600 litres donnés par le navires BW BRUSSELS, 400 litres fournis par le pétrolier MV FLEVES et 1000 litres livrés par l’équipe à bord de la vedette GAELLE , en partance de Mahajanga. Depuis ce jour, vers 13 heures, le navire MV ALFIOS qui se trouvait à proximité, remplissait le rôle d’intermédiaire, en termes de communication, entre MRCC Madagascar et  le commandant du navire MV SAMBRANO.Le navire MV SAMBIRANO se trouvait au mouillage à la position 14°54.60'S - 044°25.90'E, au Nord- Ouest de Mahajanga et le 16 juillet 2021, vers 09H26, le ravitaillement en carburants par la vedette GAELLE, au profit de MV SAMBIRANO,  a été effectué. Le MV SAMBIRANO a ensuite quitté la zone pour rejoindre Mahajanga le 16 juillet 2021 vers 20H30C.",,2021-07-14
15/07/2021,15/07/2021,Incident maritime,,,,,,,,,,,,Aucun incident maritime,,
16/07/2021,16/07/2021,Incident maritime,,,,,,,,,,,,Aucun incident maritime,,
17/07/2021,17/07/2021,Incident maritime,,,,,,,,,,,,Aucun incident maritime,,
18/07/2021,18/07/2021,Incident maritime,,,,,,,,,,,,Aucun incident maritime,,
19/07/2021,,Incidents Maritimes,12 Juillet 2021:Découverte cadavre,TOLIARA,,Ankiebe Bas,,,43.673008,-23.37055,,,,"Le 12 juillet 2021, le corps sans vie d’un homme, âgé de 40 ans, domicilié à Ankiebe Bas Toliara a été découvert au bord de la mer à l’Est du port de Toliara. Ce corps nu a été emporté par les vagues et a été allongé en position de cubitus ventral, deux bras légèrement fléchi au-dessus du thorax. D’après le constat effectué par le médecin légiste, aucune trace de lésion n’a été constatée. L’examen du corps n’a pas relevé la cause du décès. Les membres de sa famille n’ont pas voulu procéder à l’autopsie. Le corps a déjà été remis à sa famille. Par ailleurs, le Service Régional de la Police Judiciaire a saisi cette affaire.",,2021-07-19
20/07/2021,20/07/2021,Incident maritime,,,,,,,,,,,,Aucun incident maritime,,
21/07/2021,21/07/2021,Incident maritime,,,,,,,,,,,,Aucun incident maritime,,
22/07/2021,22/07/2021,Incident maritime,,,,,,,,,,,,Aucun incident maritime,,
23/07/2021,23/07/2021,Incident maritime,,,,,,,,,,,,Aucun incident maritime,,
24/07/2021,24/07/2021,Incident maritime,,,,,,,,,,,,Aucun incident maritime,,
25/07/2021,25/07/2021,Incident maritime,,,,,,,,,,,,Aucun incident maritime,,
26/07/2021,26/07/2021,Incident maritime,,,,,,,,,,,,Aucun incident maritime,,
27/07/2021,,Incidents Maritimes,17 Juillet 2021:Camion tombé dans la mer:Mauvaise manutention ,AMBANJA,,Ankify,,,48.35192,-13.534433,,,,"Le 17 juillet 2021 vers 09h, au port d’Ankify, un camion chargé de sable est tombé à la mer lors de son embarquement à bord du bac dénommé L’ECLAIR, qui relie Ankify à Nosy Be. Après défaillance du frein arrière du camion, les cordes qui l’ont rattachées au bac se sont cassées, causant ainsi cet accident. Toutefois aucune perte en vie humaine n’est à déplorer.",,2021-07-27
27/07/2021,,Incidents Maritimes,27 Juillet 2021:Découverte d'une cadavre,TAOLAGNARO,,,,,46.991177,-25.017182,,,,"Le 27 juillet 2021 en début d’après-midi, un cadavre a été découvert sur la plage de Blue Moon, Fokontany Amparihy, dans la CU Taolagnaro. Il s’agit d’un corps d’une femme de 27 ans déclarée disparue depuis le 24 juillet 2021, totalement abimé par le sable et les vagues. Les autorités locales (Police Nationale, Gendarmerie Nationale, BMH, Mairie de Taolagnaro, etc.) étaient présents sur les lieux pour récupérer la victime du sable. Durant l’investigation, sa famille affirme qu’elle a quittée son domicile le 18 juillet 2021 à partir de 17h sans aviser personne et est restée injoignable depuis, et c’est quelques jours après la déclaration de disparition a été faite auprès des autorités locales. Mais après avoir réquisitionné ses appels téléphoniques que la Brigade de la Gendarmerie Nationale de Taolagnaro puisse interpeller son compagnon. Néanmoins, cet acte pourrait être commis par son époux pour raison de jalousie. Cette affaire a été déferrée au parquet le 02 Août 2021, avec les présumés auteurs suscités.",,2021-07-27
28/07/2021,28/07/2021,Incident maritime,,,,,,,,,,,,Aucun incident maritime,,
29/07/2021,29/07/2021,Incident maritime,,,,,,,,,,,,Aucun incident maritime,,
30/07/2021,30/07/2021,Incident maritime,,,,,,,,,,,,Aucun incident maritime,,
31/07/2021,31/07/2021,Incident maritime,,,,,,,,,,,,Aucun incident maritime,,
01/08/2021,,Incidents Maritimes,08 Janvier 2021:Homme à la mer:Opération SAR,MAHAJANGA,,Village Touristique,,,46.35754,-15.753018,,,,"Dans la soirée du 08 janvier 2021, dans la partie du village touristique à Mahajanga lors d’une opération de sauvetage, un membre d’équipage d’une vedette est mort noyé. Ayant été alerté de la panne d’une autre vedette au large, ils sont venus au secours lorsque la victime s’est jetée à la mer pour secourir.",,2021-08-01
02/08/2021,02/08/2021,Incident maritime,,,,,,,,,,,,Aucun incident maritime,,
03/08/2021,03/08/2021,Incident maritime,,,,,,,,,,,,Aucun incident maritime,,
04/08/2021,04/08/2021,Incident maritime,,,,,,,,,,,,Aucun incident maritime,,
05/08/2021,05/08/2021,Incident maritime,,,,,,,,,,,,Aucun incident maritime,,
06/08/2021,06/08/2021,Incident maritime,,,,,,,,,,,,Aucun incident maritime,,
07/08/2021,07/08/2021,Incident maritime,,,,,,,,,,,,Aucun incident maritime,,
08/08/2021,08/08/2021,Incident maritime,,,,,,,,,,,,Aucun incident maritime,,
09/08/2021,09/08/2021,Incident maritime,,,,,,,,,,,,Aucun incident maritime,,
10/08/2021,10/08/2021,Incident maritime,,,,,,,,,,,,Aucun incident maritime,,
11/08/2021,11/08/2021,Incident maritime,,,,,,,,,,,,Aucun incident maritime,,
12/08/2021,12/08/2021,Incident maritime,,,,,,,,,,,,Aucun incident maritime,,
13/08/2021,13/08/2021,Incident maritime,,,,,,,,,,,,Aucun incident maritime,,
14/08/2021,,Incidents maritimes,,MAHAJANGA,,,,,46.45301,-15.542773,,,,13 Août 2021 *Noyade à Antsanitia,,2021-08-14
15/08/2021,15/08/2021,Incident maritime,,,,,,,,,,,,Aucun incident maritime,,
16/08/2021,16/08/2021,Incident maritime,,,,,,,,,,,,Aucun incident maritime,,
17/08/2021,,Incidents maritimes,,MAHAJANGA,,,, ,46.319934,-15.716214,,,,15 Août 2021 *Noayade à Maroala,,2021-08-17
18/08/2021,18/08/2021,Incident maritime,,,,,,,,,,,,Aucun incident maritime,,
19/08/2021,19/08/2021,Incident maritime,,,,,,,,,,,,Aucun incident maritime,,
20/08/2021,20/08/2021,Incident maritime,,,,,,,,,,,,Aucun incident maritime,,
21/08/2021,21/08/2021,Incident maritime,,,,,,,,,,,,Aucun incident maritime,,
22/08/2021,,Incidents maritimes,,NOSY BE,,,,,48.270073,-13.323155,,,,17 Août 2021 *Collision entre *boutre MARIA-2 et *Catamaran DIVING CATTITUDE,,2021-08-22
23/08/2021,23/08/2021,Incident maritime,,,,,,,,,,,,Aucun incident maritime,,
24/08/2021,24/08/2021,Incident maritime,,,,,,,,,,,,Aucun incident maritime,,
25/08/2021,25/08/2021,Incident maritime,,,,,,,,,,,,Aucun incident maritime,,
26/08/2021,26/08/2021,Incident maritime,,,,,,,,,,,,Aucun incident maritime,,
27/08/2021,27/08/2021,Incident maritime,,,,,,,,,,,,Aucun incident maritime,,
28/08/2021,28/08/2021,Incident maritime,,,,,,,,,,,,Aucun incident maritime,,
29/08/2021,29/08/2021,Incident maritime,,,,,,,,,,,,Aucun incident maritime,,
30/08/2021,,Incidents maritimes,,Soanierana Ivongo,,,,,49.590597,-16.913812,,,,29 Août 2021 *Echouement navire MS MANUELLA,,2021-08-30
31/08/2021,31/08/2021,Incident maritime,,,,,,,,,,,,Aucun incident maritime,,
01/09/2021,01/09/2021,Incident maritime,,,,,,,,,,,,Aucun incident maritime,,
02/09/2021,02/09/2021,Incident maritime,,,,,,,,,,,,Aucun incident maritime,,
03/09/2021,,Incidents Maritimes,05 Mars 2021:Naufrage Vedette de pêcheurs:2 morts noyées,SOALALA,,Soalala,,,45.317202,-16.103145,,,,"Le vendredi 05 mars 2021 dans l’après-midi, une vedette de pêcheurs, avec 8 personnes à bord, a fait naufrage à environ 2 kilomètres au large des côtes de Soalala dans la région Boeny. Malgré le mauvais temps, les pêcheurs sont quand même sortis en mer. Leur bateau a été malmené par les violentes vagues. Certains occupants du bateau ont réussi à rejoindre la rive du fokontany de Baly, CR et District de Soalala car ils se sont agrippés au congélateur du bateau. Mais malheureusement deux d’entre eux, trop fatigués, n'ont pas survécu. Les corps des victimes ont déjà été retrouvés au bord de la mer au nord de Maroalika le jour même vers 18Heures et l’autre le 08 mars 2021 vers 04Heures.",,2021-09-03
04/09/2021,04/09/2021,Incident maritime,,,,,,,,,,,,Aucun incident maritime,,
05/09/2021,,Incidents Maritimes,,SOALALA,,,,,45.328388,-16.098865,,,,04 Septembre 2021*Naufrage du boutre TANTERAKA,,2021-09-05
06/09/2021,06/09/2021,Incident maritime,,,,,,,,,,,,Aucun incident maritime,,
07/09/2021,07/09/2021,Incident maritime,,,,,,,,,,,,Aucun incident maritime,,
08/09/2021,08/09/2021,Incident maritime,,,,,,,,,,,,Aucun incident maritime,,
09/09/2021,09/09/2021,Incident maritime,,,,,,,,,,,,Aucun incident maritime,,
10/09/2021,10/09/2021,Incident maritime,,,,,,,,,,,,Aucun incident maritime,,
11/09/2021,11/09/2021,Incident maritime,,,,,,,,,,,,Aucun incident maritime,,
12/09/2021,12/09/2021,Incident maritime,,,,,,,,,,,,Aucun incident maritime,,
13/09/2021,13/09/2021,Incident maritime,,,,,,,,,,,,Aucun incident maritime,,
14/09/2021,,Incidents Maritimes,,TAOLAGNARO,,,, ,47.019736,-25.141988,,,,01er Septembre 2021*Demande assistance médicale*navire LNG SOKOTO,,2021-09-14
15/09/2021,15/09/2021,Incident maritime,,,,,,,,,,,,Aucun incident maritime,,
16/09/2021,,Incidents Maritimes,,NOSY MAKAMBY,,,,,45.940822,-15.768447,,,,15 Septembre 2021*Naufrage navire MAMILAZA,,2021-09-16
17/09/2021,,Incidents Maritimes,,Ile Glorieuse,,,,,47.805135,-12.158382,,,,20 Août 2021*Disparition embarcation*ZANAKA MEVARANO,,2021-09-17
18/09/2021,18/09/2021,Incident maritime,,,,,,,,,,,,Aucun incident maritime,,
19/09/2021,19/09/2021,Incident maritime,,,,,,,,,,,,Aucun incident maritime,,
20/09/2021,,Incidents Maritimes,,NOSY BE,,,,,46.870771,-13.054604,,,,16 Septembre 2021*Panne technique de BOUROIKOU,,2021-09-20
21/09/2021,21/09/2021,Incident maritime,,,,,,,,,,,,Aucun incident maritime,,
22/09/2021,22/09/2021,Incident maritime,,,,,,,,,,,,Aucun incident maritime,,
23/09/2021,23/09/2021,Incident maritime,,,,,,,,,,,,Aucun incident maritime,,
24/09/2021,,Incidents Maritimes,,BEMOKOTRA,,,,,44.157123,-17.092196,,,,22 Septembre 2021*Echouement du boutre JERIMIRA,,2021-09-24
25/09/2021,25/09/2021,Incident maritime,,,,,,,,,,,,Aucun incident maritime,,
26/09/2021,,Incidents Maritimes,,MANANJARY,,Ambohitsara,,,48.382618,-21.156153,,,,19 Septembre 2021*Echouement navire DAVINAH,,2021-09-26
27/09/2021,27/09/2021,Incident maritime,,,,,,,,,,,,Aucun incident maritime,,
28/09/2021,,Incidents Maritimes,,MAHAJANGA,,,,,46.312004,-15.699154,,,,26 Septembre 2021*Naufrage d'un Jet Ski,,2021-09-28
29/09/2021,29/09/2021,Incident maritime,,,,,,,,,,,,Aucun incident maritime,,
30/09/2021,30/09/2021,Incident maritime,,,,,,,,,,,,Aucun incident maritime,,
01/10/2021,01/10/2021,Incident maritime,,,,,,,,,,,,Aucun incident maritime,,
02/10/2021,02/10/2021,Incident maritime,,,,,,,,,,,,Aucun incident maritime,,
03/10/2021,,Incidents Maritimes,07 Mars 2021:Noyade mortelle:Garçon de 12ans,MAHAJANGA,,Village touristique,,,46.356949,-15.752311,,,,"Le dimanche 07 mars 2021 dans l’après-midi au Village Touristique à Mahajanga, un garçon de 12 ans s’est noyé. Le corps sans vie du garçon a été retrouvé quelques heures après sa disparition. Il est emmené à la morgue de l’hôpital d’Androva, car aucun membre de sa famille ne s’était présenté. ",,2021-10-03
04/10/2021,04/10/2021,Incident maritime,,,,,,,,,,,,Aucun incident maritime,,
05/10/2021,,Incidents Maritimes,07 Mai 2021:Chavirement SALAGNA:Chaland:Forte houle:5 morts,ANALALAVA,,Betsimipoaka,,,47.617002,-15.436772,,,,"Le 07 mai 2021, un chaland baptisé SALAGNA avec deux (02) membres de l'équipage, transportant 18 passagers et 6 paniers de poissons séchés à bord, a quitté Andamoty, CR Mahadrodroka à destination de Betsimipoaka CR Marovantaza dans le district d'Analalava. Le même jour vers 23 h, à Betsimipoaka au cours de la manœuvre à quai, l’embarcation a chaviré en raison de la forte houle et de la surcharge du navire. A cet effet, cinq (05) personnes sont tombées à l’eau dont l’une d’entre elles est retrouvée inanimée le jour de l’accident. Parmi les disparus figurent un bébé de neuf mois. Deux corps de femmes ont été trouvés le 10 mai 2021. ",,2021-10-05
06/10/2021,06/10/2021,Incident maritime,,,,,,,,,,,,Aucun incident maritime,,
07/10/2021,07/10/2021,Incident maritime,,,,,,,,,,,,Aucun incident maritime,,
08/10/2021,,Incidents Maritimes,,BESALAMPY,,,,,44.415904,-16.680105,,,,05 Octobre 2021*Naufrage du boutre FANANARADY,,2021-10-08
09/10/2021,09/10/2021,Incident maritime,,,,,,,,,,,,Aucun incident maritime,,
10/10/2021,10/10/2021,Incident maritime,,,,,,,,,,,,Aucun incident maritime,,
11/10/2021,11/10/2021,Incident maritime,,,,,,,,,,,,Aucun incident maritime,,
12/10/2021,,Incidents Maritimes,,MANANARA AVARATRA,,,,,49.751348,-16.158587,,,,10 Octobre 2021*Naufrage d'une pirogue,,2021-10-12
13/10/2021,,Incidents Maritimes,,TOAMASINA,,,,,49.412724,-18.131573,,,,09 Octobre 2021*Noyade mortel d'un pêcheur,,2021-10-13
14/10/2021,,Incidents Maritimes,,AMPANIHY,,,,,44.276007,-25.191062,,,,09 Octobre 2021*Naufrage d'une vedette,,2021-10-14
15/10/2021,15/10/2021,Incident maritime,,,,,,,,,,,,Aucun incident maritime,,
16/10/2021,16/10/2021,Incident maritime,,,,,,,,,,,,Aucun incident maritime,,
17/10/2021,17/10/2021,Incident maritime,,,,,,,,,,,,Aucun incident maritime,,
18/10/2021,18/10/2021,Incident maritime,,,,,,,,,,,,Aucun incident maritime,,
19/10/2021,19/10/2021,Incident maritime,,,,,,,,,,,,Aucun incident maritime,,
20/10/2021,,Incidents Maritimes,,MAHAJANGA,,,,,46.281042,-15.75281,,,,16 Octobre 2021*Naufrage d'une pirogue,,2021-10-20
21/10/2021,21/10/2021,Incident maritime,,,,,,,,,,,,Aucun incident maritime,,
22/10/2021,22/10/2021,Incident maritime,,,,,,,,,,,,Aucun incident maritime,,
23/10/2021,23/10/2021,Incident maritime,,,,,,,,,,,,Aucun incident maritime,,
24/10/2021,,Incidents Maritimes,,NOSY VARIKA,,,,,48.529795,-20.582528,,,,20 Octobre 2021*Collision des embarcations Trans POSÉIDON et Trans JOKER 3,,2021-10-24
25/10/2021,25/10/2021,Incident maritime,,,,,,,,,,,,Aucun incident maritime,,
26/10/2021,26/10/2021,Incident maritime,,,,,,,,,,,,Aucun incident maritime,,
27/10/2021,,Incidents Maritimes,,TOLIARA,,,,,41.03991,-22.654826,,,,25 Octobre 2021*Demande EVASAN CLIPPERTON,,2021-10-27
28/10/2021,28/10/2021,Incident maritime,,,,,,,,,,,,Aucun incident maritime,,
29/10/2021,29/10/2021,Incident maritime,,,,,,,,,,,,Aucun incident maritime,,
30/10/2021,30/10/2021,Incident maritime,,,,,,,,,,,,Aucun incident maritime,,
31/10/2021,31/10/2021,Incident maritime,,,,,,,,,,,,Aucun incident maritime,,
01/11/2021,01/11/2021,Incident maritime,,,,,,,,,,,,Aucun incident maritime,,
02/11/2021,,Incidents Maritimes,,NOSY BE,,,,,47.804368,-13.546288,,,,1er Novembre 2021*Naufrage d'une embarcation en bois,,2021-11-02
02/11/2021,,Incidents Maritimes,,NOSY BE,,,,,47.692778,-12.682222,,,,1er Novembre 2021*Une nappe de pollution marine,,2021-11-02
02/11/2021,,Incidents Maritimes,,SOANIERANA-IVONGO,,,,,49.587855,-16.91525,,,,30 Octobre 2021*Echouage du navire,,2021-11-02
03/11/2021,,Incidents Maritimes,,MAHAJANGA,,,,,46.307713,-15.725428,,,,03 Novembre 2021*Accident de soudure à bord de VILLE DE FOMBONI,,2021-11-03
04/11/2021,04/11/2021,Incident maritime,,,,,,,,,,,,Aucun incident maritime,,
05/11/2021,05/11/2021,Incident maritime,,,,,,,,,,,,Aucun incident maritime,,
06/11/2021,06/11/2021,Incident maritime,,,,,,,,,,,,Aucun incident maritime,,
07/11/2021,,Incidents Maritimes,,MAHAJANGA,,,,,45.953015,-15.723273,,,,05 Novembre 2021*Panne technique d'une vedette,,2021-11-07
08/11/2021,08/11/2021,Incident maritime,,,,,,,,,,,,Aucun incident maritime,,
09/11/2021,09/11/2021,Incident maritime,,,,,,,,,,,,Aucun incident maritime,,
10/11/2021,,Incidents Maritimes,,MAINTIRANO,,,,,43.061825,-17.497003,,,,07 Novembre 2021*POLMAR detectée par le « RADARSAT-2 - SCWA»,,2021-11-10
11/11/2021,11/11/2021,Incident maritime,,,,,,,,,,,,Aucun incident maritime,,
12/11/2021,12/11/2021,Incident maritime,,,,,,,,,,,,Aucun incident maritime,,
13/11/2021,13/11/2021,Incident maritime,,,,,,,,,,,,Aucun incident maritime,,
14/11/2021,14/11/2021,Incident maritime,,,,,,,,,,,,Aucun incident maritime,,
15/11/2021,15/11/2021,Incident maritime,,,,,,,,,,,,Aucun incident maritime,,
16/11/2021,16/11/2021,Incident maritime,,,,,,,,,,,,Aucun incident maritime,,
17/11/2021,17/11/2021,Incident maritime,,,,,,,,,,,,Aucun incident maritime,,
18/11/2021,,Incidents Maritimes,,MAHAJANGA,,,,,46.291493,-15.782233,,,,18 Novembre 2021*Naufrage d'une pirogue TIALONGO,,2021-11-18
19/11/2021,19/11/2021,Incident maritime,,,,,,,,,,,,Aucun incident maritime,,
20/11/2021,20/11/2021,Incident maritime,,,,,,,,,,,,Aucun incident maritime,,
21/11/2021,21/11/2021,Incident maritime,,,,,,,,,,,,Aucun incident maritime,,
22/11/2021,22/11/2021,Incident maritime,,,,,,,,,,,,Aucun incident maritime,,
23/11/2021,23/11/2021,Incident maritime,,,,,,,,,,,,Aucun incident maritime,,
24/11/2021,24/11/2021,Incident maritime,,,,,,,,,,,,Aucun incident maritime,,
25/11/2021,25/11/2021,Incident maritime,,,,,,,,,,,,Aucun incident maritime,,
26/11/2021,26/11/2021,Incident maritime,,,,,,,,,,,,Aucun incident maritime,,
27/11/2021,27/11/2021,Incident maritime,,,,,,,,,,,,Aucun incident maritime,,
28/11/2021,28/11/2021,Incident maritime,,,,,,,,,,,,Aucun incident maritime,,
29/11/2021,,Incidents Maritimes,,FENERIVE ATSINANANA,,,,,49.415345,-17.38063,,,,24 Novembre 2021*Noyade de deux collégiens,,2021-11-29
30/11/2021,30/11/2021,Incident maritime,,,,,,,,,,,,Aucun incident maritime,,
01/12/2021,01/12/2021,Incident maritime,,,,,,,,,,,,Aucun incident maritime,,
02/12/2021,02/12/2021,Incident maritime,,,,,,,,,,,,Aucun incident maritime,,
03/12/2021,03/12/2021,Incident maritime,,,,,,,,,,,,Aucun incident maritime,,
04/12/2021,04/12/2021,Incident maritime,,,,,,,,,,,,Aucun incident maritime,,
05/12/2021,,Incidents Maritimes,08 Mai 2021:Découverte cadavre:Homme cinquantaine,MAHAJANGA,,Village touristique,,,46.318354,-15.68541,,,,"Le 08 mai 2021 vers 06 heures du matin, les éléments du Service Régional de la Police Judiciaire ont découvert un corps sans vie, dépourvu de vêtements, allongé sur la plage au bord de la mer du village touristique, Fokontany Mahavoky Sud, CU de Mahajanga. Le médecin légiste du BMH de cette localité a procédé au constat. Il s'agit d'un homme âgé aux environs de 50 ans et la cause de la mort de la victime n'est pas encore déterminée. Aucun membre de sa famille ne s'est présenté auprès de l'autorité. A cet effet, son identité est également inconnue. Le corps a été enterré le 11 mai 2021 par les responsables du BMH.",,2021-12-05
06/12/2021,06/12/2021,Incident maritime,,,,,,,,,,,,Aucun incident maritime,,
07/12/2021,,Incidents Maritimes,,MAHAJANGA,,,,,46.315738,-15.725848,,,,07 Décembre 2021*Incendie à bord de ARIANE EXPRESS,,2021-12-07
08/12/2021,08/12/2021,Incident maritime,,,,,,,,,,,,Aucun incident maritime,,
09/12/2021,09/12/2021,Incident maritime,,,,,,,,,,,,Aucun incident maritime,,
10/12/2021,10/12/2021,Incident maritime,,,,,,,,,,,,Aucun incident maritime,,
11/12/2021,11/12/2021,Incident maritime,,,,,,,,,,,,Aucun incident maritime,,
12/12/2021,12/12/2021,Incident maritime,,,,,,,,,,,,Aucun incident maritime,,
13/12/2021,13/12/2021,Incident maritime,,,,,,,,,,,,Aucun incident maritime,,
14/12/2021,14/12/2021,Incident maritime,,,,,,,,,,,,Aucun incident maritime,,
15/12/2021,15/12/2021,Incident maritime,,,,,,,,,,,,Aucun incident maritime,,
16/12/2021,16/12/2021,Incident maritime,,,,,,,,,,,,Aucun incident maritime,,
17/12/2021,17/12/2021,Incident maritime,,,,,,,,,,,,Aucun incident maritime,,
18/12/2021,18/12/2021,Incident maritime,,,,,,,,,,,,Aucun incident maritime,,
19/12/2021,19/12/2021,Incident maritime,,,,,,,,,,,,Aucun incident maritime,,
20/12/2021,,Incidents Maritimes,,SOANIOERANA IVONGO,,,,,49.729276,-16.869622,,,,20 décembre 2021*Naufrage de MS FRANCIA III,,2021-12-20
20/12/2021,,Incidents Maritimes,,FENOARIVO ATSINANANA,,,,,49.472082,-17.521597,,,,20 décembre 2021*Crash de l'hélicoptère OSCAR OSCAR,,2021-12-20
21/12/2021,21/12/2021,Incident maritime,,,,,,,,,,,,Aucun incident maritime,,
22/12/2021,22/12/2021,Incident maritime,,,,,,,,,,,,Aucun incident maritime,,
23/12/2021,23/12/2021,Incident maritime,,,,,,,,,,,,Aucun incident maritime,,
24/12/2021,24/12/2021,Incident maritime,,,,,,,,,,,,Aucun incident maritime,,
25/12/2021,25/12/2021,Incident maritime,,,,,,,,,,,,Aucun incident maritime,,
26/12/2021,26/12/2021,Incident maritime,,,,,,,,,,,,Aucun incident maritime,,
27/12/2021,,Incidents Maritimes,,MORONDAVA,,,,,42.489722,-20.251389,,,,25 Décembre 2021*Présence POLMAR,,2021-12-27
27/12/2021,,Incidents Maritimes,,BELO SUR MER,,,,,43.990501,20.750735,,,,24 Décembre 2021*Naufrage de boutre VOLILISOA,,2021-12-27
28/12/2021,28/12/2021,Incident maritime,,,,,,,,,,,,Aucun incident maritime,,
29/12/2021,29/12/2021,Incident maritime,,,,,,,,,,,,Aucun incident maritime,,
30/12/2021,30/12/2021,Incident maritime,,,,,,,,,,,,Aucun incident maritime,,
31/12/2021,31/12/2021,Incident maritime,,,,,,,,,,,,Aucun incident maritime,,
01/01/2022,01/01/2022,Incident maritime,,,,,,,,,,,,Aucun incident maritime,,
02/01/2022,02/01/2022,Incident maritime,,,,,,,,,,,,Aucun incident maritime,,
03/01/2022,03/01/2022,Incident maritime,,,,,,,,,,,,Aucun incident maritime,,
04/01/2022,,Incident maritime,01er avril 2022:Naufrage du cargo M/S SOLAYAH II,,Vinanivao,ANTALAHA,,ACC_NAUFRAGE,50.26725,-15.878718,,,,Le 1er avril 2022 après avoir été avisée par le chef secteur de Namatoana fokontany Fampotabe et Commune Rurale de Vinanivao sur l’existence d’un accident de navigation d’un navire dans sa circonscription administrative la Brigade de la Gendarmerie d'Ampanavoana s’est dépêchée sur place. L’équipe de la Gendarmerie a constaté que c’était le navire de cabotage en bois M.S SOLAYAH II immatriculé SM 20.026 avec cinq membres d’équipage à bord qui s’est échoué au large à 50 mètres environ du port naturel du village. Les membres de l’équipage sont sains et saufs. Toutefois les dégâts matériels étaient assez lourds. A l’issue d’une enquête sommaire le commandant de bord dudit navire a avoué que l'accident est survenu le 1er avril 2022 vers 10 heures 30 minutes suite à une violation des consignes lancés par des responsables portuaires et maritimes sur la présence d'un mauvais temps en mer.,Le commandant du M.S SOLAYAH II a pris la mer malgré l’avis de vigilance forte houle et forte pluie vert sur la côte Est lancé par Météo Madagascar le 1er Avril 2022 et les consignes de l’autorité portuaire locale. Quant à la vedette à coque ouverte S.Mer La Pirogue l’échouement est survenu à cause de l’inexistence d’appareil de navigation et de la perte de l’ancre. De telles embarcations ne devraient pas s’aventurer dans une telle traversée car le risque d’accident et de disparition est très élevé. En outre en période d’alizé la mer sur la côte Est de Madagascar est régulièrement très agitée. Une sensibilisation doit être lancée à l’endroit des usagers de la mer sur le respect de règles de sécurité de la navigation afin d’éviter les accidents. De plus les autorités maritimes devraient exercer un control plus strict des mouvements des navires et des embarcations en période de mauvais temps.   ,2022-01-04
05/01/2022,05/01/2022,Incident maritime,,,,,,,,,,,,Aucun incident maritime,,
06/01/2022,06/01/2022,Incident maritime,,,,,,,,,,,,Aucun incident maritime,,
07/01/2022,07/01/2022,Incident maritime,,,,,,,,,,,,Aucun incident maritime,,
08/01/2022,08/01/2022,Incident maritime,,,,,,,,,,,,Aucun incident maritime,,
09/01/2022,09/01/2022,Incident maritime,,,,,,,,,,,,Aucun incident maritime,,
10/01/2022,10/01/2022,Incident maritime,,,,,,,,,,,,Aucun incident maritime,,
11/01/2022,11/01/2022,Incident maritime,,,,,,,,,,,,Aucun incident maritime,,
12/01/2022,12/01/2022,Incident maritime,,,,,,,,,,,,Aucun incident maritime,,
13/01/2022,13/01/2022,Incident maritime,,,,,,,,,,,,Aucun incident maritime,,
14/01/2022,14/01/2022,Incident maritime,,,,,,,,,,,,Aucun incident maritime,,
15/01/2022,15/01/2022,Incident maritime,,,,,,,,,,,,Aucun incident maritime,,
16/01/2022,16/01/2022,Incident maritime,,,,,,,,,,,,Aucun incident maritime,,
17/01/2022,17/01/2022,Incident maritime,,,,,,,,,,,,Aucun incident maritime,,
18/01/2022,18/01/2022,Incident maritime,,,,,,,,,,,,Aucun incident maritime,,
19/01/2022,,Incident maritime,15 Janvier 2022:Découverte cadavre,TOAMASINA,Anjoma,Analakininina,ATSINANANA,ACCIDENT_CADAVRE,49.39509,-18.18028,,,,Le 15 Janvier 2022 le cadavre d’un homme d’environ 40 ans a été découvert sur la plage du Fokontany Analakininina Commune Anjoma District de Toamasina. ,,2022-01-19
20/01/2022,20/01/2022,Incident maritime,,,,,,,,,,,,Aucun incident maritime,,
21/01/2022,21/01/2022,Incident maritime,,,,,,,,,,,,Aucun incident maritime,,
22/01/2022,22/01/2022,Incident maritime,,,,,,,,,,,,Aucun incident maritime,,
23/01/2022,23/01/2022,Incident maritime,,,,,,,,,,,,Aucun incident maritime,,
24/01/2022,24/01/2022,Incident maritime,,,,,,,,,,,,Aucun incident maritime,,
25/01/2022,,Incident maritime,24 Janvier 2022:Echouage SOAMIAFARA,,COMORES,Baudrani,,ACCIDENT_ECHOUAGE,44.340745,-12.187962,,,,Le 24 janvier 2022 vers 16 h le navire SOAMIAFARA battant pavillon malagasy se trouvant à Anjouan Comores depuis plus de 8 mois pour un problème de moteur s’est échoué et a coulé sur la côte de Baudrani en raison du mauvais temps. Il avait à son bord (13) treize membres d’équipage de nationalité malagasy et transportait des tonnes de ciments en provenance de Dar es Salam Tanzanie. Le navire se trouve toujours sous la mer avec sa cargaison le commandant a été repêché et ramené à l’hôpital. Les autorités comoriennes ont ouvert une enquête et le CFIM est toujours en contact avec l’OLI des Comores du CRFIM pour s’enquérir de la suite  de l’affaire.,,2022-01-25
25/01/2022,,Incident maritime,24 Janvier 2022:Disparition de 2 pêcheurs,TOAMASINA,Toamasina,Salazamay ,ATSINANANA,ACCIDENT_DISPARITION,49.410375,-18.126982,,,,Suite au passage du mauvais temps dans la partie Est de Madagascar deux petites embarcations de pêcheurs membres de l’association de pêcheurs dénommée F3MA ont disparu. L’une des embarcations a été retrouvée cassée devant l’hôtel Marina Beach Fokontany Salazamay CU Toamasina I tandis que l’autre n’est pas encore retrouvée. Les pêcheurs demeurent encore introuvables jusqu’à ce jour.,,2022-01-25
26/01/2022,,Incident maritime,26 Janvier 2022:Chavirement 5 pirogues:16pêcheurs en difficulté,Fenoarivo Atsinanana,Fenoarivo atsinanana,Rantavola,ANALANJIROFO,SAR,49.4329,-17.3899,,,,Dans l'après-midi du 26 janvier 2022 16 pêcheurs partis en mer pour pêcher à bord de 5 pirogues traditionnels ont rencontré des difficultés au large de Rantalova district de Fenoarivo Atsinanana. Ils n’ont pas pu lutter longtemps contre les vagues. Les autorités locales ont déployé huit embarcations pour les sauver. Grace à cette intervention les victimes ont été retrouvées saines et sauves et ramenées à terre avec leurs embarcations respectives.,,2022-01-26
27/01/2022,,Incident maritime,24 Janvier 2022:Dérive d'une vedette comorienne:2 Comoriens sans papier,Mahajanga,Mariarano,Antsanikira,BOENY,ACCIDENT_DERIVE,46.794,-15.296,,,,Le 24 janvier 2022 deux ressortissants comoriens à bord d’une vedette sans moteur ont été retrouvés au bord de la mer d’Antsanikira CR Mariarano district de Mahajanga II. D’après les autorités locales le Consul de Comores à Mahajanga a fait le nécessaire pour éclairer cette affaire car ces Comoriens étaient arrivés à Madagascar sans papier. Ces derniers ont expliqué qu’ils ont quitté leur pays Djoiezi Moheli Comores le 15 janvier 2022 et emportés jusqu’à Antsanikira CR Marerano district Mahajanga en raison du mauvais temps aux Comores. C’est la raison pour laquelle ils n’ont pas de pièces d’identité Le 26 janvier 2022 à 12h 30mn leur vedette a été remorquée jusqu’à Mahajanga ils sont sains et saufs. Le même jour ils ont fait l’objet d’enquête auprès de la direction régionale de la sécurité publique de Boeny. ,,2022-01-27
28/01/2022,28/01/2022,Incident maritime,,,,,,,,,,,,Aucun incident maritime,,
29/01/2022,29/01/2022,Incident maritime,,,,,,,,,,,,Aucun incident maritime,,
30/01/2022,30/01/2022,Incident maritime,,,,,,,,,,,,Aucun incident maritime,,
31/01/2022,31/01/2022,Incident maritime,,,,,,,,,,,,Aucun incident maritime,,
01/02/2022,01/02/2022,Incident maritime,,,,,,,,,,,,Aucun incident maritime,,
02/02/2022,02/02/2022,Incident maritime,,,,,,,,,,,,Aucun incident maritime,,
03/02/2022,03/02/2022,Incident maritime,,,,,,,,,,,,Aucun incident maritime,,
04/02/2022,04/02/2022,Incident maritime,,,,,,,,,,,,Aucun incident maritime,,
05/02/2022,05/02/2022,Incident maritime,,,,,,,,,,,,Aucun incident maritime,,
06/02/2022,06/02/2022,Incident maritime,,,,,,,,,,,,Aucun incident maritime,,
07/02/2022,,Incident maritime,02 Juillet:Naufrage d'un boutre:2 morts,,7 à bord,ANALALAVA,SOFIA,ACC_NAUFRAGE,47.73799,-14.621826,,,,Le 02 juillet 2022 vers 5h du matin un boutre d’une longueur de 7m non baptisé ou sans nom transportant des sept (07) poteaux en beton de la JIRAMA venant d'Antsohihy a coulé à Ankazomiondriky fokontany d’Ampasikely Avaradrano Commune Urbaine d’Analalava. L’armateur une femme de 24 ans le capitaine un homme de 48 ans et  le proprietaire âgé de 22 ans  ont été à bord de ce boutre. Les deux premiers ont pu s'en sortir en s'agrippant sur une planche et ont été secourus par un certain Todisoa à bord de sa pirogue tandis que le proprietaire  reste encore introuvable. D’après le capitaine ce boutre a quitté Antsohihy le 1er juillet 2022 vers  18 h mais  à leur arrivée à l’endroit de l’accident ils ont été obligé de s’arreter à cause du vent fort et leur vedette a chaviré car les cordes tenant les poteaux ont lâché. Les éléménts de la Gendarmerie et la Police Nationale y ont été présents sous l’égide de l’adjoint du chef district pour constat. Les autorités locales continuent les recherches.,,2022-02-07
08/02/2022,08/02/2022,Incident maritime,,,,,,,,,,,,Aucun incident maritime,,
09/02/2022,09/02/2022,Incident maritime,,,,,,,,,,,,Aucun incident maritime,,
10/02/2022,,Incident maritime,02 octobre:Noyade mortelle d’un homme ,,Morondava centre,MORONDAVA,,ACC_NOYADE,44.264175,-20.302701,,,,Le 02 octobre 2022 vers 11h30 dans le fokontany Morondava centre Commune Urbaine de Morondava un jeune homme de 27 ans originaire d’Antananarivo employé d’une entreprise chargée de construire un pont à Betela Morondava a trouvé la mort au cours d’un accident de baignade. Deux policiers issus du Commissariat Central et deux gendarmes de cette localité se sont dépêchés sur les lieux. Après l’intervention des plongeurs le corps sans vie de la victime a été retrouvé vers 15h15 dans cet endroit et a été récupéré par le personnel du BMH. ,,2022-02-10
11/02/2022,,Incident maritime,02 novembre:Noyade d'une fillette,,,VOHEMAR ,,ACC_NOYADE,50.005313,-13.353273,1 mort,,,Le 02 novembre 2022 vers 15h dans le quartier d’Andranomasibe I à 200 m du port de Vohémar une fillette de 11ans s'est noyée. La victime domiciliée à Andranomasikely II Commune Urbaine de Vohémar nageait avec ses amies puis était emportée au large par le courant marin. Elle a émis des gestes d’alertes et certaines personnes ont tenté de la secourir mais en vain. Après constatation du décès le médecin légiste a remis le corps sans vie à la famille,,2022-02-11
12/02/2022,12/02/2022,Incident maritime,,,,,,,,,,,,Aucun incident maritime,,
13/02/2022,13/02/2022,Incident maritime,,,,,,,,,,,,Aucun incident maritime,,
14/02/2022,14/02/2022,Incident maritime,,,,,,,,,,,,Aucun incident maritime,,
15/02/2022,15/02/2022,Incident maritime,,,,,,,,,,,,Aucun incident maritime,,
16/02/2022,,Incident maritime,15 Février 2022:Naufrage pirogue:4 à bord:2 morts,,Maitsokely,SOANIERANA IVONGO,,ACCIDENT_NAUFRAGE,49.582811,-16.918798,,,,"Le 15 février 2022 vers 17h10mn une petite pirogue avec 04 personnes à bord a fait naufrage dans le fokontany Matsokely. La pirogue est partie de ce fokontany le même jour vers 17h pour rallier Soanierana Ivongo. Cet incident est dû au passage de la tempête tropicale modérée Dumako. A cet effet 02 personnes ont survécu alors que les autorités locales le Bureau National de Gestion de Risque et de Catastrophe (BNGRC) et les villageois sont à la recherche des 02 autres. Ils ont ainsi déployé la vedette du BNGRC pour l’opération SAR. Le 15 février 2022 vers 11h un corps d’un homme sans vie a été retrouvé à l’embouchure près de Matsokely et ramené par sa famille après le constat effectué par la Police Nationale et le Médecin légiste. L’opération se poursuivie ce 16 février 2022.
Le 17 février 2022 vers 11h le corps du deuxième défunt a été retrouvé dans le fokontany Andakazaha Commune rurale de Andratabe.  Après constat le jour même vers 17h il a été transporté à Vavatenina.",,2022-02-16
17/02/2022,17/02/2022,Incident maritime,,,,,,,,,,,,Aucun incident maritime,,
18/02/2022,18/02/2022,Incident maritime,,,,,,,,,,,,Aucun incident maritime,,
19/02/2022,19/02/2022,Incident maritime,,,,,,,,,,,,Aucun incident maritime,,
20/02/2022,20/02/2022,Incident maritime,,,,,,,,,,,,Aucun incident maritime,,
21/02/2022,21/02/2022,Incident maritime,,,,,,,,,,,,Aucun incident maritime,,
22/02/2022,22/02/2022,Incident maritime,,,,,,,,,,,,Aucun incident maritime,,
23/02/2022,23/02/2022,Incident maritime,,,,,,,,,,,,Aucun incident maritime,,
24/02/2022,,Incident maritime,22 Février 2022:Naufrage de deux pirogues,,nosy tanikely,NOSY BE,,SAR,48.239862,-13.483604,,,,Le 22 février 2022 vers 14 heures au large de Nosy Tanikely deux (02) pirogues à voile en bois en provenance de Madirokely Nosy Be avec sept (07) pêcheurs à bord ont fait naufrage. La cause de l’incident serait un changement brusque des conditions météorologiques occasionnant des vents forts et des fortes houles ayant entrainé la déchirure de la voile de l’une des pirogues et le chavirement de l’autre. L’équipe de l’APMF de Nosy Tanikely a déployé la vedette rapide FAED II pour procéder à l'opération de sauvetage des victimes. Ces dernières ont pu être ramenées à terre à Nosy Be saines et sauves. L’opération de sauvetage a duré environ 2heures à la suite de laquelle les responsables auprès de l’APMF ont sensibilisé les pêcheurs sur la vérification au préalable des conditions météorologiques avant de sortir en mer,,2022-02-24
24/02/2022,,Incident maritime,23 Février 2022:Noyade mortelle,,depot Analakininnina toamsina,TOAMASINA,,ACCIDENT_NOYADE,49.418745,-18.1547,,,,Dans l’après-midi du 23 février 2022 un petit garçon s’est baigné dans la partie du quartier de Dépôt Analakininina à Toamasina. Il a été emporté par les vagues et sa tête a violemment heurté une branche de bois. Suite à ce coup et malgré les secours effectués par le fokonolona il n’a pas pu être sauvé. Son corps a été remis à sa famille,,2022-02-24
25/02/2022,25/02/2022,Incident maritime,,,,,,,,,,,,Aucun incident maritime,,
26/02/2022,26/02/2022,Incident maritime,,,,,,,,,,,,Aucun incident maritime,,
27/02/2022,27/02/2022,Incident maritime,,,,,,,,,,,,Aucun incident maritime,,
28/02/2022,28/02/2022,Incident maritime,,,,,,,,,,,,Aucun incident maritime,,
01/03/2022,01/03/2022,Incident maritime,,,,,,,,,,,,Aucun incident maritime,,
02/03/2022,02/03/2022,Incident maritime,,,,,,,,,,,,Aucun incident maritime,,
03/03/2022,03/03/2022,Incident maritime,,,,,,,,,,,,Aucun incident maritime,,
04/03/2022,04/03/2022,Incident maritime,,,,,,,,,,,,Aucun incident maritime,,
05/03/2022,05/03/2022,Incident maritime,,,,,,,,,,,,Aucun incident maritime,,
06/03/2022,06/03/2022,Incident maritime,,,,,,,,,,,,Aucun incident maritime,,
07/03/2022,,Incident maritime,08 Juillet:Disparition en mer MS FANEVASOA:caboteur Malagasy:11 morts,,11 à bord,MANANARA AVARATRA,ANALANJIROFO,ACC_NAUFRAGE,50.02985,-16.042554,,,,Le 08 juillet 2022 vers 10 heures le navire MS FANEVASOA battant pavillon malagasy a appareillé de Namantoana à destination de Mananara Nord. Vers 16h30mn les éléments du poste fixe de la GN de Fampotabe commune rurale de Vinanivao ont été avisé par le chef secteur de Namantoana que le navire est injoignable après avoir subi une panne de moteur à quelques heures de son départ et demeure introuvable jusqu’à ce jour. Afin de recueillir plus amples informations pour les recherches et sauvetage éventuels les éléments du PF de Fampotabe se sont dépêchés sur Namantoana. 04 membres d'équipage se trouvaient à bord avec 07 passagers dont le propriétaire. D'après une communication faite à l'APMF de Mananara avaratra le 08 juillet 2022 dans la matinée le corps sans vie d'un homme tatoué de portrait d'un navire a été découvert à Tanambe Mananara Nord. Des 11 personnes à bord seul un corps a été trouvé. Les responsables du district de Mananara zone du drame continuent les recherches conjointement avec ceux de Masoala et Namantoana.,Le premier et le deuxième incident concernent un chavirement de boutre dans la baie d’Ampandrakofa fokontany Ampasikely CU d’Analalava et l’autre survenu au large de Bevatry Disctrict de Soalala le même jours le 02 juillet 2022. Quant au premier les deux (02) personnes parmi les trois à bord d’un boutre chargé de poteaux en beton de la JIRAMA ont été secourues par un piroguier et la troisième personne est encore portée disparue. Le deuxième chavirement avec sept pêcheurs à bord a occasionné une noyade mortelle et une autre personne portée disparue en mer. Le non-respect des mesures sécuritaires en matière de navigation ainsi que la violation manifeste des instructions pendant le passage du mauvais temps sont en général la cause de ces accidents en mer. Le troisième fait saillant concerne la présence des fumées blanchâtres venant du conteneur installé dans l’enceinte du port de Mahajanga dont la cause n’est pas encore identifiée. Le dernier incident est survenu dans les eaux de Mananara Avaratra le 06 juillet 2022 dont une embarcation avec 11 personnes à bord. Après avoir subi une panne technique le boutre a disparu en mer et un corps sans vie de l’un de ses occupants a été découvert.,2022-03-07
08/03/2022,08/03/2022,Incident maritime,,,,,,,,,,,,Aucun incident maritime,,
09/03/2022,09/03/2022,Incident maritime,,,,,,,,,,,,Aucun incident maritime,,
10/03/2022,10/03/2022,Incident maritime,,,,,,,,,,,,Aucun incident maritime,,
11/03/2022,11/03/2022,Incident maritime,,,,,,,,,,,,Aucun incident maritime,,
12/03/2022,12/03/2022,Incident maritime,,,,,,,,,,,,Aucun incident maritime,,
13/03/2022,13/03/2022,Incident maritime,,,,,,,,,,,,Aucun incident maritime,,
14/03/2022,14/03/2022,Incident maritime,,,,,,,,,,,,Aucun incident maritime,,
15/03/2022,15/03/2022,Incident maritime,,,,,,,,,,,,Aucun incident maritime,,
16/03/2022,16/03/2022,Incident maritime,,,,,,,,,,,,Aucun incident maritime,,
17/03/2022,17/03/2022,Incident maritime,,,,,,,,,,,,Aucun incident maritime,,
18/03/2022,,Incident maritime,18 Mars 2022:Naufrage vedette TICANON:Pav Maurice,,,ANTALAHA,,ACCIDENT_NAUFRAGE,51.946667,-15.125,,,, Le 18 mars 2022 à 15h45 une information a été reçue par MRCC Réunion (CROSSRU) qu'un bateau de plaisance mauricien environ 12 mètres immatriculé PC 7731OL15 équipé d’un moteur hors-bord avec le logo « TICANON » a été localisé en état renversé à l’Est des eaux de Madagascar notamment à 70 nautiques à l’est d’Antalaha à la position 15° 07.50 S et 051 °56.80 E.  Aucune personne n’a été trouvée aux alentours de cette embarcation. A noter que TICANON a été déclaré voler dans les zones maritimes de l’ile Maurice depuis janvier 2022. Le CFIM a reçu les informations le 22 mars 2022.,,2022-03-18
19/03/2022,19/03/2022,Incident maritime,,,,,,,,,,,,Aucun incident maritime,,
20/03/2022,20/03/2022,Incident maritime,,,,,,,,,,,,Aucun incident maritime,,
21/03/2022,,Incident maritime,19 Mars 2022:Naufrage du voilier S/V LORRIGRAY II,,,MOROMBE,,SAR,42.573333,-20.860833,,,,Le 19 mars 2022 vers 17h12 heures locales le voilier baptisé S.V LORRIGRAY II (MMSI 601145000 pavillon Afrique du Sud) a chaviré au large à environ 68 nautiques (127km) au Nord-Ouest de Morombe dans le Canal de Mozambique à la position 20°51’ 39’’S et 42°34’ 24’’E. En partance de Dzaoudzi Comores le 15 mars 2022 vers 07h28mn UTC le voilier avait trois (03) membres d’équipage à bord dont 1 Canadien 1 Suédois et 1 Italien. Suite à une importante voie d’eau il a coulé le 20 mars 2022 en fin d’après-midi. Alerté par le CROSS La Réunion le MRCC Madagascar a coordonné l’opération SAR en contactant le pétrolier PETALOUDA (MMSI 311001200 pavillon Bahamas) qui est arrivé sur le lieu de l’incident le 20 mars 2021 vers 10h30 heures locales en partance de Mossel Bay Afrique du Sud. Les 03 marins à bord ont pu être récupérés sains et saufs et ont été débarqués au large de Mayotte le 22 mars 2022 vers 08h00 UTC,Deux (02) informations sont relatives à ce thématique. Le premier évènement est sur la découverte d’une embarcation chavirée « TICANON » laquelle a été déclarée par son propriétaire volée à Maurice. La deuxième informe de la découverte d’un corps sans vie d’un homme sur la plage de Mahajanga. En ce qui concerne le « TICANON » le CFIM a été notifié par le CRFIM du vol de ce bateau et de sa découverte par un navire de guerre français le 22 Mars 2022. A la suite des liaisons téléphoniques avec les autorités locales de la partie Est de Madagascar aucun débris de n’a été aperçu sur les plages de Madagascar. Quant à la découverte du cadavre sur une plage de Mahajanga une enquête est en cours afin de déterminer la cause de la mort de cet homme.,2022-03-21
22/03/2022,22/03/2022,Incident maritime,,,,,,,,,,,,Aucun incident maritime,,
23/03/2022,23/03/2022,Incident maritime,,,,,,,,,,,,Aucun incident maritime,,
24/03/2022,24/03/2022,Incident maritime,,,,,,,,,,,,Aucun incident maritime,,
25/03/2022,25/03/2022,Incident maritime,,,,,,,,,,,,Aucun incident maritime,,
26/03/2022,,Incident maritime,26 Mars 2022:Découverte cadavre,,,MAHAJANGA,,ACCIDENT_CADAVRE,46.327774,-15.725333,,,,Le 26 mars 2022 dans le quartier Secteur 3 d’Aranta Commune Urbaine de Mahajanga un corps sans vie a été découvert sur la plage. Il s'agit d’un homme âgé de 22 ans domicilié au secteur 3 Aranta tireur de ‘’pousse-pousse ‘’dans cette ville. Les éléments du BMH et la Police Nationale se sont dépêchés pour constat en présence du Chef de Secteur 3 Aranta. Le corps du défunt a déjà été remis à sa famille. Une enquête judiciaire a été ouverte et confiée au Service Régional de la Police Judiciaire de Mahajanga. Il est à souligner qu’il s’agit d’un mort suspect.,,2022-03-26
27/03/2022,27/03/2022,Incident maritime,,,,,,,,,,,,Aucun incident maritime,,
28/03/2022,28/03/2022,Incident maritime,,,,,,,,,,,,Aucun incident maritime,,
29/03/2022,29/03/2022,Incident maritime,,,,,,,,,,,,Aucun incident maritime,,
30/03/2022,30/03/2022,Incident maritime,,,,,,,,,,,,Aucun incident maritime,,
31/03/2022,31/03/2022,Incident maritime,,,,,,,,,,,,Aucun incident maritime,,
01/04/2022,01/04/2022,Incident maritime,,,,,,,,,,,,Aucun incident maritime,,
02/04/2022,02/04/2022,Incident maritime,,,,,,,,,,,,Aucun incident maritime,,
03/04/2022,03/04/2022,Incident maritime,,,,,,,,,,,,Aucun incident maritime,,
04/04/2022,,Incident maritime,04 Avril 2022:SAR nocturne:Vedette rapide Smer LA PIROGUE ,,NOSY BORAHA ,NOSY BORAHA ,,SAR,49.856382,-17.038908,,,,Dans la journée du lundi 04 avril 2022 une vedette équipée d’un moteur hors-bord nouvellement construite dénommée « S.Mer La Pirogue » TM 13 020 est partie de Mahambo pour rejoindre Ambodifotatra Nosy Boraha. Dépourvue d’équipement d’aide à la navigation la vedette avec 5 équipages à bord s’est perdue en mer à l’Est de l’île pour se retrouver coincé dans les récifs d’Ambohidena à la position 16°52’00’’S 49°58’55’’E. Son ancre s’est brisée en raison des conditions météorologiques. Suite à l’appel de détresse lancé par l’équipage les autorités maritimes de Nosy Boraha sont venues à leurs secours. Les éléments de l’APMF et du DMSM (Détachement de la Marine Nationale de Sainte Marie) se sont déplacés en moto vers Sahasifotra pour diriger les opérations de sauvetage. Les pêcheurs des villages aux alentours à bord de deux pirogues ont été utilisés pour chercher et ramener la vedette vers le rivage. Les membres d’équipage sont arrivés sains et saufs le 05 avril à 0100C dans l’anse d'Ampanihy avec leur vedette.,,2022-04-04
05/04/2022,05/04/2022,Incident maritime,,,,,,,,,,,,Aucun incident maritime,,
06/04/2022,06/04/2022,Incident maritime,,,,,,,,,,,,Aucun incident maritime,,
07/04/2022,07/04/2022,Incident maritime,,,,,,,,,,,,Aucun incident maritime,,
08/04/2022,08/04/2022,Incident maritime,,,,,,,,,,,,Aucun incident maritime,,
09/04/2022,09/04/2022,Incident maritime,,,,,,,,,,,,Aucun incident maritime,,
10/04/2022,10/04/2022,Incident maritime,,,,,,,,,,,,Aucun incident maritime,,
11/04/2022,11/04/2022,Incident maritime,,,,,,,,,,,,Aucun incident maritime,,
12/04/2022,12/04/2022,Incident maritime,,,,,,,,,,,,Aucun incident maritime,,
13/04/2022,,Incident maritime,12 Avril 2022:Découverte cadavre:Enfant de 14ans,,Ile aux Prunes,TOAMASINA,,ACC_CADAVRE,49.45793,-18.050924,,,, Le 12 avril 2022 vers 13h 30 le corps sans vie d’un enfant de 14 ans sexe masculin et identité inconnue a été découvert sur la plage de l’île aux Prunes une petite île qui se trouve au Nord de Toamasina. D’après le constat effectué par les Officiers de Polices Judiciaires en présence de l’APMF Toamasina et du BMH l’enfant était mort de noyade en mer depuis 72 heures avec une fracture crânienne.,,2022-04-13
14/04/2022,14/04/2022,Incident maritime,,,,,,,,,,,,Aucun incident maritime,,
15/04/2022,15/04/2022,Incident maritime,,,,,,,,,,,,Aucun incident maritime,,
16/04/2022,16/04/2022,Incident maritime,,,,,,,,,,,,Aucun incident maritime,,
17/04/2022,,Incident maritime,17 Avril 2022:Voiture4*4 tombée,,,MAHAJANGA,,ACC_,46.26725,-15.878718,,,,Dans la matinée du 17 avril 2022 au port de Mahajanga une voiture 4x4 a glissé vers le contrebas au bord de la mer lorsque le conducteur a fait une manœuvre et n’a pas pu maitriser l’opération. Aucune perte en vie humaine n’est à déplorer mais le dégât matériel est assez considérable.,De nombreuses personnes se sont aventurées en mer durant le week-end pascal malgré un nouveau phénomène de houle favorisé par la mer agitée et malgré des arrêtés municipaux interdisant la baignade dans certaines zones. Il est ainsi fortement recommandé de se conformer aux instructions des autorités sur la situation météorologiques et l’état de la mer bien que ce phénomène fréquent de disparition en mer se présente chaque année. Le troisième évènement se rapporte à un incident de fausse manœuvre lors du déplacement d’une voiture au bord d’un ravin et qui a fini par tomber en mer. La prudence est également de mise pendant les week-ends de fête afin d’éviter les accidents surtout au bord des mers.,2022-04-17
18/04/2022,,Incident maritime,18 Avril 2022:Noyade mortelle:5 morts,,LAVANONO,,,ACC_NOYADE,44.945253,-25.429066,,,,Le 18 avril 2022 sur la plage de Lavanono commune de Tranovaho district de Beloha région Androy trois jeunes de 16 à 23 ans ont été emportés par les vagues lors de leur baignade. Trois autres jeunes de même âge ont tenté de leur porter secours mais ont également péri. Les autorités ainsi que les éléments de la gendarmerie se sont dépêchés sur les lieux du drame. Trois corps ont été récupérés le 19 avril tandis que les trois autres ont été retrouvés aux alentours du lieu de l’incident le 20 avril vers 12heures,,2022-04-18
18/04/2022,,Incident maritime,18 Avril 2022:Noyade mortelle:3 morts,,,FENOARIVO ATSINANANA,,ACC_NOYADE,49.416912,-17.377436,,,,Le 18 avril 2022 vers 17 heures sur la plage dénommée « La Piscine » à Fenoarivo Atsinanana trois jeunes du Lycée Saint Joseph Vavatenina ont été emportés par les vagues lors d’une baignade. A la suite des recherches effectuées par la Gendarmerie et les pompiers un premier corps a été retrouvé le 19 avril vers 11 heures un autre vers midi et le troisième a été découvert par des pêcheurs au large à 1 km à l’Est du lieu de l’incident le 20 avril vers 08h50,,2022-04-18
19/04/2022,19/04/2022,Incident maritime,,,,,,,,,,,,Aucun incident maritime,,
20/04/2022,,Incident maritime,20 Avril 2022:Disparition de 3 pêcheurs,,Dzamandzar,NOSY BE,,SAR,48.19257,-13.357996,,,,La nuit du 20 avril 2022 48 pêcheurs répartis dans 21 pirogues ont quitté la côte de Nosy Be dans le quartier d’Ampasy fokontany Dzamandzar. Le 22 avril 2022 en fin de l’après-midi 24 pêcheurs seulement sont retournés. Le 23 avril 2022 les Forces de l’Ordre et l’équipe de l’APMF ont procédé à l’opération SAR des disparus en déployant une vedette pour trouver les victimes. Depuis le 22 avril jusqu’au 24 avril 2022 au total 45 pêcheurs ont été retrouvés sains et sauf à bord des 19 pirogues. Ainsi 02 pirogues ayant à bord les dénommés Mako Jao et Mbola sont encore introuvables jusqu’au 29 avril 2022. Il semble que pendant leur navigation en mer il y ait eu des vents forts. ,Quatre (04) informations sur les incidents maritimes ont été reçu par le CFIM cette semaine. Ils s’agissent des naufrages en mer de pirogues de pêcheurs dont 02 à Nosy Be 01 à Mahajanga 01 à Toamasina et 01 à Toliara. Pour les trois (03) premiers cas les incidents sont survenus le 20 et 21 avril 2022 causés par des vents forts et le mauvais état de la mer. Et pour le cas de Toliara le naufrage a eu lieu le 26 avril durant le passage de la Tempête Tropicale Jasmine. Lors des opérations SAR quarante-six (46) pêcheurs ont été secourus cinq (05) sont restés introuvables et trois (03) ont trouvé la mort. Face aux mauvaises conditions météorologiques les petites embarcations telles que les pirogues de pêche utilisées à Madagascar sont très vulnérables. Ainsi une modernisation des embarcations utilisées pour la pêche est nécessaire afin de réduire les pertes humaines et développer le secteur. Néanmoins la conscientisation des pêcheurs pour ne pas sortir en mer lors des périodes de mauvais temps est également recommandée.,2022-04-20
21/04/2022,,Incident maritime,21 Avril 2022:Noyade d'un pêcheur ,,Plage Miou Miou,TOAMASINA,,ACC_NOYADE,49.407157,-18.120616,,,,Le 21 avril 2022 vers 07h du matin un homme âgé de 21 ans parti pêcher au large du Lycée Jacques Rabemananjara Commune Urbaine de Toamasina I a subitement disparu. Ayant remarqué sa disparition ses coéquipiers sont partis à sa recherche depuis le jour d’incident. Le 23 avril 2022 vers 04h du matin le corps sans vie de la victime a été retrouvé au bord de la mer de MIOU-MIOU Toamasina. Le corps a été remis à sa famille après le constat effectué par le BMH et la Police Scientifique et Technique au sein de la Police Judiciaire du Commissariat Central de Toamasina. Il se serait noyé.,,2022-04-21
21/04/2022,,Incident maritime,21 Avril 2022:Disparition 2 pêcheurs:Une pirogue à voile,,Petite Plage ,MAHAJANGA,,ACC_DISPARITION,46.323277,-15.67107,,,,En partance de la Petite Plage de Mahajanga le 21 avril 2022 vers 06h du matin deux (02) pêcheurs à bord d’une pirogue à voile ne se sont pas revenus à terre. Suite à cette disparition la famille de la victime avec l’aide de l’Association des pêcheurs de la Petite Plage est partie à la recherche des victimes le 22 23 et 24 avril 2022 en utilisant une vedette privée appartenant à un ressortissant étranger mais le résultat de la recherche était resté vain. Après avoir contacté les autorités locales l’opération de recherche a continuée le 25 avril 2022 mais toujours sans résultat. Dans la matinée du 27 avril 2022 un corps sans vie de l’un des deux pêcheurs a été retrouvé sur la plage de la Commune Rurale de Namakia. Son coéquipier n’a pas encore été retrouvé.,,2022-04-21
22/04/2022,22/04/2022,Incident maritime,,,,,,,,,,,,Aucun incident maritime,,
23/04/2022,23/04/2022,Incident maritime,,,,,,,,,,,,Aucun incident maritime,,
24/04/2022,24/04/2022,Incident maritime,,,,,,,,,,,,Aucun incident maritime,,
25/04/2022,25/04/2022,Incident maritime,,,,,,,,,,,,Aucun incident maritime,,
26/04/2022,,Incident maritime,26 Avril 2022:Disparition 2 Pêcheurs:Une pirogue à voile,,Mahavatsy I,TOLIARA,,SAR,43.667964,-23.359946,,,,Le 26 avril 2022 vers 17h au large de Nosinihita fokotany Mahavatsy I Commune Urbaine de Toliara I District Toliara une pirogue avec quatre (04) pêcheurs à bord a fait naufrage à cause du passage de la Forte Tempête Tropicale JASMINE. Deux des quatre pêcheurs ont été ramenés par les vagues vers la côte dont l’un a perdu la vie. Un autre a été retrouvé vivant le 27 avril 2022. Quant au dernier il n’a pas encore été retrouvé. L’Agence Portuaire Maritime et Fluviale (APMF) et la Gendarmerie Nationale ont entamé l’opération SAR depuis le jour de l’incident.,,2022-04-26
27/04/2022,27/04/2022,Incident maritime,,,,,,,,,,,,Aucun incident maritime,,
28/04/2022,28/04/2022,Incident maritime,,,,,,,,,,,,Aucun incident maritime,,
29/04/2022,29/04/2022,Incident maritime,,,,,,,,,,,,Aucun incident maritime,,
30/04/2022,30/04/2022,Incident maritime,,,,,,,,,,,,Aucun incident maritime,,
01/05/2022,01/05/2022,Incident maritime,,,,,,,,,,,,Aucun incident maritime,,
02/05/2022,02/05/2022,Incident maritime,,,,,,,,,,,,Aucun incident maritime,,
03/05/2022,03/05/2022,Incident maritime,,,,,,,,,,,,Aucun incident maritime,,
04/05/2022,04/05/2022,Incident maritime,,,,,,,,,,,,Aucun incident maritime,,
05/05/2022,05/05/2022,Incident maritime,,,,,,,,,,,,Aucun incident maritime,,
06/05/2022,06/05/2022,Incident maritime,,,,,,,,,,,,Aucun incident maritime,,
07/05/2022,07/05/2022,Incident maritime,,,,,,,,,,,,Aucun incident maritime,,
08/05/2022,08/05/2022,Incident maritime,,,,,,,,,,,,Aucun incident maritime,,
09/05/2022,09/05/2022,Incident maritime,,,,,,,,,,,,Aucun incident maritime,,
10/05/2022,10/05/2022,Incident maritime,,,,,,,,,,,,Aucun incident maritime,,
11/05/2022,,Incident maritime,05 novembre:Incendie à bord du caboteur « BALEINE » TM 14-113,,,Toamasina,,ACC_INCENDIE,49.424142,-18.155819,,,,Le 05 novembre 2022 à 07h du matin le navire « BALEINE » immatriculé TM 14-113 pavillon malagasy a pris feu au quai Plage du port de Toamasina. Le feu s’est déclenché par des étincelles d’un poste de soudure que l’équipage a utilisé sur le pont dudit navire. La passerelle de navigation du navire a été complètement brûlée mais suite aux interventions des pompiers le feu a été maîtrisé vers 07h45. Aucun blessé ni perte de vie humaine n’a été signalé. Ce navire était sur le point de partir pour Taolagnaro le soir transportant 400Tonnes de riz. Les responsables ont déjà débarqué toutes les marchandises. Aucun dommage n’a été déclaré. Les éléments de la Police Nationale du Port et l’APMF de Toamasina ont été présents pour constater l’incident et procéder à l’enquête.,,2022-05-11
12/05/2022,12/05/2022,Incident maritime,,,,,,,,,,,,Aucun incident maritime,,
13/05/2022,13/05/2022,Incident maritime,,,,,,,,,,,,Aucun incident maritime,,
14/05/2022,14/05/2022,Incident maritime,,,,,,,,,,,,Aucun incident maritime,,
15/05/2022,15/05/2022,Incident maritime,,,,,,,,,,,,Aucun incident maritime,,
16/05/2022,16/05/2022,Incident maritime,,,,,,,,,,,,Aucun incident maritime,,
17/05/2022,17/05/2022,Incident maritime,,,,,,,,,,,,Aucun incident maritime,,
18/05/2022,18/05/2022,Incident maritime,,,,,,,,,,,,Aucun incident maritime,,
19/05/2022,19/05/2022,Incident maritime,,,,,,,,,,,,Aucun incident maritime,,
20/05/2022,20/05/2022,Incident maritime,,,,,,,,,,,,Aucun incident maritime,,
21/05/2022,21/05/2022,Incident maritime,,,,,,,,,,,,Aucun incident maritime,,
22/05/2022,22/05/2022,Incident maritime,,,,,,,,,,,,Aucun incident maritime,,
23/05/2022,23/05/2022,Incident maritime,,,,,,,,,,,,Aucun incident maritime,,
24/05/2022,24/05/2022,Incident maritime,,,,,,,,,,,,Aucun incident maritime,,
25/05/2022,25/05/2022,Incident maritime,,,,,,,,,,,,Aucun incident maritime,,
26/05/2022,26/05/2022,Incident maritime,,,,,,,,,,,,Aucun incident maritime,,
27/05/2022,27/05/2022,Incident maritime,,,,,,,,,,,,Aucun incident maritime,,
28/05/2022,28/05/2022,Incident maritime,,,,,,,,,,,,Aucun incident maritime,,
29/05/2022,29/05/2022,Incident maritime,,,,,,,,,,,,Aucun incident maritime,,
30/05/2022,30/05/2022,Incident maritime,,,,,,,,,,,,Aucun incident maritime,,
31/05/2022,,Incident maritime,30 mai 2022:Noyade mortelle:1 mort et 2 disparues,,,TOAMASINA,,ACC_NOYADE,49.423801,-18.163201,,,,Dans l’après-midi du 30 mai 2022 à Toamasina trois (03) personnels de sécurité de la société d’Ambatovy ont été noyés pendant qu’il se baignaient à Tapak’ala près de la cité des cadres de la société d’Ambatovy. Disparues depuis ce jour l’une de ces trois personnes a été retrouvée sans vie près du port de Toamasina le 31 mai 2022 vers 5h du matin alors que les deux autres restent introuvables. A cet effet le service de la Police Judiciaire du Commissariat Central de Toamasina s’est déplacé au port pour constater ce décès. La société d’Ambatovy ainsi que la famille des victimes ont poursuivi la recherche des disparues. Le Centre de Fusion d’Informations Maritimes (CFIM) a déjà informé le MRCC ((Maritime Rescue Coordination Centre) auprès de l’Agence Portuaire Maritime et Fluviale (APMF) sur cet incident. L’un des corps sans vie a été trouvé par un pêcheur le 14 juin 2022 près du lieu d’incident.,,2022-05-31
01/06/2022,01/06/2022,Incident maritime,,,,,,,,,,,,Aucun incident maritime,,
02/06/2022,,Incident maritime,06 Février 2022:Homme à la mer,,,MAHAJANGA,,ACCIDENT_NOYADE,46.30034,-15.710816,,,,Le 06 février 2022 un graisseur est tombé à la mer lorsqu’il était en train de manipuler les amarres du navire MS LUMINA. Ce navire battant pavillon malagasy était amarré au Port de Mahajanga lors de l’incident. Malgré les recherches effectuées par les autorités il n’a pas encore été retrouvé. Les recherches se poursuivent. ,,2022-06-02
03/06/2022,03/06/2022,Incident maritime,,,,,,,,,,,,Aucun incident maritime,,
04/06/2022,04/06/2022,Incident maritime,,,,,,,,,,,,Aucun incident maritime,,
05/06/2022,,Incident maritime,04 mai 2022:Problème technique du cargo STAR PAOLA ,,,ANTSIRANANA,NORD,ACC_PANNE,49.370287,-12.215292,,,,Le 04 mai 2022 vers 21h28 UTC lors du monitoring journalier effectué par le CFIM le navire cargo STAR PAOLA pavillon Liberia MMSI 636020465 a été détecté sur les plateformes SEAVISION et SKYLIGHT au mouillage près du port d’Antsiranana dans la mer territoriale malagasy. Des informations reçues de l’APMF d’Antsiranana le commandant de ce navire a informé qu’en raison d’une panne technique le navire a demandé de rejoindre le port d’Antsiranana. Suite aux opérations d’interventions techniques des plongeurs professionnels du 07 au 10 mai 2022 le navire STAR PAOLA a quitté son lieu de mouillage le 11 mai 2022 vers 01h00 du matin à destination de Singapour.,,2022-06-05
06/06/2022,06/06/2022,Incident maritime,,,,,,,,,,,,Aucun incident maritime,,
07/06/2022,,Incident maritime,02 Juillet:Naufrage d'un boutre:1 mort,,3 à bord,SOALALA,SOFIA,ACC_NAUFRAGE,44.872551,-16.143312,,,,Le 02 juillet 2022 un boutre en bois non baptisé avec sept (07) pêcheurs à bord a fait naufrage et a coulé au large de Bevatry District de Soalala. Le même jour un autre boutre baptisé « JEAN NOEL » de passage sur le lieu leur a porté secours. A l’issue de cette intervention 05 personnes sur les 07 ont été secourues tandis qu’une personne est morte noyée et une autre portée disparue en mer. Le boutre JEAN NOEL est tombé en panne de moteur le 03 et 04 juillet 2022 au large. Le 05 juillet 2022 vers 15h un navire loué par la société AQUALMA venant de Besalampy est passé sur le lieu et leur a porté assistance. Ce dernier a remorqué le boutre JEAN NOEL jusqu’à Mahajanga. Les 05 personnes secourues sont actuellement entre les mains des responsables sanitaires à Mahajanga.,,2022-06-07
08/06/2022,08/06/2022,Incident maritime,,,,,,,,,,,,Aucun incident maritime,,
09/06/2022,09/06/2022,Incident maritime,,,,,,,,,,,,Aucun incident maritime,,
10/06/2022,10/06/2022,Incident maritime,,,,,,,,,,,,Aucun incident maritime,,
11/06/2022,,Incident maritime,06 novembre:Homme à la mer:Vraquier GALAXY GLOBE:pavillon Iles Marshall:MMSI  538006305,,,Taolagnaro,,ACC_NOYADE,48.032223,-25.97922,1 mort,,,Le 06 novembre 2022 le JRCC Madagascar a reçu une information en provenance du CROSS REUNION portant alerte sur la disparition d’un homme de 27 ans marin professionnel ressortissant philippins à bord du navire vraquier GALAXY GLOBE pavillon Iles Marshall. L’incident est survenu au Sud-Est de Taolagnaro (26°00.02'S - 048°01.80'E). L’alerte initiale a eu lieu le 05 novembre 2022 vers 22H01 GMT. Des actions ont été menées par le JRCC Madagascar appuyé par le CROSS SUD OCÉAN INDIEN. Malgré des efforts déployés l’équipage du navire GALAXY GLOBE a lancé un communiqué à l’endroit du JRCC Madagascar d’arrêter les recherches compte tenu de la marge de temps écoulée depuis la disparition du marin (48H). La diffusion de l’alerte concernant l'homme à la mer a été ainsi stoppée le 06 novembre à 17h32 suite à l'échange de la situation entre Cap Town Cross Réunion JRCC et le navire.,,2022-06-11
12/06/2022,,Incident maritime,06 décembre:Dérive du caboteur malagasy CHAMDA 3:MMSI 647861302,,SAR,MAHAJANGA,,ACC_DERIVE,46.363475,-15.303948,,,,Le 06 décembre 2022 durant le monitoring le navire cargo CHAMDA 3 de pavillon Malagasy MMSI 647861302 avec 24 passagers et 9 équipages à bord a été localisé à la dérive avec une vitesse de 08 nœud dans la partie Ouest des côtes de Madagascar soit à   8518 nautiques (157 km) au Nord-Ouest de Mahajanga. Il a été chargé des produits locaux et des planches. Ce navire a quitté le port de Mahajanga le 04 décembre 2022 vers 12h 22 heures locales pour rallier Anjouan Comores.  Le 05 décembre 2022 à 03 heures 02 heures locales il a commencé de diminuer sa vitesse. D’après l’entretien téléphonique avec un responsable auprès de l’APMF Mahajanga ce navire a rencontré un problème de propulsion et a demandé une assistance. Le 07 décembre le navire caboteur CHAMDA 3 a été récupéré par le patrouilleur de la Surveillance des pêches ATSANTSA et est arrivé au port de Mahajanga le 07 décembre vers 23h20mn. ,Une (01) information sur le thématique incident maritime a été reçue par le CFIM cette semaine. Elle s’agit du problème mécanique du cargo CHAMDA 3 pavillon malagasy dans la partie Ouest des côtes de Madagascar à 8518 nautiques au Nord-Ouest de Mahajanga. Ce navire a quitté le port de Mahajanga le 04 décembre 2022 à destination d’Anjouan Comores. Toutefois les conditions météorologiques ne constituaient pas des facteurs pour entraver sa navigation parce qu’elles ont été bonnes. Le navire est arrivé à quai à Mahajanga le 07 décembre 2022 après le remorquage par le patrouilleur Atsantsa. Aucune perte en vie humaine et matériel n’ont été enregistrés. Le contrôle et vérification technique des navires avant chaque départ devaient être systématique et impérative afin de limiter les incidents.,2022-06-12
13/06/2022,13/06/2022,Incident maritime,,,,,,,,,,,,Aucun incident maritime,,
14/06/2022,14/06/2022,Incident maritime,,,,,,,,,,,,Aucun incident maritime,,
15/06/2022,15/06/2022,Incident maritime,,,,,,,,,,,,Aucun incident maritime,,
16/06/2022,16/06/2022,Incident maritime,,,,,,,,,,,,Aucun incident maritime,,
17/06/2022,17/06/2022,Incident maritime,,,,,,,,,,,,Aucun incident maritime,,
18/06/2022,18/06/2022,Incident maritime,,,,,,,,,,,,Aucun incident maritime,,
19/06/2022,19/06/2022,Incident maritime,,,,,,,,,,,,Aucun incident maritime,,
20/06/2022,20/06/2022,Incident maritime,,,,,,,,,,,,Aucun incident maritime,,
21/06/2022,21/06/2022,Incident maritime,,,,,,,,,,,,Aucun incident maritime,,
22/06/2022,22/06/2022,Incident maritime,,,,,,,,,,,,Aucun incident maritime,,
23/06/2022,23/06/2022,Incident maritime,,,,,,,,,,,,Aucun incident maritime,,
24/06/2022,24/06/2022,Incident maritime,,,,,,,,,,,,Aucun incident maritime,,
25/06/2022,25/06/2022,Incident maritime,,,,,,,,,,,,Aucun incident maritime,,
26/06/2022,26/06/2022,Incident maritime,,,,,,,,,,,,Aucun incident maritime,,
27/06/2022,27/06/2022,Incident maritime,,,,,,,,,,,,Aucun incident maritime,,
28/06/2022,28/06/2022,Incident maritime,,,,,,,,,,,,Aucun incident maritime,,
29/06/2022,,Incident maritime,29 juin:Assistance à une embarcation ,,,MAROANTSETRA,,ASSISTANCE,49.719247,-15.446874,,,,Le 29 juin 2022 vers 5h du matin une embarcation équipée d’un moteur avec dix (10) passagers et trois (3) équipages ont sciemment quitté le quartier d’Ambanizana district de Maroantsetra pour rejoindre la ville de Maroantsetra à l’insu de toutes les autorités locales. Le même jour vers 9h à quelques miles nautiques de son arrivée à l’entrée de la passe l’embarcation n’a pas pu continuer de naviguer car elle n’arriva plus à rester à flot à cause du mauvais temps. Une opération de sauvetage a été déclenchée par les autorités locales et toutes les personnes à bord ont été sauvées. Toutefois le pilote de cette embarcation a été arrêté par la Gendarmerie et sera présenté au Parquet après une enquête judiciaire.,,2022-06-29
29/06/2022,,Incident maritime,29 juin:2 boutres calcinés,,,NOSY BE,,ACC,48.275567,-13.407329,,,,Le 29 juin 2022 vers 2 heures du matin dans le fokontany Befitina Andavakotoko district de Nosy Be des centaines de palissandres et deux (02) boutres en cours de réparation ont été calcinés. D’après les informations sommaires le feu serait venu du brûlage des ordures à l’air libre près de cet endroit. Une enquête judiciaire a été ouverte et est menée par le Service de la Police Judiciaire du Commissariat de Police de Nosy Be.,Deux (02) cas d’incident maritime ont été recensés par le CFIM cette semaine. Le premier concerne l’opération de sauvetage effectué par la Gendarmerie Nationale de Maroantsetra d’une embarcation transportant 13 personnes à bord qui était en difficulté suite au vent fort et la forte houle. Afin d’éviter de ce genre d’incident cette semaine l’APMF de la région Analanjirofo a sorti une note de suspension des activités maritimes des petites embarcations. Pourtant le pilote de cette embarcation a bravé cette interdiction et a encore persisté à transporter ses passagers vers Maroantsetra. Ainsi une mesure a été prise par l’autorité locale à l’encontre de ce skipper. Quant au deuxième cas il s’agit d’un incendie accidentel de deux boutres en carénage. Les lieux de carénage ou de réparations de navire devraient respecter les règles de sécurité afin de prévenir les accidents. Une norme en ce sens devrait être élaborée par l’autorité en charge de la réglementation de ce type d’activité.  ,2022-06-29
30/06/2022,30/06/2022,Incident maritime,,,,,,,,,,,,Aucun incident maritime,,
01/07/2022,01/07/2022,Incident maritime,,,,,,,,,,,,Aucun incident maritime,,
02/07/2022,02/07/2022,Incident maritime,,,,,,,,,,,,Aucun incident maritime,,
03/07/2022,,Incident maritime,07 Mars 2022:Sauvetage en mer d'un pêcheur,,Baie de Mahajamba,MAHAJANGA ,,SAR,47.015424,-15.229069,,,,Le 07 mars 2022 l’APMF a été avisé par le pétrolier AVISOA qui a fait route de Mahajanga pour Antsiranana qu’un homme accroché à un morceau de bois se trouvait en mer au large de la Baie de Mahajamba. Le navire était positionné à 15°06S 046°35E à l’Ouest de la Pointe Ambararata. Le Commandant de l’AVISOA a procédé à l’opération de sauvetage de la victime qui a pu être sauvée en état de conscience ; la vedette AIDA de l’APMF a été déployée pour récupérer le pêcheur rescapé au Grand Pavois lieu de rendez-vous avec l’Avisoa. Selon le rescapé ils étaient 2 à bord de la pirogue SARY ITOVIZANA partis de Mahajanga le 05 mars pour aller pêcher mais au retour ils ont fait une fausse manœuvre ayant entrainé le naufrage de la pirogue. Les 2 pêcheurs ont pu s’accrocher au balancier qui restait de la pirogue mais le plus jeune a péri n’ayant pas pu lutter contre la faim et la chaleur. Son corps n’a pas encore été retrouvé. Le rescapé est sorti de l’hôpital le 08 mars après avoir reçu les soins nécessaires.,Les pertes de vie humaine en mer à cause de l’utilisation des pirogues pour la pêche sont élevées. En effet les pirogues ne sont pas dotées d’équipement de communication en cas de détresse résultant souvent en retard sur le lancement des opérations de recherche et sauvetage.  De plus les pêcheurs ont tendance à négliger le port de gilets de sauvetage réduisant ainsi l’espérance de vie de ces derniers en cas de naufrage ou de chavirement. En conséquence le remplacement des flottes de pirogues de pêche doit être envisagé. En attendant d’une part il est recommandé que les départs pour la pêche des pêcheurs doivent être signalés par les pêcheurs à leur association laquelle est chargée de signaler au MRCC les éventuels problèmes. D’autre part le non port des gilets de sauvetage par les pêcheurs doit être sanctionné par les autorités de la même manière que le non port des casques pour les motards. ,2022-07-03
04/07/2022,04/07/2022,Incident maritime,,,,,,,,,,,,Aucun incident maritime,,
05/07/2022,,Incident maritime,07 mai 2022:Panne technique du navire de pêche FANANTARA:Pav Madagascar,,,TOAMASINA,EST,ACC_PANNE,49.425413,-18.155559,,,,Le 07 mai 2022 vers 18 heures le bateau de pêche FANANTARA pavillon malagasy appartenant à la société REFRIGEPECHE est entré au quai du port de Toamasina à cause du problème technique qu’il a eu en mer. Il a dû débarquer ses captures dont 6Tonnes 851 de crevettes et 13Tonnes 710 de poissons. Le 09 mai 2022 vers 17 h 30 ce navire repart en pêche dans la zone D 1 de la Zone de pêche malagasy.,Ils s’agissent de l’échouement d’un caboteur à Vohémar et des problèmes techniques sur un navire de pêche à Toamasina et navire à passager à Mahajanga. En ce qui concerne le caboteur M/S SHISSIWANI II lequel relie les districts de la côte Est de Madagascar son échouement était dû à une panne technique de son moteur à l’entrée du chenal d’accès au port de Vohémar. Les membres de l’équipage sont sains et saufs et aucune pollution marine par les hydrocarbures liée à cet échouement n’a été constatée. Pour le cas du navire de pêche FANANTARA le problème vient également de son moteur. Les prises ont dû être débarqués afin d’éviter la rupture de la chaîne du froid. Le retour de l’alizé sur la côte Est de Madagascar génère des fortes houles qui mettent les navires à rude épreuve et augmente la fréquence des pannes techniques. Ainsi le renforcement des visites de partance est recommandé afin d’éviter les pertes humaines et matériels pour les navires qui naviguent surtout sur cette partie de notre île. Quant au cas du navire à passager BOUROIKOU suite à la décision du conseil des Ministres en date du 14 mars 2020 qui a suspendu toutes escales des navires à passagers à Madagascar et à la note de service sortie par l’APMF du 09 mai 2022 n°0379-APMF/DG/33 qui donne l’autorisation d’escale aux navires croisières et aux navires de plaisance de luxe (Yacht) mais pas aux ferrys son accès aux ports Malagasy lui a été refusé par les autorités portuaires. Actuellement ce navire est au mouillage dans la rade du port de Mahajanga pour effectuer les réparations (vitre cassé entrée d’eau dans le navire système radar en panne). L’APMF suit de près les réparations du navire qui pourraient finir le 17 mai 2022. A la fin de cette réparation le navire est prévu être refoulé vers les Comores. Il est à noter que ce navire a été déjà refoulé et escorté par la Marine Nationale de Nosy Be le 17 septembre 2021 jusqu’à sa sortie de la mer territoriale. Le CFIM invite ainsi les autorités locales à renforcer leur vigilance face au comportement suspect de ce navire.,2022-07-05
06/07/2022,06/07/2022,Incident maritime,,,,,,,,,,,,Aucun incident maritime,,
07/07/2022,,Incident maritime,6 Juillet:Début d'incendie maitrisé,,port,MAHAJANGA,BOENY,ACC_INCENDIE,46.309929,-15.726833,,,,Le 06 juillet 2022 vers 16H54MnC une flamme avec une fumée blanche a été aperçue provenant d’un conteneur vide qui a servi à barricader le portail d’un des magasins se trouvant dans l’enceinte du port de Mahajanga. Dans ce conteneur étaient empilés des cartons vides empruntés par les dockers pour se reposer après le travail. Les sapeurs pompiers sont arrivés à temps pour maitriser le feu en 15 minutes sans aucun dégât matériel important. La Gendarmerie Nationale est en charge de l’enquête.,,2022-07-07
08/07/2022,08/07/2022,Incident maritime,,,,,,,,,,,,Aucun incident maritime,,
09/07/2022,09/07/2022,Incident maritime,,,,,,,,,,,,Aucun incident maritime,,
10/07/2022,10/07/2022,Incident maritime,,,,,,,,,,,,Aucun incident maritime,,
11/07/2022,11/07/2022,Incident maritime,,,,,,,,,,,,Aucun incident maritime,,
12/07/2022,12/07/2022,Incident maritime,,,,,,,,,,,,Aucun incident maritime,,
13/07/2022,,Incident maritime,13 Juillet:Chavirement d'une pirogue à moteur:34 à bord dont 4 morts,,34 à bord,TOLIARA II,ATSIMO ANDREFANA,ACC_CHAVIREMENT,43.740956,-23.428784,,,,Le 13 juillet 2022 entre Ankilibe et Sarodrano district Toliara II une pirogue en bois à moteur a chaviré vers 03h du matin à cause du détachement du balancier de sa coque. Trente quatre (34) personnes étaient à bord de cette pirogue en partance de Toliara le jour même vers 02h du matin. Trente (30) sont rescapées trois (03) personnes retrouvées sans vie et un (01) passager demeure introuvable. L’Agence Portuaire Maritime et Fluviale (APMF) de Toliara et la Gendarmerie Nationale poursuivent la recherche de la dernière victime.,Il s’agit d’une pirogue à moteur qui a chaviré dans les eaux de Toliara à cause de la perte de l’un de ses balanciers. Trois personnes y ont perdu leur vie. Aucun avis de vigilance vent fort ou forte houle n’est associé à ce drame. Ce type d’embarcation est très utilisés pour le transport de passagers afin de relier les villages voisins séparés par une fleuve ou la mer. Néanmoins les opérateurs ont tendances à négliger les règles de sécurité notamment le port du gilet de sauvetage pour tous les occupants. De plus le nombre de passagers à bord dépasse souvent celui autorisé. Ces négligences résultent régulièrement en perte de vie humaine. ,2022-07-13
14/07/2022,14/07/2022,Incident maritime,,,,,,,,,,,,Aucun incident maritime,,
15/07/2022,15/07/2022,Incident maritime,,,,,,,,,,,,Aucun incident maritime,,
16/07/2022,,Incident maritime,16 Juillet:Dérive du caboteur malagasy SHANNY,,9 à bord,MAYOTTE,,ACC_DERIVE,45.057177,-13.064937,,,,Le 16 juillet 2022 à 11h30mn heures locales le caboteur de pavillon malagasy « SHANNY » immatriculation 04006 MJ avec 09 équipages à bord s’était trouvé en difficulté à l’intérieur d’un lagon au large de Ngouja à environ 63 nautiques au Sud de Mayotte ; à la position 13°03.90'S et 045°03.43'E / 195° au Sud de Mayotte. Le 14 juillet 2022 vers 17H45MnC le navire a quitté le port de Mahajanga à destination d’Anjouan aux Comores mais en raison de la forte houle de 4m le navire a dérivé vers la barrière récifale de Mayotte. Suite au lancement d’alerte effectué par le Capitaine dudit navire et les divers échanges d’informations entrepris par les différentes entités concernées le SNS 976 TAMANI de la station de Dzaoudzi qui était en exercice dans le Sud de Mayotte est venu l’assister afin de le sortir de cette zone dangereuse. Tous les membres l’équipage sont sains et saufs. Le navire SHANNY a pu repartir vers sa destination le soir.,,2022-07-16
17/07/2022,,Incident maritime,17 Juillet:Echouage du voilier mauricien DJINN 7,,Ilot sables,NOSY BORAHA,ANALANJIROFO,ACC_ECHOUAGE,49.833408,-17.11503,,,,"Le 17 juillet 2022 vers 13H00MnC le voilier monocoque dénommé ""DJINN 7"" pavillon mauricien immatriculé PPC61030L06 a été trouvé par deux pêcheurs du Fokontany de Vohilava échoué et abandonné sur l’îlot aux sables au Sud-Est de Nosy Boraha. Ce voilier a été déclaré volé par son propriétaire qui réside à Roche Brunes Île Maurice le 03 juillet 2022. Les pêcheurs l’ont tiré jusqu’à la plage près de leur fokontany qui se trouve dans la partie sud-ouest de l’île. Les autorités locales composées de la Direction de l’APMF du Commandant de détachement de la Marine du Commandant de Brigade de la GN se sont rendues sur le lieu pour procéder au constat. Aucune personne ne se trouvait à bord et la cabine était fermée. A l’intérieur se trouvaient des gilets de sauvetage une boîte à pharmacie des coussins et quelques ustensiles de cuisine mais aucune trace de vie récente. De plus le voilier était démâté et de l’eau de mer était entré à l’intérieur de la cabine.",Le premier incident concerne la découverte par des pêcheurs à Nosy Boraha d’un voilier perdu à l’île Maurice le 03 Juillet. Ce voilier se serait probablement détaché de son amarrage/ancrage et aurait dérivé vers le Nord-Ouest jusqu’à Nosy Boraha car durant la période du 03 au 17 Juillet 2022 le vent à l’Est de Madagascar était de Sud Est à Est atteignant localement plus de 30 noeuds. La distance qui sépare l’île Maurice du lieu d’échouement est de 468 miles nautiques correspondant à une vitesse moyenne de dérive de l’ordre de 1.3 noeuds. De plus le voilier était encore fermé lors de la descente des autorités locales et aucune trace d’occupation humaine récente n’a été constatée. Le deuxième incident porte sur un caboteur malagasy en difficulté au sud de Mayotte le 16 juillet 2022 à cause du mauvais temps après avoir quitté le port de Mahajanga le 14 juillet 2022. Après l’assistance à temps des entités maritimes de Mayotte le navire a pu repartir vers sa destination. Le troisième cas est relatif au naufrage d’une pirogue du fait du mauvais temps. Un des occupants a été emporté par la mer mais a été sauvé à temps. Enfin le quatrième incident informe sur la disparition d’une pirogue de pavillon malagasy avec 11 pêcheurs à bord au large de Maintirano. Un mois après leur départ ils ne sont pas encore revenus auprès de leurs familles respectives. Les membres de leurs familles ont sonné l’alerte auprès de l’APMF et l’alerte a été relayé par le CFIM vers le CRFIM et les pays de l’Afrique de l’Est. L’inexistence de moyen de signalement de détresse et de communication à bord de ces embarcations de pêche rend la recherche et le sauvetage très difficile car la zone du canal de Mozambique est très vaste.,2022-07-17
18/07/2022,,Incident maritime,18 Juillet:Naufrage d'une pirogue,,2 à bord,SOANIERANA IVONGO,ANALANJIROFO,ACC_NAUFRAGE,49.600721,-16.904546,,,,Le lundi 18 juillet 2022 vers 05h45 du matin deux pêcheurs à bord de leur pirogue respective ont quitté le fokontany Ambinany Soanierana Ivongo malgré l’avis de mauvais temps annoncé par les autorités locales. Vers 11h à leur retour pour rejoindre les côtes l’une des pirogues a chaviré en raison du vent fort d’importantes vagues ont emporté un des occupants de l’embarcation. Les autres pêcheurs se sont mis à sa recherche de ce dernier qui a été finalement trouvé en vie à 3km au large. Aucune perte en vie humaine ni dégât matériel n'est à déplorer lors de cet incident.,,2022-07-18
19/07/2022,19/07/2022,Incident maritime,,,,,,,,,,,,Aucun incident maritime,,
20/07/2022,20/07/2022,Incident maritime,,,,,,,,,,,,Aucun incident maritime,,
21/07/2022,21/07/2022,Incident maritime,,,,,,,,,,,,Aucun incident maritime,,
22/07/2022,,Incident maritime,22 Juillet:Disparition de la pirogue en bois EXOTIC:11 personnes disparues,,11 à bord,MAINTIRANO,MELAKY,ACC_DISPARITION,43.694368,-17.385735,,,,Des informations transmises au CFIM par l’APMF et après recoupements auprès de la famille des victimes ce 22 juillet 2022 une pirogue en bois baptisée EXOTIC de couleur bleue avec bandes rouge et blanc munie de voile blanche avec 11 pêcheurs à bord a quitté Mahajanga le 22 juin 2022 pour aller pêcher aux alentours de Besalampy et Maintirano. Dans leurs habitudes ces pêcheurs reviennent après 15 à 20 jours de pêche en mer mais cette fois ci ils n’étaient pas rentrés. La famille des pêcheurs a alors alerté l’APMF régional de Mahajanga le 18 juillet 2022 pour les aider dans les recherches. Le CFIM a déjà diffusé l’information aux institutions concernées locales et dans la région de l’Afrique orientale.,,2022-07-22
23/07/2022,23/07/2022,Incident maritime,,,,,,,,,,,,Aucun incident maritime,,
24/07/2022,24/07/2022,Incident maritime,,,,,,,,,,,,Aucun incident maritime,,
25/07/2022,25/07/2022,Incident maritime,,,,,,,,,,,,Aucun incident maritime,,
26/07/2022,,Incident maritime,22 Juillet:Naufrage d’une pirogue motorisée ,,,SOANIERANA IVONGO,ANALANJIROFO,ACC_NAUFRAGE,49.591928,-16.917803,,,,Le 22 juillet 2022 une pirogue en bois avec moteur a quitté le quartier d’Antsiraka dans le district de Soanierana Ivongo pour rallier Lokintsy Île Boraha. Lors de son départ à 15 mètres de la plage cette embarcation a coulé et à cet effet les personnes à bord ont pu nager pour rejoindre le lieu de départ. Elles étaient saines et sauves. Cette embarcation a été récupérée et a déjà été remise à son propriétaire. Le Détachement de la Marine Nationale de Sainte-Marie responsable dans cette zone maritime a renforcé ses contrôles en mer.,La cause exacte de l’incident pour le premier cas n’était pas bien précisée mais la version du responsable de sécurité de la navigation a indiqué une mauvaise manœuvre lors de son départ. Et pour le second cas la condition météorologique dans cette zone au moment de l’accident a été bonne et la hauteur des vagues a été favorable pour la navigation. L’origine de l’incident pourrait provenir d’une erreur de navigation.  Les navires utilisés pour le transport de personnes et le cabotage devraient être équipés au minimum des matériels de navigation (Cartes GPS Radar) et de communication afin d’éviter les pertes matérielles et en vie humaine en mer.,2022-07-26
27/07/2022,,Incident maritime,27 Juillet:Naufrage d’un boutre,,,BESALAMPY,MELAKY,ACC_NAUFRAGE,44.408064,-16.729087,,,,Le 27 juillet 2022 vers 17heures un boutre baptisé BONNE FAMILLE a été victime de naufrage. Ce boutre avait à bord 6 membres d’équipage et a été chargé de 80 balles de raphia pesant 4 tonnes 100 sacs de maïs pesant 5 tonnes et 100 cageots vides. L'accident s'est produit au large du quartier Afolaha fokontany Makadany CR Ankasakasa district de Besalampy. Il a quitté le port de Besalampy le 24 juillet 2022 pour rallier le port de Mahajanga. La coque de cette embarcation s’est brisée partiellement après avoir percuté un banc de sable et l’irruption de l’eau dans ce boutre est la cause principale de ce naufrage. Toutefois l’équipage a pu le déplacer jusqu’à la rive. Aucune perte de vie n'a été observée mais le préjudice est considérable pour le propriétaire car presque la totalité des cargaisons a été engloutie par la mer.,,2022-07-27
28/07/2022,28/07/2022,Incident maritime,,,,,,,,,,,,Aucun incident maritime,,
29/07/2022,29/07/2022,Incident maritime,,,,,,,,,,,,Aucun incident maritime,,
30/07/2022,,Incident maritime,29 Juillet:Naufrage du caboteur BRASANIA,,6 à bord_1mort,nosy Boraha,ANALANJIROFO,ACC_NAUFRAGE,49.809437,-17.089293,,,,Le 29 juillet 2022 vers 21h30 une embarcation en bois appelée « kapakapa » baptisée BRASANIA chargée de planches en bois avec six personnes à bord dont quatre équipages et deux passagers a fait naufrage dans la partie du fokontany de Vohilava district de Nosy Boraha. Ce navire a quitté le fokontany de Sahabevava district de Soanierana Ivongo pour rallier Nosy Boraha. Après avoir été avisées les autorités locales se sont rendues sur les lieux pour constat. L’équipe de l’APMF a effectué l’opération SAR avec le Détachement Marine de Sainte Marie. Cinq personnes sont rescapées tandis qu’une personne a disparue. Selon les rescapés le navire a heurté un récif et par la suite il a coulé dans cet endroit.,,2022-07-30
31/07/2022,31/07/2022,Incident maritime,,,,,,,,,,,,Aucun incident maritime,,
01/08/2022,01/08/2022,Incident maritime,,,,,,,,,,,,Aucun incident maritime,,
02/08/2022,02/08/2022,Incident maritime,,,,,,,,,,,,Aucun incident maritime,,
03/08/2022,03/08/2022,Incident maritime,,,,,,,,,,,,Aucun incident maritime,,
04/08/2022,,Incident maritime,08 Avril 2022:Déversement carburant:Fuite souterraine,,,ANTSIRANANA ,,POLMAR,49.283702,-12.279167,,,,Le 08 avril 2022 au port d’Antsiranana un tuyau de transfert souterrain a fuité en laissant propager du carburant à la surface. Le déversement a été estimé à moins de 50m3. Grâce à l’intervention des éléments de la Marine Nationale BANA (Base Navale d’Antsiranana) l’OLEP (Organe de Lutte contre l'Evénement de Pollution marine) l’APMF (Agence Portuaire Maritime et Fluvial) ainsi que la société LPSA (Logistique Pétrolière S.A.) l'incident a pu être maîtrisé. La mer a été par la suite nettoyée.,Cet incident s’est produit suite à la défaillance des tuyaux de transmission des carburants. A titre de suggestion l’entretien périodique de tous les matériaux est souhaitable. Concernant la deuxième information collectée une noyade mortelle survenue sur la plage de Toamasina a été recensée cette semaine. A première vue avec la présence de la fracture crânienne cette circonstance reflète une mort suspecte. Vu la série de découvertes des cadavres sur une plage de plusieurs côtes de Madagascar le renforcement de la vigilance de la part des autorités locales n’est pas à écarter,2022-08-04
05/08/2022,,Incident maritime,08 mai 2022:Panne technique du navire passager BOUROIKOU N°20 002 71:Pav Comores,,,NOSY BE,NORD,ACC_PANNE,48.260461,-13.334513,,,,Le 08 mai 2022 vers 10 heures le navire passager BOUROIKOU N° 20 002 71 avec six (06) membres d’équipage de pavillon Comorien était à la dérive au large de Nosy Be. En partance de Mutsamudu (Comores) le 06 mai 2022 à destination de Mahajanga ledit navire a subi une panne mécanique suite au mauvais temps et a dérivé vers Nosy Be. L’APMF l’a arraisonné et avec la décision unanime avec la Douane la Police Nationale et la Gendarmerie Nationale ce navire a été refoulé et escorté par la Marine Nationale jusqu’à sa sortie de la zone maritime de Nosy Be le 09 mai 2022. Le navire s’est dirigé vers Mahajanga et était arrivé au large du port le 11 mai 2022 à 23 heures mais les autorités portuaires et maritimes locales ont également refusé son entrée au Port. Une équipe médicale est montée à bord pour procéder à une analyse PCR du Covid-19 aux 6 membres de l’équipage. Le 13 mai 2022 un problème technique sur le navire a été rapporté par l’équipage. Le consignataire a négocié avec les Autorités portuaires que le navire puisse y effectuer les réparations avant de repartir. Le 27 mai 2022 à Mahajanga le navire passager est entré en carénage. ,,2022-08-05
05/08/2022,,Incident maritime,08 mai 2022:Echouage du navire M/S SHISSIWANI II:Pav Madagascar,,,VOHEMAR,NORD,ACC_PANNE,50.006686,-13.361875,,,,Le 08 mai 2022 vers 23 heures le navire cargo malagasy M/S SHISSIWANI –II avec 10 membres d’équipage IM DS 20 021 a échoué sur un récif corallien à Ambavalapasy au large du port de Vohémar. Ce navire a quitté le port de Vohémar le 08 avril 2022 vers 0800C pour rejoindre le port de Toamasina mais faute de panne technique du moteur le navire était en dérive jusqu’à Nosy Ankao où il a pu faire un mouillage. Suite à une longue durée de dépannage à cet endroit le 08 mai 2022 le navire a quitté le lieu de mouillage à destination du port de Vohémar pour y effectuer un entretien normal mais a subi une nouvelle panne technique entrainant l’échouage sur le récif. Le 12 mai 2022 une équipe de plongeur professionnelle va descendre sur place pour diagnostiquer la situation et de définir la nouvelle technique à adopter pour déséchouer ce navire.,,2022-08-05
06/08/2022,,Incident maritime,05 juin:Le cargo indien NAVDHENU SUN à la dérive,,,SUD MADAGASCAR ,,ACC,44.806079,-26.933163,,,,En provenance du port de Kakinada Inde le 23 Mai 2022 vers 10h UTC le navire cargo NAVDHENU SUN MMSI 419095900 pavillon Inde est entré dans la ZEE de Madagascar le 04 juin 2022 vers 09:42:42 UTC. Ce navire est à la dérive maitrisée depuis le 05 juin 2022 vers 19:35:40C au large à environ 48 nautiques (8890 km) au sud du port d’Ehoala à Taolagnaro à cause du problème mécanique du moteur. Réparé le 07 juin 2022 vers 23H24C ledit navire a repris son cap vers le port Durban en Afrique du Sud. Le 08 juin 2022 vers 12H46MnC le navire cargo s’est trouvé en transit au Sud de Madagascar à 69 nautiques (12778 km) au Sud-Est du cap Sainte Marie avec une vitesse de 45 nœuds.,,2022-08-06
06/08/2022,,Incident maritime,05 juin:Une embarcation de pêcheurs à la dérive,,village d’Antsanitia,MAHAJANGA,,SAR,46.418809,-15.564907,,,,Le 05 juin 2022 matin 15 pêcheurs du village d’Antsanitia CR Belobaka district de Mahajanga II étaient partis à bord d’une embarcation traditionnelle en bois équipée de moteur hors-bord pour pêcher en mer. Le même jour vers 17h du soir le moteur de l’embarcation a été tombé en panne à environ 22 nautiques (40 km) au large dudit village. A cet effet l’un des pêcheurs a communiqué par téléphone à sa femme les coordonnées GPS de leur position pour trouver des solutions pour leurs secourir en mer. Alerté par la dame l’équipe SAR de l’APMF Mahajanga a pris la vedette d’un particulier ayant une puissance de 300 chevaux x 2 permettant d’embarquer plusieurs individus. Arrivés sur le lieu d’incident vers 22h30 ils sont embarqués à bord de la vedette et ramenés vers Antsanitia tandis que leur embarcation a été abandonnée en mer à cause du mauvais temps (vagues plus de 2.5 m vent plus de 25 nœuds).,. Il s’agit de la panne technique du moteur d’une embarcation de pêche traditionnelle en bois. Les 15 pêcheurs à bord sont sains et saufs à cause de la prise de responsabilité de l’équipe de l’APMF après la communication effectuée à temps par l’un de ces victimes à l’endroit de sa femme. Bien que les côtes de Mahajanga n’étaient pas concernées par les avis de vigilance forte houle de cette semaine les pêcheurs dans cette zone doivent rester vigilants car le vent dominant est de Sud-Est en période d’alizé et peut se renforcer par moment. Ce vent pourrait les entrainer loin de la côte Malagasy en direction de l’Afrique de l’Est en cas de perte de propulsion.,2022-08-06
07/08/2022,07/08/2022,Incident maritime,,,,,,,,,,,,Aucun incident maritime,,
08/08/2022,08/08/2022,Incident maritime,,,,,,,,,,,,Aucun incident maritime,,
09/08/2022,09/08/2022,Incident maritime,,,,,,,,,,,,Aucun incident maritime,,
10/08/2022,10/08/2022,Incident maritime,,,,,,,,,,,,Aucun incident maritime,,
11/08/2022,11/08/2022,Incident maritime,,,,,,,,,,,,Aucun incident maritime,,
12/08/2022,12/08/2022,Incident maritime,,,,,,,,,,,,Aucun incident maritime,,
13/08/2022,13/08/2022,Incident maritime,,,,,,,,,,,,Aucun incident maritime,,
14/08/2022,14/08/2022,Incident maritime,,,,,,,,,,,,Aucun incident maritime,,
15/08/2022,15/08/2022,Incident maritime,,,,,,,,,,,,Aucun incident maritime,,
16/08/2022,16/08/2022,Incident maritime,,,,,,,,,,,,Aucun incident maritime,,
17/08/2022,17/08/2022,Incident maritime,,,,,,,,,,,,Aucun incident maritime,,
18/08/2022,18/08/2022,Incident maritime,,,,,,,,,,,,Aucun incident maritime,,
19/08/2022,19/08/2022,Incident maritime,,,,,,,,,,,,Aucun incident maritime,,
20/08/2022,20/08/2022,Incident maritime,,,,,,,,,,,,Aucun incident maritime,,
21/08/2022,21/08/2022,Incident maritime,,,,,,,,,,,,Aucun incident maritime,,
22/08/2022,22/08/2022,Incident maritime,,,,,,,,,,,,Aucun incident maritime,,
23/08/2022,23/08/2022,Incident maritime,,,,,,,,,,,,Aucun incident maritime,,
24/08/2022,24/08/2022,Incident maritime,,,,,,,,,,,,Aucun incident maritime,,
25/08/2022,25/08/2022,Incident maritime,,,,,,,,,,,,Aucun incident maritime,,
26/08/2022,26/08/2022,Incident maritime,,,,,,,,,,,,Aucun incident maritime,,
27/08/2022,27/08/2022,Incident maritime,,,,,,,,,,,,Aucun incident maritime,,
28/08/2022,28/08/2022,Incident maritime,,,,,,,,,,,,Aucun incident maritime,,
29/08/2022,29/08/2022,Incident maritime,,,,,,,,,,,,Aucun incident maritime,,
30/08/2022,30/08/2022,Incident maritime,,,,,,,,,,,,Aucun incident maritime,,
31/08/2022,31/08/2022,Incident maritime,,,,,,,,,,,,Aucun incident maritime,,
01/09/2022,01/09/2022,Incident maritime,,,,,,,,,,,,Aucun incident maritime,,
02/09/2022,02/09/2022,Incident maritime,,,,,,,,,,,,Aucun incident maritime,,
03/09/2022,03/09/2022,Incident maritime,,,,,,,,,,,,Aucun incident maritime,,
04/09/2022,04/09/2022,Incident maritime,,,,,,,,,,,,Aucun incident maritime,,
05/09/2022,05/09/2022,Incident maritime,,,,,,,,,,,,Aucun incident maritime,,
06/09/2022,06/09/2022,Incident maritime,,,,,,,,,,,,Aucun incident maritime,,
07/09/2022,07/09/2022,Incident maritime,,,,,,,,,,,,Aucun incident maritime,,
08/09/2022,08/09/2022,Incident maritime,,,,,,,,,,,,Aucun incident maritime,,
09/09/2022,09/09/2022,Incident maritime,,,,,,,,,,,,Aucun incident maritime,,
10/09/2022,10/09/2022,Incident maritime,,,,,,,,,,,,Aucun incident maritime,,
11/09/2022,11/09/2022,Incident maritime,,,,,,,,,,,,Aucun incident maritime,,
12/09/2022,12/09/2022,Incident maritime,,,,,,,,,,,,Aucun incident maritime,,
13/09/2022,13/09/2022,Incident maritime,,,,,,,,,,,,Aucun incident maritime,,
14/09/2022,14/09/2022,Incident maritime,,,,,,,,,,,,Aucun incident maritime,,
15/09/2022,15/09/2022,Incident maritime,,,,,,,,,,,,Aucun incident maritime,,
16/09/2022,16/09/2022,Incident maritime,,,,,,,,,,,,Aucun incident maritime,,
17/09/2022,17/09/2022,Incident maritime,,,,,,,,,,,,Aucun incident maritime,,
18/09/2022,18/09/2022,Incident maritime,,,,,,,,,,,,Aucun incident maritime,,
19/09/2022,19/09/2022,Incident maritime,,,,,,,,,,,,Aucun incident maritime,,
20/09/2022,20/09/2022,Incident maritime,,,,,,,,,,,,Aucun incident maritime,,
21/09/2022,21/09/2022,Incident maritime,,,,,,,,,,,,Aucun incident maritime,,
22/09/2022,22/09/2022,Incident maritime,,,,,,,,,,,,Aucun incident maritime,,
23/09/2022,23/09/2022,Incident maritime,,,,,,,,,,,,Aucun incident maritime,,
24/09/2022,24/09/2022,Incident maritime,,,,,,,,,,,,Aucun incident maritime,,
25/09/2022,,Incident maritime,23 Sepembre:Sauvetage de passagers d'un boutre,,nosy Makamby,MAHAJANGA,,SAR,45.917225,-15.71477,,,,Le 23 Septembre 2022 l’APMF de Mahajanga a reçu une alerte de détresse émanant d’un boutre baptisé LAZAMAHASOA MIKARAMA II. Ayant reçu l’alerte l’APMF et l’équipe de la Sécurité Civile « Tanora Vonona Hampandroso ny Faritra Boeny (TVHFB) ont déployé deux vedettes pour récupérer les passagers. Le boutre a été ainsi trouvé au nord du Nosy Makamba au Sud-Ouest de Mahajanga. Tous les passagers ont été transbordés dans la vedette rapide. Le 24 septembre 2022 vers midi ils ont été ramenés à terre à Mahajanga sains et saufs.,Il s’agit d’une opération de sauvetage effectuée par l’APMF pour secourir les passagers d’un boutre en difficulté au large de Nosy Makamba/ Grâce à cette intervention à temps toutes les personnes à bord sont sains et saufs/ Malgré la fin de l’hiver austral les vents d’alizée continuent de persister sur nos côtes et génèrent régulièrement de la houle modérée à forte pouvant entrainé des difficultés pour les embarcations surtout en cas de surcharges de celles-ci/,2022-09-25
26/09/2022,26/09/2022,Incident maritime,,,,,,,,,,,,Aucun incident maritime,,
27/09/2022,27/09/2022,Incident maritime,,,,,,,,,,,,Aucun incident maritime,,
28/09/2022,28/09/2022,Incident maritime,,,,,,,,,,,,Aucun incident maritime,,
29/09/2022,29/09/2022,Incident maritime,,,,,,,,,,,,Aucun incident maritime,,
30/09/2022,,Incident maritime,30 septembre:Echouage du chaland FIHAVANANA ,,Ambalakininina,MAHANORO,,ACC_ECHOUAGE,48.800494,-19.907389,,,,Le vendredi 30 septembre 2022 vers 20h00 le navire transporteur de marchandises FIHAVANA-NA pavillon Malagasy chargé des sacs de micaLe vendredi 30 septembre 2022 vers 20h00 le chaland transporteur de marchandises FIHAVANANA pavillon Malagasy chargé des sacs de mica en provenance de Fort Dauphin s’est dérouté et a essayé de rallier la côte de Mahanoro à cause d’une insuffisance de gasoil. Au cours de cet accostage ce navire s’est échoué à cause de mauvaise manœuvre perpétrée par le commandant. Il n’a pas pu convenablement tenir l’ancre et le navire a été porté par le courant et les vagues vers le bord de la mer. L’équipe de l’APMF s’est rendu sur les lieux de l’incident entre Ambalakininina et Antarafina district Mahanoro pour effectuer un constat. Aucune perte de vie ni blessure n’a été observée. Toutefois la mer est rentrée à l’intérieur du navire. Les dix (10) équipages sont en cours de réparation car ils ont l’intention de reprendre leur voyage vers Toamasina. Aucune menace de marée noire n’a été rapportée jusqu’ici. Dans la matinée du 06 octobre 2022 un engin d’une entreprise de construction de route locale a essayé le déséchouage mais sans résultat à cause des fortes houles. en provenance de Fort Dauphin a été dérouté et a essayé de rallier la côte de Mahanoro. Au cours de cet accostage ce navire s’est échoué à cause de mauvaise manœuvre perpétrée par le commandant. Il n’a pas pu convenablement tenir l’ancre et le navire a été porté par le courant et les vagues vers le bord de la mer. Selon les autorités policières de cette ville ce navire était obligé de rallier la côte à cause de l’insuffisance de gas-oil. L’équipe de l’APMF s’est rendu sur les lieux de l’incident entre Ambalakininina et Antarafina district Mahanoro pour effectuer un constat. Aucune perte de vie ni blessure. Toutefois depuis le vendredi les eaux sont entrées à l’intérieur de ce navire. Les dix (10) équipages sont en cours de réparation car ils ont l’intention de reprendre leur voyage vers Toamasina.,Deux (02) cas d’incidents maritimes ont été enregistrés par le CFIM cette semaine. Le premier concerne l’échouage de navire FIHAVANANA au bord de la mer de Mahanoro tandis que le deuxième relate la noyade mortelle d’un jeune homme d’Antananarivo de 27 ans dans la mer de Morondava. Pour le premier cas l’incident a été causé par la fausse manœuvre du commandant à l’accostage lorsqu’il a tenté de rallier la côte de Mahanoro pour résoudre leur problème de carburant. Normalement ce problème a dû être évité depuis leur départ de Taolagnaro étant donné qu’aucune possibilité d’accostage au port n’existe actuellement sur la côte Est de Madagascar à cause de la fermeture de tous les ports. Et pour le deuxième cas les vacanciers doivent exercer une vigilance particulière lors des baignades en mer parce que la manque d’expérience en mer ainsi que l’ignorance de l’existence de certains « Fady » sur la côte peut causer un danger mortel. ,2022-09-30
01/10/2022,01/10/2022,Incident maritime,,,,,,,,,,,,Aucun incident maritime,,
02/10/2022,02/10/2022,Incident maritime,,,,,,,,,,,,Aucun incident maritime,,
03/10/2022,03/10/2022,Incident maritime,,,,,,,,,,,,Aucun incident maritime,,
04/10/2022,04/10/2022,Incident maritime,,,,,,,,,,,,Aucun incident maritime,,
05/10/2022,05/10/2022,Incident maritime,,,,,,,,,,,,Aucun incident maritime,,
06/10/2022,06/10/2022,Incident maritime,,,,,,,,,,,,Aucun incident maritime,,
07/10/2022,07/10/2022,Incident maritime,,,,,,,,,,,,Aucun incident maritime,,
08/10/2022,08/10/2022,Incident maritime,,,,,,,,,,,,Aucun incident maritime,,
09/10/2022,09/10/2022,Incident maritime,,,,,,,,,,,,Aucun incident maritime,,
10/10/2022,10/10/2022,Incident maritime,,,,,,,,,,,,Aucun incident maritime,,
11/10/2022,11/10/2022,Incident maritime,,,,,,,,,,,,Aucun incident maritime,,
12/10/2022,12/10/2022,Incident maritime,,,,,,,,,,,,Aucun incident maritime,,
13/10/2022,13/10/2022,Incident maritime,,,,,,,,,,,,Aucun incident maritime,,
14/10/2022,14/10/2022,Incident maritime,,,,,,,,,,,,Aucun incident maritime,,
15/10/2022,15/10/2022,Incident maritime,,,,,,,,,,,,Aucun incident maritime,,
16/10/2022,16/10/2022,Incident maritime,,,,,,,,,,,,Aucun incident maritime,,
17/10/2022,17/10/2022,Incident maritime,,,,,,,,,,,,Aucun incident maritime,,
18/10/2022,18/10/2022,Incident maritime,,,,,,,,,,,,Aucun incident maritime,,
19/10/2022,,Incident maritime,19 octobre:Homme mort à bord:vedette baptisée GCWG:matricule MJ21036,,Betamanga,MAHAJANGABetamanga,,ACC_CADAVRE,46.314843,-15.693995,,,,Le 19 octobre 2022 à l’aube le corps sans vie d’un jeune pêcheur a été trouvé par les riverains à bord de la vedette baptisée GCWG matricule MJ21036 dans le quartier de Betamanga fokontany Amborovy dans la CU Mahajanga. L’embarcation était au mouillage au moment du drame. Ils étaient deux (02) à bord. Le défunt travaillait comme pêcheur à bord de l’embarcation de pêches appartenant à un ressortissant chinois.  Une équipe de la Gendarmerie et le BMH de Mahajanga sont descendus sur le lieu pour constater l’accident. Une corde est attachée sur son coup. L’autopsie effectué par le médecin légiste de la BMH aurait avancé un acte de suicide commis vers 2h du matin.,La cause de cette perte de vie aurait été un suicide. Il s’agît d’un fait rare à Madagascar pour le cas de gens de mer.  D’après les informations recueillies ce suicide faisait suite à un problème social. Toutefois toute précaution sur la surveillance de comportement de l’équipage est nécessaire.,2022-10-19
20/10/2022,20/10/2022,Incident maritime,,,,,,,,,,,,Aucun incident maritime,,
21/10/2022,21/10/2022,Incident maritime,,,,,,,,,,,,Aucun incident maritime,,
22/10/2022,22/10/2022,Incident maritime,,,,,,,,,,,,Aucun incident maritime,,
23/10/2022,23/10/2022,Incident maritime,,,,,,,,,,,,Aucun incident maritime,,
24/10/2022,24/10/2022,Incident maritime,,,,,,,,,,,,Aucun incident maritime,,
25/10/2022,25/10/2022,Incident maritime,,,,,,,,,,,,Aucun incident maritime,,
26/10/2022,26/10/2022,Incident maritime,,,,,,,,,,,,Aucun incident maritime,,
27/10/2022,27/10/2022,Incident maritime,,,,,,,,,,,,Aucun incident maritime,,
28/10/2022,28/10/2022,Incident maritime,,,,,,,,,,,,Aucun incident maritime,,
29/10/2022,29/10/2022,Incident maritime,,,,,,,,,,,,Aucun incident maritime,,
30/10/2022,30/10/2022,Incident maritime,,,,,,,,,,,,Aucun incident maritime,,
31/10/2022,,Incident maritime,31 octobre:Naufrage d'une pirogue de pêcheurs:2 morts,,,TAOLAGNARO,,ACC_NAUFRAGE,46.999747,-25.046043,,,,Le 31 octobre 2022 entre 05h30 à 06h du matin une pirogue traditionnelle avec quatre (04) pêcheurs à bord a fait naufrage au large de Taolagnaro en raison d’une forte vague. Deux des pêcheurs ont pu nagé jusqu’à la plage de Monseigneur l’un a été trouvé mort tandis que la quatrième demeure introuvable. La DRPEB l’APMF locale le Détachement de la Marine Nationale Taolagnaro et la société minière QMM ont effectué les opérations SAR avec deux (02) vedettes déployées.,Il s’agit d’une noyade mortelle d’une fillette de 11 ans à Vohémar suite à un manque de vigilance des parents face à l’état agité de la mer notamment sur la partie nord. L’autre évènement se rapporte au naufrage d’une pirogue de pêcheurs de langouste renversée par une forte vague. La météo a annoncé un temps venteux dans le sud en raison de la présence d’un anticyclone. Ainsi est-il toujours conseillé aux utilisateurs de la mer de bien suivre les recommandations des autorités maritimes avant de sortir en mer. Ces deux cas d’incidents sont souvent causés par l’état de la mer allant de fort à agité pouvant atteindre 2 m de hauteur.,2022-10-31
01/11/2022,01/11/2022,Incident maritime,,,,,,,,,,,,Aucun incident maritime,,
02/11/2022,02/11/2022,Incident maritime,,,,,,,,,,,,Aucun incident maritime,,
03/11/2022,03/11/2022,Incident maritime,,,,,,,,,,,,Aucun incident maritime,,
04/11/2022,04/11/2022,Incident maritime,,,,,,,,,,,,Aucun incident maritime,,
05/11/2022,05/11/2022,Incident maritime,,,,,,,,,,,,Aucun incident maritime,,
06/11/2022,06/11/2022,Incident maritime,,,,,,,,,,,,Aucun incident maritime,,
07/11/2022,07/11/2022,Incident maritime,,,,,,,,,,,,Aucun incident maritime,,
08/11/2022,08/11/2022,Incident maritime,,,,,,,,,,,,Aucun incident maritime,,
09/11/2022,,Incident maritime,11 Septembre:Collision entre un boutre et une vedette:14 morts,,Ampondrabe,ANTSOHIHY,,ACC_COLLISION,47.7365,-14.617461,,,,Le 11 septembre 2022 dans la soirée dans le détroit d'Ampondrabe Antsohihy à 3km du port une vedette de transport de passagers MAZAVA II est entré en collision avec le boutre de marchandises l’EAU VIVE FENORANO. Le bilan de ce naufrage fait état de 14 passagers sans vie et une dizaine de personnes portées disparues. 5 personnes sont rescapées dont un enfant de 8 ans qui s’est accroché à un sac de charbon et une jeune étudiante de 22 ans. Grace à la présence de la nouvelle représentation de l’APMF à Analalava le boutre en fuite a pu être arrêté cinq heures après la collision. Selon le code pénal et le code maritime les quatre membres de l’équipage devraient être jugés pour « accident mortel » et « délit de fuite ». Quatre personnes parmi les six déférées  au Parquet ont été placées sous Mandat de Dépôt.,,2022-11-09
10/11/2022,,Incident maritime,11 octobre:Naufrage d’une pirogue de pêcheurs:1 mort,,,TAOLAGNARO,,ACC_NAUFRAGE,46.991415,-25.023604,,,,Le 11 octobre 2022 une pirogue traditionnelle avec trois (03) pêcheurs à bord a fait naufrage au large de Taolagnaro. Ces pêcheurs ont quitté la ville à 02h du matin pour pêcher en mer. Frappés par de grosses vagues ils ont perdu le contrôle de la pirogue et ont fini par tomber dans la mer. Deux d’entre eux ont pu s’en sortir en s’accrochant à la pirogue tandis que le troisième a été emporté par le courant marin. Arrivés sur la côte vers 08h du matin les deux rescapés ont alerté les autorités locales qui ont commencé la recherche en mer à 10h du matin. Deux vedettes rapides ont été mobilisées dont l’une appartient à la société minière QMM et l’autre à un pêcheur local. Ce 13 octobre à 12h il n’est pas encore retrouvé et la recherche se poursuit. ,Naufrage d’une pirogue dû aux fortes vagues. Aucun avis de vigilance lancé par le Service de la Météorologie dans cette zone. Toutefois de Taolagnaro au Cap Sainte Marie la vitesse du vent a atteint les 30 nœuds et la mer était agitée avec des houles de 24 à 29m de haut. Ce qui a constitué un risque pour les petites embarcations. A noter que les pêcheurs n’ont pas porter de kits de sécurité comme les gilets de sauvetage et les sifflets.,2022-11-10
11/11/2022,11/11/2022,Incident maritime,,,,,,,,,,,,Aucun incident maritime,,
12/11/2022,12/11/2022,Incident maritime,,,,,,,,,,,,Aucun incident maritime,,
13/11/2022,13/11/2022,Incident maritime,,,,,,,,,,,,Aucun incident maritime,,
14/11/2022,,Incident maritime,12 novembre:Echouage d’un navire de pêche abandonné: IMUL-A-0620-KLT:MMSI 417062034:Pav Sri Lanka  ,,Ambolobozo,ANALALAVA,,ACC_ECHOUAGE,47.697357,-14.436795,,,,"Le 12 novembre 2022 vers 4h 30 du matin les représentants de l’APMF la Gendarmerie Nationale la Police Nationale et le Maire conduits par Mr le Gouverneur se sont rendus à la plage d’Ambalahonko à environ 30 km au Nord d'Analalava dans la Commune Rurale d'Ambolobozo afin de procéder une constatation d’un navire de pêche avec un moteur de 6 cylindre marque YANNMAR presque neuf de 250 chevaux. Échoué sur la plage d’Ambalahonko il s’agit du navire en fibre de polyester mesurant environ 12 m de long sur 5 m de large ayant 3 m d'hauteur de couleur verte jaune rouge et blanche baptisé IMUL-A-0620-KLT MMSI 417062034. C’est l’embarcation abandonnée par les trois équipages de nationalité Sri lankaise le 27 octobre 2022 à la position 11° 39' 35"" S et 48° 4' 17"" E à environ 46 nautiques au Sud-Est de l’île Glorieuse à cause d’une panne de batterie depuis le 22 octobre 2022. A souligner que le 24 octobre 2022 vers 08h44MnC ce navire a été localisé à environ 6743 nautiques au Nord-Ouest du Cap d’Ambre. Ce bateau a été laissé sur la rive car il a été endommagé par les rochers en attendant sa réparation afin de le ramener à Analalava tandis que les matériaux retrouvés sur le bateau : (03) filets mesurant 1000 m environ et les 2 autres 200 m de chaque - 14 colis de palanques (pêche à la traînée) - 03 colis de bouées ainsi qu'une bouteille de gaz vide ont été confiés aux responsables du fokontany de cette localité. Une enquête a été ouverte et confiée à la Gendarmerie.",,2022-11-14
15/11/2022,15/11/2022,Incident maritime,,,,,,,,,,,,Aucun incident maritime,,
16/11/2022,,Incident maritime,15 novembre:Un boutre échoué à l’embouchure d’Ambohitsara   ,,Savana,VOHIPENO,,ACC_ECHOUAGE,47.918633,-22.413644,,,,Le 15 novembre 2022 vers 13h un boutre mesurant environ 10m de long sans nom sans immatriculation et sans pavillon a été trouvé par la population du fokontany d’Ambohitsara CR de Savana District de Vohipeno échoué à l’embouchure du fleuve de Matitanana. Aucun membre d’équipage ni document permettant de connaître son identité n'a été trouvé sur place. Informé sur l’incident le Chef de District de Vohipeno est descendu sur le lieu. Et selon le témoignage de la population de ce fokontany ce boutre a fait naufrage en mer la soirée du 14 novembre 2022 et un navire opérant de la pêche INN dans ses environs a mobilisé un autre boutre pour sauver son équipage. Elle a estimé ainsi que ce boutre appartient à ce navire de pêche. Il est laissé sur le lieu d’échouement sous la surveillance du Chef de fokontany locale et l’enquête poursuit.,,2022-11-16
17/11/2022,17/11/2022,Incident maritime,,,,,,,,,,,,Aucun incident maritime,,
18/11/2022,18/11/2022,Incident maritime,,,,,,,,,,,,Aucun incident maritime,,
19/11/2022,19/11/2022,Incident maritime,,,,,,,,,,,,Aucun incident maritime,,
20/11/2022,20/11/2022,Incident maritime,,,,,,,,,,,,Aucun incident maritime,,
21/11/2022,21/11/2022,Incident maritime,,,,,,,,,,,,Aucun incident maritime,,
22/11/2022,,Incident maritime,22 novmebre:Chavirement de la vedette TSAPAKA,,Rantabe,MAROANTSETRA,,ACC_CHAVIREMENT,49.650586,-15.700872,,,,Le 22 novembre 2022 à 10h du matin une coque baptisée TSAPAKA en provenance de Maroantsetra a rencontré une grosse vague en raison du mauvais temps au large de la Commune Rurale de Rantabe District de Maroantsetra. Cette vedette à destination de Mananara Avaratra avec à son bord 23 passagers s’est vue sa vitre brisée ayant conduit le capitaine à couper le moteur. Portée en dérive par les courants marins la coque a fini par se heurter sur un rocher. Six passagers membres du groupe artistique Wawa ont plongé dans l’eau pour essayer de se sauver et ont été emporté par les courants marins. Une coque en partance de Maroantsetra et un boutre de Mananara Avaratra ont été mobilisés pour procéder à la recherche assistés du paquebot P/S HANSEATIC SPIRIT de passage dans la baie d’Antongil qui a déployé sa vedette de sauvetage pour récupérer les victimes secourues saines et sauves.,,2022-11-22
23/11/2022,23/11/2022,Incident maritime,,,,,,,,,,,,Aucun incident maritime,,
24/11/2022,24/11/2022,Incident maritime,,,,,,,,,,,,Aucun incident maritime,,
25/11/2022,25/11/2022,Incident maritime,,,,,,,,,,,,Aucun incident maritime,,
26/11/2022,26/11/2022,Incident maritime,,,,,,,,,,,,Aucun incident maritime,,
27/11/2022,27/11/2022,Incident maritime,,,,,,,,,,,,Aucun incident maritime,,
28/11/2022,28/11/2022,Incident maritime,,,,,,,,,,,,Aucun incident maritime,,
29/11/2022,29/11/2022,Incident maritime,,,,,,,,,,,,Aucun incident maritime,,
30/11/2022,,Incident maritime,27 novembre:Noyade mortelle:deux (02) morts,,,TOAMASINA ,,ACC_NOYADE,49.418745,-18.142665,2 morts ,EST,,Le 27 novembre 2022 deux hommes âgés de 25 ans et 17 ans ont été emportés par les vagues lors d’une baignade dans la partie du pont de l’hôpital be et la plage du bord Canada. Le sauvetage a été déployé mais en vain. Les corps ont été tous récupérés et les défunts ont été remis à leurs familles respectives.,Il s’agit de la noyade de deux personnes dans la partie de la plage de Toamasina I. Il est connu que les vagues de cet endroit sont très fortes. L’insuffisance de la notification par affichage de la présence d’un danger dans cet endroit provoque des risques d’incident.   ,2022-11-30
01/12/2022,,Incident maritime,12 Janvier 2022:Disparition en mer:Baignade,FARAFANGANA,Farafangana,Farafangana,ATSIMO ATSINANANA,ACCIDENT_NOYADE,47.835306,-22.797606,,,,Le 12 janvier 2022 vers 16h les autorités de Farafangana ont été informées de la disparition d’un ressortissant indien après une baignade aux environs de Relax Beach à l'embouchure du fleuve de Manapatrana ; la gendarmerie et l’APMF ont aidé dans la recherche en mer et sur les plages sans découvrir aucun signe de la victime. Le lendemain à partir de 8 heures les riverains ont été sensibilisés et sollicités à fournir des informations qui pourraient aider dans la recherche. 08 plongeurs à bord de vedette rapide ont été déployés avec des gendarmes faisant les recherches le long de la berge jusqu’à la tombée d’une pluie torrentielle. Les recherches ont continué le 14 janvier mais toujours sans aucun résultat jusqu’à ce jour. Des rites ont même été effectués pour demander à la mer de rejeter la victime.,,2022-12-01
02/12/2022,02/12/2022,Incident maritime,,,,,,,,,,,,Aucun incident maritime,,
03/12/2022,03/12/2022,Incident maritime,,,,,,,,,,,,Aucun incident maritime,,
04/12/2022,04/12/2022,Incident maritime,,,,,,,,,,,,Aucun incident maritime,,
05/12/2022,05/12/2022,Incident maritime,,,,,,,,,,,,Aucun incident maritime,,
06/12/2022,06/12/2022,Incident maritime,,,,,,,,,,,,Aucun incident maritime,,
07/12/2022,07/12/2022,Incident maritime,,,,,,,,,,,,Aucun incident maritime,,
08/12/2022,08/12/2022,Incident maritime,,,,,,,,,,,,Aucun incident maritime,,
09/12/2022,09/12/2022,Incident maritime,,,,,,,,,,,,Aucun incident maritime,,
10/12/2022,10/12/2022,Incident maritime,,,,,,,,,,,,Aucun incident maritime,,
11/12/2022,11/12/2022,Incident maritime,,,,,,,,,,,,Aucun incident maritime,,
12/12/2022,12/12/2022,Incident maritime,,,,,,,,,,,,Aucun incident maritime,,
13/12/2022,13/12/2022,Incident maritime,,,,,,,,,,,,Aucun incident maritime,,
14/12/2022,14/12/2022,Incident maritime,,,,,,,,,,,,Aucun incident maritime,,
15/12/2022,15/12/2022,Incident maritime,,,,,,,,,,,,Aucun incident maritime,,
16/12/2022,16/12/2022,Incident maritime,,,,,,,,,,,,Aucun incident maritime,,
17/12/2022,17/12/2022,Incident maritime,,,,,,,,,,,,Aucun incident maritime,,
18/12/2022,18/12/2022,Incident maritime,,,,,,,,,,,,Aucun incident maritime,,
19/12/2022,19/12/2022,Incident maritime,,,,,,,,,,,,Aucun incident maritime,,
20/12/2022,20/12/2022,Incident maritime,,,,,,,,,,,,Aucun incident maritime,,
21/12/2022,21/12/2022,Incident maritime,,,,,,,,,,,,Aucun incident maritime,,
22/12/2022,,Incident maritime,20 décembre:Incendie à bord caboteur malagasy SIRENE,,,ANTALAHA,,ACC_INCENDIE,50.283898,-14.902816,,,,Le 20 décembre 2022 à 14h30m le navire « SIRENE » a pris feu au sud du port d’Antalaha lors d’un essai entrepris par ses 04 membres d’équipage suite à des travaux de réparations qu’ils ont effectués sur ce navire. La cause de l’incendie est une explosion de gaz à son intérieur. Le dommage matériel causé par cet incendie a été très lourd tandis qu’aucune perte de vie humaine n’a été déclarée.,Il s’agit de l’incendie à bord d’un navire de cabotage pendant un essai près du port d’Antalaha à cause de l’explosion d’une bouteille de gaz domestique. En 2021 ce navire a transporté du sel venant d’Antsiranana et en entrant au port d’Antalaha il a connu une voie d’eau laquelle a généré un préjudice sur tout le sel qu’il a transporté. La survenance d’un incendie à bord des navires de cabotage n’est pas un cas rare à Madagascar. Cela est souvent provoqué pendant l’entretien du navire à quai ou au mouillage ou à cause du mauvais arrimage des bouteilles de gaz ou du réchaud durant leur transit en mer. Ce qui fait que le professionnalisme n’est pas respecté. Dans cette optique le respect des règles de sécurité doit être exigé par l’autorité maritime avant d’autoriser les appareillages.,2022-12-22
23/12/2022,23/12/2022,Incident maritime,,,,,,,,,,,,Aucun incident maritime,,
24/12/2022,24/12/2022,Incident maritime,,,,,,,,,,,,Aucun incident maritime,,
25/12/2022,25/12/2022,Incident maritime,,,,,,,,,,,,Aucun incident maritime,,
26/12/2022,26/12/2022,Incident maritime,,,,,,,,,,,,Aucun incident maritime,,
27/12/2022,27/12/2022,Incident maritime,,,,,,,,,,,,Aucun incident maritime,,
28/12/2022,28/12/2022,Incident maritime,,,,,,,,,,,,Aucun incident maritime,,
29/12/2022,29/12/2022,Incident maritime,,,,,,,,,,,,Aucun incident maritime,,
30/12/2022,30/12/2022,Incident maritime,,,,,,,,,,,,Aucun incident maritime,,
31/12/2022,,Incident maritime,29 décembre:Chavirement d'une pirogue:Un pêcheur mort,,SAR,MAHANORO,,ACC_CHAVIREMENT,48.783666,-20.001311,1 MORT,,,Le 29 décembre 2022 un pêcheur de la Commune rurale de Betsizaraina région Antsinanana est parti en mer pour effectuer ses activités quotidiennes. Arrivé au niveau de l’embouchure de la rivière Mangoro vers l'océan Indien son embarcation a été prise au milieu d’immenses vagues et a chaviré. Des recherches ont été menées mais le pêcheur n’a pas encore été retrouvé.,,2022-12-31
